ID,filename,RG,family,e_cblp,e_cp,e_crlc,e_cparhdr,e_minalloc,e_maxalloc,e_ss,e_sp,e_csum,e_ip,e_cs,e_lfarlc,e_ovno,e_oemid,e_oeminfo,e_lfanew,Machine,NumberOfSections,PointerToSymbolTable,NumberOfSymbols,SizeOfOptionalHeader,Characteristics,Magic,MajorLinkerVersion,MinorLinkerVersion,SizeOfCode,SizeOfInitializedData,SizeOfUninitializedData,AddressOfEntryPoint,BaseOfCode,BaseOfData,ImageBase,SectionAlignment,FileAlignment,MajorOperatingSystemVersion,MinorOperatingSystemVersion,MajorImageVersion,MinorImageVersion,MajorSubsystemVersion,MinorSubsystemVersion,SizeOfImage,SizeOfHeaders,CheckSum,Subsystem,DllCharacteristics,SizeOfStackReserve,SizeOfStackCommit,SizeOfHeapReserve,SizeOfHeapCommit,EXPORT_VA,EXPORT_Size,IMPORT_VA,IMPORT_Size,RESOURCE_VA,RESOURCE_Size,EXCEPTION_VA,EXCEPTION_Size,SECURITY_VA,SECURITY_Size,BASERELOC_VA,BASERELOC_Size,DEBUG_VA,DEBUG_Size,COPYRIGHT_VA,COPYRIGHT_Size,TLS_VA,TLS_Size,LOAD_CONFIG_VA,LOAD_CONFIG_Size,BOUND_IMPORT_VA,BOUND_IMPORT_Size,IAT_VA,IAT_Size,DELAY_IMPORT_VA,DELAY_IMPORT_Size,COM_DESCRIPTOR_VA,COM_DESCRIPTOR_Size
10000,2XClient_12.0_build_2193.paf.exe,0,0,144,3,0,4,0,65535,0,184,0,0,0,64,0,0,0,208,332,6,0,0,224,258,267,10,0,28672,445952,16896,14819,4096,32768,4194304,4096,512,5,0,6,0,5,0,1351680,1024,5855990,2,34112,1048576,4096,1048576,4096,0,0,39780,180,1245184,102000,0,0,5834512,2952,499712,2488,0,0,0,0,0,0,0,0,0,0,32768,720,0,0,0,0
10001,7-ZipPortable_21.07.paf.exe,0,0,144,3,0,4,0,65535,0,184,0,0,0,64,0,0,0,216,332,5,0,0,224,271,267,6,0,26624,428544,16384,13888,4096,32768,4194304,4096,512,4,0,6,0,4,0,2007040,1024,2891344,2,34112,1048576,4096,1048576,4096,0,0,34052,160,1888256,116408,0,0,2872120,8608,0,0,0,0,0,0,0,0,0,0,0,0,32768,688,0,0,0,0
10002,ARP.EXE,0,0,144,3,0,4,0,65535,0,184,0,0,0,64,0,0,0,248,332,5,0,0,224,258,267,14,13,12288,9728,0,14512,4096,16384,4194304,4096,512,10,0,10,0,10,0,32768,1024,36658,3,49472,262144,8192,1048576,4096,0,0,20820,360,24576,2088,0,0,0,0,28672,832,4592,84,0,0,0,0,4104,164,0,0,20480,336,0,0,0,0
10003,AccountsControlHost.exe,0,0,144,3,0,4,0,65535,0,184,0,0,0,64,0,0,0,240,34404,6,0,0,240,34,523,14,13,453120,317440,0,434672,4096,0,5368709120,4096,512,6,0,0,0,6,0,786432,1024,814042,2,49504,1048576,4096,1048576,4096,724592,152,724744,460,778240,1056,757760,19668,768512,8720,782336,3340,596176,84,0,0,0,0,596272,264,0,0,458752,1768,0,0,0,0
10004,ActionUriServer.exe,0,0,144,3,0,4,0,65535,0,184,0,0,0,64,0,0,0,240,34404,6,0,0,240,34,523,14,13,57344,34304,0,55040,4096,0,5368709120,4096,512,10,0,10,0,10,0,102400,1024,119988,2,49504,524288,8192,1048576,4096,0,0,80144,580,94208,1056,90112,3216,0,0,98304,1096,72416,84,0,0,65704,40,65440,264,0,0,65744,1224,0,0,0,0
10005,AddSuggestedFoldersToLibraryDialog.exe,0,0,144,3,0,4,0,65535,0,184,0,0,0,64,0,0,0,232,34404,6,0,0,240,34,523,14,13,448512,299008,0,412560,4096,0,5368709120,4096,512,6,0,0,0,6,0,761856,1024,804060,2,49504,1048576,4096,1048576,4096,0,0,664208,480,745472,1152,716800,28236,745472,8712,749568,8832,542064,84,0,0,0,0,542160,264,0,0,454656,1928,0,0,0,0
10006,AdvancedRun.exe,0,0,144,3,0,4,0,65535,0,184,0,0,0,64,0,0,0,232,34404,5,0,0,240,35,523,8,0,79872,82944,0,82160,4096,0,5368709120,4096,512,4,0,0,0,5,2,200704,1024,223729,2,32768,1048576,4096,1048576,4096,0,0,100328,240,172032,26720,167936,3132,163840,8568,0,0,87936,28,0,0,0,0,0,0,0,0,86016,1808,0,0,0,0
10007,AgentService.exe,0,0,144,3,0,4,0,65535,0,184,0,0,0,64,0,0,0,232,34404,6,0,0,240,34,523,14,13,800768,386048,0,746000,4096,0,5368709120,4096,512,10,0,10,0,10,0,1204224,1024,1207875,2,49504,524288,8192,1048576,4096,0,0,1112312,240,1191936,1312,1159168,30768,0,0,1196032,4456,947008,84,0,0,821624,40,821360,264,0,0,821664,2120,0,0,0,0
10008,AkelPadPortable_4.9.8.paf.exe,0,0,144,3,0,4,0,65535,0,184,0,0,0,64,0,0,0,200,332,5,0,0,224,271,267,6,0,25088,141824,2048,13238,4096,32768,4194304,4096,512,4,0,6,0,4,0,471040,1024,2176290,2,34112,1048576,4096,1048576,4096,0,0,34052,160,352256,114928,0,0,2102968,13056,0,0,0,0,0,0,0,0,0,0,0,0,32768,692,0,0,0,0
10009,AllThreadsView.exe,0,0,144,3,0,4,0,65535,0,184,0,0,0,64,0,0,0,224,34404,5,0,0,240,35,523,8,0,61440,41984,0,64192,4096,0,5368709120,4096,512,4,0,0,0,5,2,118784,1024,175842,2,32768,1048576,4096,1048576,4096,0,0,76520,200,98304,20428,94208,2676,104448,11984,0,0,67392,28,0,0,0,0,0,0,0,0,65536,1760,0,0,0,0
10010,AltStreamDump.exe,0,0,144,3,0,4,0,65535,0,184,0,0,0,64,0,0,0,248,332,4,0,0,224,259,267,8,0,4096,4096,0,7254,4096,8192,4194304,4096,512,4,0,0,0,4,0,20480,1024,42973,3,0,1048576,4096,1048576,4096,0,0,9244,60,16384,756,0,0,0,0,0,0,8416,28,0,0,0,0,0,0,0,0,8192,200,0,0,0,0
10011,AlternateStreamView.exe,0,0,144,3,0,4,0,65535,0,184,0,0,0,64,0,0,0,216,34404,5,0,0,240,35,523,8,0,66560,33280,0,69504,4096,0,5368709120,4096,512,4,0,0,0,5,2,118784,1024,169767,2,32768,1048576,4096,1048576,4096,0,0,84944,220,106496,11956,102400,2988,100864,8704,0,0,75584,28,0,0,0,0,0,0,0,0,73728,1792,0,0,0,0
10012,AntRenamerPortable_2.12.0.paf.exe,0,0,144,3,0,4,0,65535,0,184,0,0,0,64,0,0,0,208,332,6,0,0,224,258,267,10,0,28672,445952,16896,14819,4096,32768,4194304,4096,512,5,0,6,0,5,0,2002944,1024,1428639,2,34112,1048576,4096,1048576,4096,0,0,39780,180,1884160,112192,0,0,1375032,7640,499712,2488,0,0,0,0,0,0,0,0,0,0,32768,720,0,0,0,0
10013,AnyDesk.exe,0,0,144,3,0,4,0,65535,0,184,0,0,0,64,0,0,0,208,332,6,0,0,224,290,267,10,0,10752,3793408,12399104,7401,4096,16384,4194304,4096,512,5,1,0,0,5,1,16220160,1024,3879390,2,33088,1048576,4096,1048576,4096,0,0,0,0,16195584,18512,0,0,3804160,15488,16216064,132,12419072,28,0,0,0,0,0,0,0,0,0,0,0,0,0,0
10014,AppAudioConfig.exe,0,0,144,3,0,4,0,65535,0,184,0,0,0,64,0,0,0,224,34404,5,0,0,240,35,523,8,0,75264,47104,0,77712,4096,0,5368709120,4096,512,4,0,0,0,5,2,139264,1024,140163,2,32768,1048576,4096,1048576,4096,0,0,94824,200,114688,22484,110592,3204,123392,8568,0,0,83968,28,0,0,0,0,0,0,0,0,81920,1944,0,0,0,0
10015,AppCompatibilityView.exe,0,0,144,3,0,4,0,65535,0,184,0,0,0,64,0,0,0,216,34404,5,0,0,240,35,523,8,0,72704,50688,0,75472,4096,0,5368709120,4096,512,4,0,0,0,5,2,139264,1024,145641,2,32768,1048576,4096,1048576,4096,0,0,89512,200,110592,28008,106496,3000,124416,8568,0,0,79728,28,0,0,0,0,0,0,0,0,77824,1824,0,0,0,0
10016,AppCrashView.exe,0,0,144,3,0,4,0,65535,0,184,0,0,0,64,0,0,0,232,332,3,0,0,224,259,267,8,0,32768,8192,61440,97648,65536,98304,4194304,4096,512,4,0,0,0,4,0,106496,4096,96537,2,0,1048576,4096,1048576,4096,0,0,103176,640,98304,4872,0,0,39424,11984,0,0,0,0,0,0,0,0,0,0,0,0,0,0,0,0,0,0
10017,AppHostRegistrationVerifier.exe,0,0,144,3,0,4,0,65535,0,184,0,0,0,64,0,0,0,248,34404,7,0,0,240,34,523,14,13,71680,44032,0,64704,4096,0,5368709120,4096,512,10,0,10,0,10,0,135168,1024,172460,2,49504,524288,8192,1048576,4096,0,0,105048,540,126976,1440,118784,4080,0,0,131072,844,92768,84,0,0,0,0,81984,264,0,0,82248,1440,104920,64,0,0
10018,AppLaunch.exe,0,0,144,3,0,4,0,65535,0,184,0,0,0,64,0,0,0,264,332,5,0,0,224,290,267,12,10,69120,12800,0,62128,4096,73728,4194304,4096,512,6,0,10,0,6,0,98304,1024,106051,2,49472,1048576,8192,1048576,4096,0,0,82388,140,86016,3876,0,0,82944,15952,90112,5044,33936,84,0,0,0,0,34024,64,0,0,81920,464,0,0,0,0
10019,AppNetworkCounter.exe,0,0,144,3,0,4,0,65535,0,184,0,0,0,64,0,0,0,216,34404,5,0,0,240,35,523,8,0,76288,46080,0,78928,4096,0,5368709120,4096,512,4,0,0,0,5,2,143360,1024,165102,2,32768,1048576,4096,1048576,4096,0,0,94160,180,118784,21628,114688,3360,123392,8568,0,0,83952,28,0,0,0,0,0,0,0,0,81920,1912,0,0,0,0
10020,AppReadWriteCounter.exe,0,0,144,3,0,4,0,65535,0,184,0,0,0,64,0,0,0,216,34404,5,0,0,240,35,523,8,0,77312,45568,0,79744,4096,0,5368709120,4096,512,4,0,0,0,5,2,139264,1024,180111,2,32768,1048576,4096,1048576,4096,0,0,94304,200,114688,21208,110592,3372,123904,8568,0,0,83984,28,0,0,0,0,0,0,0,0,81920,1944,0,0,0,0
10021,AppResolverUX.exe,0,0,144,3,0,4,0,65535,0,184,0,0,0,64,0,0,0,248,34404,7,0,0,240,34,523,14,13,345088,245248,0,319728,4096,0,5368709120,4096,512,6,0,0,0,6,0,610304,1024,627039,2,49504,1048576,4096,1048576,4096,0,0,519840,560,598016,1016,569344,22932,588288,8504,602112,7476,420864,84,0,0,421224,40,420960,264,0,0,352256,1840,519704,64,0,0
10022,AppVClient.exe,0,0,144,3,0,4,0,65535,0,184,0,0,0,64,0,0,0,256,34404,6,0,0,240,34,523,14,13,444928,379904,0,422416,4096,0,5368709120,4096,512,10,0,10,0,10,0,843776,1024,888642,3,49504,524288,8192,1048576,4096,0,0,738848,360,802816,25016,786432,15504,822784,8504,831488,8268,645152,84,0,0,480600,40,480336,264,0,0,480640,2552,0,0,0,0
10023,AppVDllSurrogate.exe,0,0,144,3,0,4,0,65535,0,184,0,0,0,64,0,0,0,240,34404,6,0,0,240,34,523,14,13,43520,130560,0,39696,4096,0,5368709120,4096,512,10,0,10,0,10,0,188416,1024,246702,3,49504,524288,8192,1048576,4096,0,0,160040,160,176128,1064,172032,2688,173568,8720,180224,6076,149232,84,0,0,73064,40,72800,264,0,0,73104,960,0,0,0,0
10024,AppVNice.exe,0,0,144,3,0,4,0,65535,0,184,0,0,0,64,0,0,0,240,34404,6,0,0,240,34,523,14,13,36864,128000,0,32928,4096,0,5368709120,4096,512,10,0,10,0,10,0,176128,1024,229980,3,49504,524288,8192,1048576,4096,0,0,149800,180,163840,1056,159744,2616,164352,8712,167936,6052,139456,84,0,0,64760,40,64496,264,0,0,64800,936,0,0,0,0
10025,AppVShNotify.exe,0,0,144,3,0,4,0,65535,0,184,0,0,0,64,0,0,0,240,34404,6,0,0,240,34,523,14,13,72192,151552,0,65760,4096,0,5368709120,4096,512,10,0,10,0,10,0,241664,1024,278290,2,49504,524288,8192,1048576,4096,0,0,202464,240,229376,1104,221184,4680,222720,8720,233472,6460,183888,84,0,0,103752,40,103488,264,0,0,103792,1600,0,0,0,0
10026,AppVStreamingUX.exe,0,0,144,3,0,4,0,65535,0,184,0,0,0,64,0,0,0,128,34404,2,0,0,240,34,523,48,0,212992,72192,0,0,8192,0,5368709120,8192,512,4,0,0,0,4,0,294912,512,340297,2,34144,4194304,16384,1048576,8192,0,0,0,0,221184,71752,0,0,285696,8720,0,0,220696,56,0,0,0,0,0,0,0,0,0,0,0,0,8192,72
10027,ApplicationFrameHost.exe,0,0,144,3,0,4,0,65535,0,184,0,0,0,64,0,0,0,248,34404,7,0,0,240,34,523,14,13,36352,28672,512,7296,4096,0,5368709120,4096,512,10,0,10,0,10,0,81920,1024,125973,2,49632,524288,8192,1048576,4096,0,0,59696,400,73728,2064,69632,2964,63488,9288,77824,552,53792,84,0,0,0,0,48096,264,0,0,48408,976,0,0,0,0
10028,ApplySettingsTemplateCatalog.exe,0,0,144,3,0,4,0,65535,0,184,0,0,0,64,0,0,0,224,34404,6,0,0,240,34,523,14,13,777216,350208,0,726672,4096,0,5368709120,4096,512,10,0,10,0,10,0,1142784,1024,1163652,2,49504,524288,8192,1048576,4096,0,0,1054184,180,1130496,1128,1097728,29928,0,0,1134592,4432,895776,84,0,0,797064,40,796800,264,0,0,797104,1904,0,0,0,0
10029,ApplyTrustOffline.exe,0,0,144,3,0,4,0,65535,0,184,0,0,0,64,0,0,0,248,34404,7,0,0,240,34,523,14,13,463360,576512,0,14160,4096,0,5368709120,4096,512,10,0,21315,20512,10,0,1060864,1024,1075708,3,49504,524288,8192,1048576,4096,0,0,1006864,1100,1052672,1096,1032192,14448,1036288,17912,1056768,1640,600320,84,0,0,0,0,476368,264,0,0,476632,3128,1006024,192,0,0
10030,ApproveChildRequest.exe,0,0,144,3,0,4,0,65535,0,184,0,0,0,64,0,0,0,240,34404,6,0,0,240,34,523,14,13,87040,153088,0,80736,4096,0,5368709120,4096,512,10,0,10,0,10,0,258048,1024,272253,2,49504,524288,8192,1048576,4096,0,0,127192,460,155648,95448,147456,5100,0,0,253952,892,104816,84,0,0,0,0,96592,264,0,0,96856,1416,0,0,0,0
10031,AquaSnapPortable_1.23.11.paf.exe,0,0,144,3,0,4,0,65535,0,184,0,0,0,64,0,0,0,216,332,5,0,0,224,271,267,6,0,26112,428544,16384,13784,4096,32768,4194304,4096,512,4,0,6,0,4,0,2105344,1024,0,2,34112,1048576,4096,1048576,4096,0,0,34052,160,1986560,118456,0,0,0,0,0,0,0,0,0,0,0,0,0,0,0,0,32768,688,0,0,0,0
10032,Ashampoo_AntiSpy.exe,0,0,144,3,0,4,0,65535,0,184,0,0,0,64,0,0,0,128,332,3,0,0,224,258,267,11,0,326144,88064,0,334030,8192,335872,4194304,8192,512,4,0,0,0,6,0,434176,512,436476,2,34144,1048576,4096,1048576,4096,0,0,333952,75,335872,87256,0,0,414720,7104,425984,12,333640,28,0,0,0,0,0,0,0,0,8192,8,0,0,8200,72
10033,AssignedAccessLockApp.exe,0,0,144,3,0,4,0,65535,0,184,0,0,0,64,0,0,0,240,34404,6,0,0,240,34,523,14,13,291840,216576,0,266256,4096,0,5368709120,4096,512,6,0,0,0,6,0,528384,1024,559196,2,49504,1048576,4096,1048576,4096,0,0,447456,560,516096,1080,491520,21168,506368,8720,520192,6124,359888,84,0,0,0,0,359984,264,0,0,299008,1824,0,0,0,0
10034,AtBroker.exe,0,0,144,3,0,4,0,65535,0,184,0,0,0,64,0,0,0,224,332,5,0,0,224,258,267,14,13,48128,12800,0,45728,4096,53248,4194304,4096,512,10,0,10,0,10,0,73728,1024,125785,2,49472,262144,8192,1048576,4096,0,0,57960,180,65536,1336,0,0,0,0,69632,2628,9232,84,0,0,0,0,4168,164,0,0,57344,612,0,0,0,0
10035,AuditShD.exe,0,0,144,3,0,4,0,65535,0,184,0,0,0,64,0,0,0,224,34404,6,0,0,240,34,523,14,13,14336,17408,0,15984,4096,0,5368709120,4096,512,10,0,10,0,10,0,49152,1024,39488,3,49504,524288,8192,1048576,4096,0,0,29176,140,40960,1888,36864,816,0,0,45056,84,27616,84,0,0,0,0,20592,264,0,0,20856,792,0,0,0,0
10036,AuthHost.exe,0,0,144,3,0,4,0,65535,0,184,0,0,0,64,0,0,0,232,34404,8,0,0,240,34,523,14,13,79872,49664,512,75696,4096,0,5368709120,4096,512,10,0,10,0,10,0,151552,1024,150966,2,49632,2097152,8192,1048576,4096,0,0,116208,620,135168,10632,126976,3468,128512,10112,147456,976,103808,84,0,0,0,0,93360,264,0,0,93624,1104,113720,608,0,0
10037,AutorunsPortable_14.09_English_online.paf.exe,0,0,144,3,0,4,0,65535,0,184,0,0,0,64,0,0,0,216,332,5,0,0,224,271,267,6,0,26624,428544,16384,13888,4096,32768,4194304,4096,512,4,0,6,0,4,0,2224128,1024,1012156,2,34112,1048576,4096,1048576,4096,0,0,34052,160,2117632,105680,0,0,981096,8608,0,0,0,0,0,0,0,0,0,0,0,0,32768,688,0,0,0,0
10038,AxInstUI.exe,0,0,144,3,0,4,0,65535,0,184,0,0,0,64,0,0,0,232,34404,6,0,0,240,34,523,14,13,3584,56832,0,6000,4096,0,5368709120,4096,512,10,0,10,0,10,0,77824,1024,119952,2,49504,524288,8192,1048576,4096,0,0,10028,300,20480,50048,16384,252,0,0,73728,32,9136,84,0,0,0,0,8208,264,0,0,8472,512,0,0,0,0
10039,BabelMapPortable_8.0.0.5_English.paf.exe,0,0,144,3,0,4,0,65535,0,184,0,0,0,64,0,0,0,216,332,5,0,0,224,271,267,6,0,25088,141824,2048,13238,4096,32768,4194304,4096,512,4,0,6,0,4,0,458752,1024,0,2,34112,1048576,4096,1048576,4096,0,0,33980,160,352256,104824,0,0,0,0,0,0,0,0,0,0,0,0,0,0,0,0,32768,696,0,0,0,0
10040,BackgroundTransferHost.exe,0,0,144,3,0,4,0,65535,0,184,0,0,0,64,0,0,0,240,332,5,0,0,224,258,267,14,13,8704,25600,0,10912,4096,16384,4194304,4096,512,10,0,10,0,10,0,53248,1024,75899,2,49472,262144,8192,1048576,4096,0,0,20720,260,24576,20816,0,0,0,0,49152,712,5472,84,0,0,0,0,4352,164,0,0,20480,236,0,0,0,0
10041,Baidu_WiFi_Hotspot.exe,0,0,144,3,0,4,0,65535,0,184,0,0,0,64,0,0,0,240,332,5,0,0,224,303,267,6,0,104448,35328,0,84180,4096,110592,4194304,4096,512,4,0,0,0,4,0,163840,1024,3266229,2,0,1048576,4096,1048576,4096,0,0,125356,100,159744,4050,0,0,3195568,8136,0,0,0,0,0,0,0,0,0,0,0,0,110592,512,0,0,0,0
10042,BatteryInfoView.exe,0,0,144,3,0,4,0,65535,0,184,0,0,0,64,0,0,0,240,332,4,0,0,224,259,267,8,0,46080,32768,0,48910,4096,53248,4194304,4096,512,4,0,0,0,4,0,94208,1024,145375,2,0,1048576,4096,1048576,4096,0,0,59884,220,73728,19568,0,0,0,0,0,0,54176,28,0,0,0,0,0,0,0,0,53248,896,0,0,0,0
10043,BdeHdCfg.exe,0,0,144,3,0,4,0,65535,0,184,0,0,0,64,0,0,0,240,34404,6,0,0,240,34,523,14,13,14336,118784,0,14704,4096,0,5368709120,4096,512,10,0,10,0,10,0,151552,1024,134199,3,49504,524288,8192,1048576,4096,0,0,24524,300,40960,106376,36864,828,0,0,147456,40,22480,84,0,0,0,0,20528,264,0,0,20792,1064,0,0,0,0
10044,BdeUISrv.exe,0,0,144,3,0,4,0,65535,0,184,0,0,0,64,0,0,0,248,34404,6,0,0,240,34,523,14,13,30720,24064,0,31360,4096,0,5368709120,4096,512,10,0,10,0,10,0,73728,1024,104761,2,49504,524288,8192,1048576,4096,0,0,46072,220,61440,5384,57344,1296,0,0,69632,384,43888,84,0,0,0,0,39120,264,0,0,39384,1280,0,0,0,0
10045,BioEnrollmentHost.exe,0,0,144,3,0,4,0,65535,0,184,0,0,0,64,0,0,0,248,34404,6,0,0,240,34,523,14,13,418304,276992,0,396656,4096,0,5368709120,4096,512,6,0,0,0,6,0,712704,1024,755247,2,49504,1048576,4096,1048576,4096,642464,152,642616,440,700416,1056,675840,23868,693248,8736,704512,4224,524784,84,0,0,0,0,524880,264,0,0,425984,1752,0,0,0,0
10046,BioIso.exe,0,0,144,3,0,4,0,65535,0,184,0,0,0,64,0,0,0,264,34404,11,0,0,240,34,523,14,13,592896,199168,0,500144,4096,0,5368709120,4096,512,10,0,10,0,10,0,815104,1024,840606,2,49504,524288,8192,1048576,4096,747520,84,747604,620,806912,1008,761856,18936,788480,15968,811008,2824,656800,84,0,0,617368,40,617104,264,0,0,617408,1408,746532,64,0,0
10047,BitLockerDeviceEncryption.exe,0,0,144,3,0,4,0,65535,0,184,0,0,0,64,0,0,0,240,34404,7,0,0,240,34,523,14,13,99328,42496,0,98960,4096,0,5368709120,4096,512,10,0,10,0,10,0,159744,1024,155050,2,49504,524288,8192,1048576,4096,0,0,134208,400,151552,2104,143360,2172,0,0,155648,740,128576,84,0,0,0,0,109952,264,0,0,110216,1304,133908,64,0,0
10048,BitLockerToGo.exe,0,0,144,3,0,4,0,65535,0,184,0,0,0,64,0,0,0,224,332,5,0,0,224,258,267,14,13,118272,105984,0,116736,4096,122880,4194304,4096,512,10,0,10,0,6,0,237568,1024,269012,2,49472,262144,8192,1048576,4096,0,0,127976,260,135168,90752,0,0,223744,8504,229376,5660,21872,84,0,0,0,0,11512,64,0,0,126976,996,0,0,0,0
10049,BitLockerWizard.exe,0,0,144,3,0,4,0,65535,0,184,0,0,0,64,0,0,0,224,34404,6,0,0,240,34,523,14,13,4096,98304,0,5600,4096,0,5368709120,4096,512,10,0,10,0,10,0,122880,1024,130039,2,49504,524288,8192,1048576,4096,0,0,11340,120,24576,90944,20480,240,0,0,118784,32,10496,84,0,0,0,0,8208,264,0,0,8472,392,0,0,0,0
10050,BitLockerWizardElev.exe,0,0,144,3,0,4,0,65535,0,184,0,0,0,64,0,0,0,224,34404,6,0,0,240,34,523,14,13,4096,98304,0,5600,4096,0,5368709120,4096,512,10,0,10,0,10,0,122880,1024,140676,2,49504,524288,8192,1048576,4096,0,0,11348,120,24576,91064,20480,240,0,0,118784,32,10496,84,0,0,0,0,8208,264,0,0,8472,392,0,0,0,0
10051,BlueScreenView.exe,0,0,144,3,0,4,0,65535,0,184,0,0,0,64,0,0,0,232,34404,5,0,0,240,35,523,8,0,80896,58368,0,83808,4096,0,5368709120,4096,512,4,0,0,0,5,2,155648,1024,172587,2,32768,1048576,4096,1048576,4096,0,0,105784,220,131072,21672,126976,3240,140288,6240,0,0,88016,28,0,0,0,0,0,0,0,0,86016,1920,0,0,0,0
10052,BluetoothCL.exe,0,0,144,3,0,4,0,65535,0,184,0,0,0,64,0,0,0,232,332,3,0,0,224,259,267,8,0,8192,4096,24576,33040,28672,36864,4194304,4096,512,4,0,0,0,4,0,40960,4096,0,3,0,1048576,4096,1048576,4096,0,0,39480,268,36864,2616,0,0,0,0,0,0,0,0,0,0,0,0,0,0,0,0,0,0,0,0,0,0
10053,BluetoothLogView.exe,0,0,144,3,0,4,0,65535,0,184,0,0,0,64,0,0,0,248,332,3,0,0,224,259,267,8,0,245760,12288,557056,800992,561152,806912,4194304,4096,512,4,0,0,0,4,0,819200,4096,301317,2,0,1048576,4096,1048576,4096,0,0,816220,520,806912,9308,0,0,254464,11984,0,0,0,0,0,0,0,0,0,0,0,0,0,0,0,0,0,0
10054,BluetoothView.exe,0,0,144,3,0,4,0,65535,0,184,0,0,0,64,0,0,0,240,332,3,0,0,224,259,267,8,0,36864,8192,57344,94848,61440,98304,4194304,4096,512,4,0,0,0,4,0,106496,4096,48343,2,0,1048576,4096,1048576,4096,0,0,103408,664,98304,5104,0,0,41472,6240,0,0,0,0,0,0,0,0,0,0,0,0,0,0,0,0,0,0
10055,Bluetooth_File_Transfer_PC.exe,0,0,144,3,0,4,0,65535,0,184,0,0,0,64,0,0,0,240,332,5,0,0,224,303,267,6,0,104448,35328,0,84180,4096,110592,4194304,4096,512,4,0,0,0,4,0,163840,1024,3242603,2,0,1048576,4096,1048576,4096,0,0,125356,100,159744,4050,0,0,3195568,8136,0,0,0,0,0,0,0,0,0,0,0,0,110592,512,0,0,0,0
10056,BrowserAddonsView.exe,0,0,144,3,0,4,0,65535,0,184,0,0,0,64,0,0,0,224,34404,5,0,0,240,35,523,8,0,358912,96256,0,361680,4096,0,5368709120,4096,512,4,0,0,0,5,2,475136,1024,487674,2,32768,1048576,4096,1048576,4096,0,0,411288,200,450560,23556,438272,12144,456192,8568,0,0,366864,28,0,0,0,0,0,0,0,0,364544,2224,0,0,0,0
10057,BrowserCore.exe,0,0,144,3,0,4,0,65535,0,184,0,0,0,64,0,0,0,256,34404,7,0,0,240,34,523,14,13,32768,50688,0,29680,4096,0,5368709120,4096,512,10,0,10,0,10,0,102400,1024,91701,3,49504,524288,8192,1048576,4096,0,0,49856,560,69632,25672,61440,2064,82432,8720,98304,148,43120,84,0,0,0,0,37136,264,0,0,37400,1136,49728,64,0,0
10058,BrowserDownloadsView.exe,0,0,144,3,0,4,0,65535,0,184,0,0,0,64,0,0,0,216,34404,5,0,0,240,35,523,8,0,370688,106496,0,372880,4096,0,5368709120,4096,512,4,0,0,0,5,2,499712,1024,506431,2,32768,1048576,4096,1048576,4096,0,0,424448,220,471040,27396,454656,13080,478208,8568,0,0,379536,28,0,0,0,0,0,0,0,0,376832,2600,0,0,0,0
10059,BrutalChessPortable_0.5.2.2_English.paf.exe,0,0,144,3,0,4,0,65535,0,184,0,0,0,64,0,0,0,216,332,5,0,0,224,271,267,6,0,26112,141824,2048,13477,4096,32768,4194304,4096,512,4,0,6,0,4,0,458752,1024,5499844,2,34112,1048576,4096,1048576,4096,0,0,34044,160,352256,104856,0,0,5443528,13120,0,0,0,0,0,0,0,0,0,0,0,0,32768,688,0,0,0,0
10060,BulkFileChanger.exe,0,0,144,3,0,4,0,65535,0,184,0,0,0,64,0,0,0,224,34404,5,0,0,240,35,523,8,0,89600,43008,0,91968,4096,0,5368709120,4096,512,4,0,0,0,5,2,147456,1024,168762,2,32768,1048576,4096,1048576,4096,0,0,108296,200,126976,17488,122880,3564,133632,8568,0,0,96224,28,0,0,0,0,0,0,0,0,94208,1920,0,0,0,0
10061,BulletsPassView.exe,0,0,144,3,0,4,0,65535,0,184,0,0,0,64,0,0,0,216,34404,5,0,0,240,35,523,8,0,60416,30720,0,63152,4096,0,5368709120,4096,512,4,0,0,0,5,2,106496,1024,138532,2,32768,1048576,4096,1048576,4096,0,0,75984,220,94208,10232,90112,2592,92160,6240,0,0,67344,28,0,0,0,0,0,0,0,0,65536,1744,0,0,0,0
10062,ByteCodeGenerator.exe,0,0,144,3,0,4,0,65535,0,184,0,0,0,64,0,0,0,248,332,5,0,0,224,258,267,14,13,37376,13312,0,36544,4096,45056,4194304,4096,512,10,0,10,0,10,0,65536,1024,89873,3,49472,262144,8192,1048576,4096,0,0,49872,620,57344,1808,0,0,0,0,61440,2304,9088,84,0,0,0,0,4664,164,0,0,49152,716,0,0,0,0
10063,CDGS.exe,0,0,144,3,0,4,0,65535,0,184,0,0,0,64,0,0,0,264,332,5,0,0,224,258,267,12,0,510976,267776,0,363405,4096,516096,4194304,4096,512,5,1,0,0,5,1,790528,1024,1781422,2,33088,1048576,4096,1048576,4096,0,0,627584,80,659456,102392,0,0,1746312,13888,761856,25936,516832,56,0,0,0,0,585496,64,0,0,516096,612,623668,448,0,0
10064,CHXSmartScreen.exe,0,0,144,3,0,4,0,65535,0,184,0,0,0,64,0,0,0,248,34404,6,0,0,240,34,523,14,13,206336,155648,0,190592,4096,0,5368709120,4096,512,6,0,0,0,6,0,380928,1024,376189,2,49504,1048576,4096,1048576,4096,317472,148,317620,400,368640,1048,352256,14352,360448,8720,372736,4432,257984,84,0,0,0,0,258080,264,0,0,212992,1592,0,0,0,0
10065,CIDiag.exe,0,0,144,3,0,4,0,65535,0,184,0,0,0,64,0,0,0,240,34404,6,0,0,240,34,523,14,13,12800,18432,0,14064,4096,0,5368709120,4096,512,10,0,10,0,10,0,53248,1024,90430,3,49504,524288,8192,1048576,4096,0,0,31236,240,45056,1032,40960,852,0,0,49152,424,28720,84,0,0,0,0,23200,264,0,0,23464,608,0,0,0,0
10066,CPU-ZPortable_2.00_English.paf.exe,0,0,144,3,0,4,0,65535,0,184,0,0,0,64,0,0,0,216,332,5,0,0,224,271,267,6,0,26624,428544,16384,13888,4096,32768,4194304,4096,512,4,0,6,0,4,0,2093056,1024,0,2,34112,1048576,4096,1048576,4096,0,0,34052,160,1986560,105040,0,0,0,0,0,0,0,0,0,0,0,0,0,0,0,0,32768,688,0,0,0,0
10067,CSVFileView.exe,0,0,144,3,0,4,0,65535,0,184,0,0,0,64,0,0,0,240,34404,5,0,0,240,35,523,8,0,201216,76288,0,126912,4096,0,5368709120,4096,512,4,0,0,0,5,2,307200,1024,333220,2,32768,1048576,4096,1048576,4096,0,0,236980,200,282624,24288,270336,8556,278528,8568,0,0,211200,28,0,0,0,0,0,0,0,0,208896,2144,0,0,0,0
10068,CameraBarcodeScannerPreview.exe,0,0,144,3,0,4,0,65535,0,184,0,0,0,64,0,0,0,264,34404,6,0,0,240,34,523,14,13,339968,309248,0,314576,4096,0,5368709120,4096,512,6,2,0,0,6,2,663552,1024,668755,2,53600,1048576,4096,1048576,4096,523376,132,523508,560,593920,59704,569344,21300,0,0,655360,6156,418752,84,0,0,419112,40,418848,264,0,0,344064,1800,0,0,0,0
10069,CameraSettingsUIHost.exe,0,0,144,3,0,4,0,65535,0,184,0,0,0,64,0,0,0,240,332,6,0,0,224,258,267,14,13,11776,7680,512,13328,4096,16384,4194304,4096,512,10,0,10,0,10,0,36864,1024,49000,2,49600,262144,8192,1048576,4096,0,0,24936,240,28672,2048,0,0,19968,9088,32768,1100,5056,84,0,0,4564,24,4400,164,0,0,24576,356,0,0,0,0
10070,CapturePicker.exe,0,0,144,3,0,4,0,65535,0,184,0,0,0,64,0,0,0,248,34404,6,0,0,240,34,523,14,13,312320,233984,0,290608,4096,0,5368709120,4096,512,6,0,0,0,6,0,561152,1024,563883,2,49504,1048576,4096,1048576,4096,0,0,485752,440,548864,16,528384,19620,543744,8504,552960,6516,398080,84,0,0,398440,40,398176,264,0,0,319488,1696,0,0,0,0
10071,CastSrv.exe,0,0,144,3,0,4,0,65535,0,184,0,0,0,64,0,0,0,248,34404,8,0,0,240,34,523,14,13,31232,20992,512,30432,4096,0,5368709120,4096,512,10,0,10,0,10,0,77824,1024,93230,2,49632,524288,8192,1048576,4096,0,0,50528,480,69632,1816,61440,1644,51712,9256,73728,568,46272,84,0,0,42904,40,42640,264,0,0,42944,760,48520,352,0,0
10072,CertEnrollCtrl.exe,0,0,144,3,0,4,0,65535,0,184,0,0,0,64,0,0,0,232,332,5,0,0,224,258,267,14,13,31232,11264,0,32880,4096,36864,4194304,4096,512,10,0,10,0,10,0,57344,1024,53988,2,49472,262144,8192,1048576,4096,0,0,41520,500,49152,1352,0,0,0,0,53248,3116,19504,84,0,0,0,0,11512,164,0,0,40960,556,0,0,0,0
10073,CheckNetIsolation.exe,0,0,144,3,0,4,0,65535,0,184,0,0,0,64,0,0,0,240,332,6,0,0,224,258,267,14,13,15872,10752,0,17440,4096,20480,4194304,4096,512,10,0,10,0,10,0,40960,1024,89735,3,49472,262144,8192,1048576,4096,0,0,24936,400,32768,2128,0,0,0,0,36864,1576,5728,84,0,0,4308,24,4144,164,0,0,24576,356,19308,128,0,0
10074,ChecksumControlPortable_2.4.4.paf.exe,0,0,144,3,0,4,0,65535,0,184,0,0,0,64,0,0,0,216,332,5,0,0,224,271,267,6,0,26112,428544,16384,13784,4096,32768,4194304,4096,512,4,0,6,0,4,0,1994752,1024,2872180,2,34112,1048576,4096,1048576,4096,0,0,34052,160,1888256,104888,0,0,2812208,13136,0,0,0,0,0,0,0,0,0,0,0,0,32768,688,0,0,0,0
10075,ChromeCacheView.exe,0,0,144,3,0,4,0,65535,0,184,0,0,0,64,0,0,0,256,332,3,0,0,224,259,267,8,0,241664,8192,323584,567904,327680,569344,4194304,4096,512,4,0,0,0,4,0,577536,4096,298083,2,0,1048576,4096,1048576,4096,0,0,577048,484,569344,7704,0,0,250368,8568,0,0,0,0,0,0,0,0,568348,72,0,0,0,0,0,0,0,0
10076,ChromeCookiesView.exe,0,0,144,3,0,4,0,65535,0,184,0,0,0,64,0,0,0,240,332,3,0,0,224,259,267,8,0,217088,12288,262144,481456,266240,483328,4194304,4096,512,4,0,0,0,4,0,495616,4096,0,2,0,1048576,4096,1048576,4096,0,0,492160,600,483328,8832,0,0,0,0,0,0,0,0,0,0,0,0,0,0,0,0,0,0,0,0,0,0
10077,ChromeHistoryView.exe,0,0,144,3,0,4,0,65535,0,184,0,0,0,64,0,0,0,248,332,3,0,0,224,259,267,8,0,180224,12288,163840,345648,167936,348160,4194304,4096,512,4,0,0,0,4,0,360448,4096,242035,2,0,1048576,4096,1048576,4096,0,0,356456,588,348160,8296,0,0,188416,8568,0,0,0,0,0,0,0,0,0,0,0,0,0,0,0,0,0,0
10078,ChsIME.exe,0,0,144,3,0,4,0,65535,0,184,0,0,0,64,0,0,0,248,34404,6,0,0,240,34,523,14,13,149504,707072,0,139360,4096,0,5368709120,4096,512,10,0,10,0,10,0,872448,1024,881248,2,49504,524288,8192,1048576,4096,0,0,203120,280,229376,638456,217088,8568,0,0,868352,1532,184576,84,0,0,162568,40,162304,264,0,0,162608,1552,0,0,0,0
10079,ChtIME.exe,0,0,144,3,0,4,0,65535,0,184,0,0,0,64,0,0,0,240,34404,6,0,0,240,34,523,14,13,119296,61952,0,113680,4096,0,5368709120,4096,512,10,0,10,0,10,0,196608,1024,238383,2,49504,524288,8192,1048576,4096,0,0,169056,240,188416,1736,180224,7164,0,0,192512,1440,152944,84,0,0,133608,40,133344,264,0,0,133648,1304,0,0,0,0
10080,ClickyGonePortable_1.4.4.1_Rev_2_English.paf.exe,0,0,144,3,0,4,0,65535,0,184,0,0,0,64,0,0,0,208,332,6,0,0,224,258,267,10,0,28672,445952,16896,14819,4096,32768,4194304,4096,512,5,0,6,0,5,0,1351680,1024,1060007,2,34112,1048576,4096,1048576,4096,0,0,39780,180,1245184,102080,0,0,1028440,6728,499712,2488,0,0,0,0,0,0,0,0,0,0,32768,720,0,0,0,0
10081,ClipRenew.exe,0,0,144,3,0,4,0,65535,0,184,0,0,0,64,0,0,0,232,34404,7,0,0,240,34,523,14,13,95744,20480,0,96880,4096,0,5368709120,4096,512,10,0,10,0,10,0,139264,1024,154667,2,49504,524288,8192,1048576,4096,0,0,112408,500,131072,1376,122880,1224,115200,8504,135168,280,108528,84,0,0,0,0,104304,264,0,0,104568,848,111788,160,0,0
10082,Clipboardic.exe,0,0,144,3,0,4,0,65535,0,184,0,0,0,64,0,0,0,248,332,3,0,0,224,259,267,8,0,32768,8192,49152,82672,53248,86016,4194304,4096,512,4,0,0,0,4,0,94208,4096,71833,2,0,1048576,4096,1048576,4096,0,0,90508,572,86016,4492,0,0,36352,11984,0,0,0,0,0,0,0,0,0,0,0,0,0,0,0,0,0,0
10083,CloudExperienceHostBroker.exe,0,0,144,3,0,4,0,65535,0,184,0,0,0,64,0,0,0,232,34404,6,0,0,240,34,523,14,13,31232,27136,0,29216,4096,0,5368709120,4096,512,10,0,10,0,10,0,73728,1024,96629,2,49504,524288,8192,1048576,4096,0,0,51576,460,65536,1096,61440,2136,57344,8504,69632,724,47024,84,0,0,40856,40,40592,264,0,0,40896,1104,0,0,0,0
10084,CloudNotifications.exe,0,0,144,3,0,4,0,65535,0,184,0,0,0,64,0,0,0,232,332,7,0,0,224,258,267,14,13,41472,15360,512,38736,4096,49152,4194304,4096,512,10,0,10,0,10,0,81920,1024,67703,2,49600,262144,8192,1048576,4096,0,0,57988,440,69632,4120,0,0,56320,9488,77824,2836,12768,84,0,0,0,0,5816,164,0,0,57344,640,43864,96,0,0
10085,CloudStorageWizard.exe,0,0,144,3,0,4,0,65535,0,184,0,0,0,64,0,0,0,232,332,7,0,0,224,258,267,14,13,111104,35328,512,103040,4096,118784,4194304,4096,512,10,0,10,0,10,0,167936,1024,195834,2,49600,262144,8192,1048576,4096,0,0,128464,700,147456,9632,0,0,145920,10048,159744,7580,19200,84,0,0,8412,24,8248,164,0,0,126976,1484,114352,160,0,0
10086,ColourContrastAnalyserPortable_2.5.0.0.paf.exe,0,0,144,3,0,4,0,65535,0,184,0,0,0,64,0,0,0,200,332,5,0,0,224,271,267,6,0,25088,141824,2048,13386,4096,32768,4194304,4096,512,4,0,6,0,4,0,471040,1024,1365803,2,34112,1048576,4096,1048576,4096,0,0,34052,160,352256,115096,0,0,1320184,13056,0,0,0,0,0,0,0,0,0,0,0,0,32768,692,0,0,0,0
10087,ComSvcConfig.exe,0,0,144,3,0,4,0,65535,0,184,0,0,0,64,0,0,0,128,332,3,0,0,224,34,267,48,0,154112,3072,0,161970,8192,163840,4194304,8192,512,4,0,0,0,6,0,180224,512,181753,3,34144,1048576,4096,1048576,4096,0,0,161888,79,163840,2436,0,0,157696,15952,172032,12,161576,28,0,0,0,0,0,0,0,0,8192,8,0,0,8200,72
10088,ComboFix.exe,0,0,144,3,0,4,0,65535,0,184,0,0,0,64,0,0,0,200,332,3,0,0,224,271,267,6,0,20480,8192,180224,201936,184320,204800,4194304,4096,512,4,0,6,0,4,0,212992,4096,5679618,2,32768,1048576,4096,1048576,4096,0,0,211208,532,204800,6408,0,0,0,0,0,0,0,0,0,0,0,0,0,0,0,0,0,0,0,0,0,0
10089,CommandPromptPortable_2.6.paf.exe,0,0,144,3,0,4,0,65535,0,184,0,0,0,64,0,0,0,216,332,5,0,0,224,271,267,6,0,26112,428544,16384,13784,4096,32768,4194304,4096,512,4,0,6,0,4,0,2007040,1024,424441,2,34112,1048576,4096,1048576,4096,0,0,34052,160,1888256,116480,0,0,353864,8608,0,0,0,0,0,0,0,0,0,0,0,0,32768,688,0,0,0,0
10090,CompMgmtLauncher.exe,0,0,144,3,0,4,0,65535,0,184,0,0,0,64,0,0,0,240,34404,6,0,0,240,34,523,14,13,33792,64512,0,5248,4096,0,5368709120,4096,512,10,0,10,0,10,0,114688,1024,153711,2,49504,524288,8192,1048576,4096,0,0,50436,100,69632,37584,65536,1800,0,0,110592,352,47728,84,0,0,0,0,41344,264,0,0,41608,576,0,0,0,0
10091,CompPkgSrv.exe,0,0,144,3,0,4,0,65535,0,184,0,0,0,64,0,0,0,248,34404,7,0,0,240,34,523,14,13,117760,49152,0,115696,4096,0,5368709120,4096,512,10,0,10,0,10,0,188416,1024,198270,2,49504,524288,8192,1048576,4096,0,0,149512,620,180224,1096,167936,4884,0,0,184320,2240,143920,84,0,0,131592,40,131328,264,0,0,131632,1408,149384,64,0,0
10092,CompatTelRunner.exe,0,0,144,3,0,4,0,65535,0,184,0,0,0,64,0,0,0,232,34404,6,0,0,240,34,523,14,13,92672,47616,0,92464,4096,0,5368709120,4096,512,10,0,10,0,10,0,155648,1024,152536,3,49504,524288,8192,1048576,4096,0,0,128584,760,147456,1352,143360,3144,138752,8504,151552,196,122096,84,0,0,0,0,98720,264,0,0,98984,1984,0,0,0,0
10093,ComputerDefaults.exe,0,0,144,3,0,4,0,65535,0,184,0,0,0,64,0,0,0,232,332,5,0,0,224,258,267,14,13,26624,34304,0,28496,4096,32768,4194304,4096,512,10,0,10,0,10,0,73728,1024,98126,2,49472,262144,8192,1048576,4096,0,0,37184,180,40960,28504,0,0,0,0,69632,1432,5520,84,0,0,0,0,4152,164,0,0,36864,316,0,0,0,0
10094,ConfigSecurityPolicy.exe,0,0,144,3,0,4,0,65535,0,184,0,0,0,64,0,0,0,248,34404,6,0,0,240,34,523,14,13,167424,136192,0,153824,4096,0,5368709120,4096,512,10,0,10,0,10,0,315392,1024,326533,3,49504,524288,8192,1048576,4096,0,0,258984,540,299008,9104,286720,10104,301568,8704,311296,3648,219952,84,0,0,190856,40,190592,264,0,0,190896,2488,0,0,0,0
10095,ConsolePortable_2.00_b148_Rev_2_English.paf.exe,0,0,144,3,0,4,0,65535,0,184,0,0,0,64,0,0,0,208,332,6,0,0,224,258,267,10,0,28672,445952,16896,14819,4096,32768,4194304,4096,512,5,0,6,0,5,0,1351680,1024,1618411,2,34112,1048576,4096,1048576,4096,0,0,39780,180,1245184,102048,0,0,1556832,7168,499712,2488,0,0,0,0,0,0,0,0,0,0,32768,720,0,0,0,0
10096,ControlMyMonitor.exe,0,0,144,3,0,4,0,65535,0,184,0,0,0,64,0,0,0,232,332,4,0,0,224,259,267,8,0,58880,48640,0,62008,4096,65536,4194304,4096,512,4,0,0,0,4,0,126976,1024,172800,2,0,1048576,4096,1048576,4096,0,0,73212,200,90112,34356,0,0,108544,8568,0,0,66512,28,0,0,0,0,0,0,0,0,65536,924,0,0,0,0
10097,ControlPadPortable_0.72_English.paf.exe,0,0,144,3,0,4,0,65535,0,184,0,0,0,64,0,0,0,208,332,6,0,0,224,258,267,10,0,28672,445952,16896,14819,4096,32768,4194304,4096,512,5,0,6,0,5,0,1351680,1024,0,2,34112,1048576,4096,1048576,4096,0,0,39780,180,1245184,102048,0,0,0,0,499712,2488,0,0,0,0,0,0,0,0,0,0,32768,720,0,0,0,0
10098,ConverberPortable_2.3.1_Rev_2.paf.exe,0,0,144,3,0,4,0,65535,0,184,0,0,0,64,0,0,0,216,332,5,0,0,224,271,267,6,0,26112,428544,16384,13477,4096,32768,4194304,4096,512,4,0,6,0,4,0,2101248,1024,0,2,34112,1048576,4096,1048576,4096,0,0,34052,160,1986560,111712,0,0,0,0,0,0,0,0,0,0,0,0,0,0,0,0,32768,688,0,0,0,0
10099,CookTimerPortable_0.9.3_Rev_2_English.paf.exe,0,0,144,3,0,4,0,65535,0,184,0,0,0,64,0,0,0,208,332,6,0,0,224,258,267,10,0,28672,445952,16896,14819,4096,32768,4194304,4096,512,5,0,6,0,5,0,1351680,1024,544612,2,34112,1048576,4096,1048576,4096,0,0,39780,180,1245184,102048,0,0,505960,7168,499712,2488,0,0,0,0,0,0,0,0,0,0,32768,720,0,0,0,0
10100,CountryTraceRoute.exe,0,0,144,3,0,4,0,65535,0,184,0,0,0,64,0,0,0,232,332,3,0,0,224,259,267,8,0,688128,20480,2080768,2767024,2084864,2772992,4194304,4096,512,4,0,0,0,4,0,2793472,4096,732470,2,0,1048576,4096,1048576,4096,0,0,2790484,520,2772992,17492,0,0,705024,8568,0,0,0,0,0,0,0,0,0,0,0,0,0,0,0,0,0,0
10101,CredDialogHost.exe,0,0,144,3,0,4,0,65535,0,184,0,0,0,64,0,0,0,248,34404,6,0,0,240,34,523,14,13,202752,148480,0,185584,4096,0,5368709120,4096,512,6,0,0,0,6,0,364544,1024,393611,2,49504,1048576,4096,1048576,4096,309632,148,309780,440,356352,1048,339968,14964,349696,8720,360448,3592,250208,84,0,0,0,0,250304,264,0,0,208896,1608,0,0,0,0
10102,CredentialUIBroker.exe,0,0,144,3,0,4,0,65535,0,184,0,0,0,64,0,0,0,240,332,7,0,0,224,258,267,14,13,84992,15360,512,86384,4096,90112,4194304,4096,512,10,0,10,0,10,0,122880,1024,135312,2,49600,262144,8192,1048576,4096,0,0,99072,400,110592,2344,0,0,99840,9648,114688,4388,10080,84,0,0,5836,24,5672,164,0,0,98304,764,88884,64,0,0
10103,CredentialsFileView.exe,0,0,144,3,0,4,0,65535,0,184,0,0,0,64,0,0,0,216,34404,5,0,0,240,35,523,8,0,113152,58368,0,4672,4096,0,5368709120,4096,512,4,0,0,0,5,2,192512,1024,208808,2,32768,1048576,4096,1048576,4096,0,0,137872,220,167936,23888,159744,6720,0,0,0,0,120928,28,0,0,0,0,0,0,0,0,118784,2008,0,0,0,0
10104,CrystalDiskInfoPortable_8.16.0.paf.exe,0,0,144,3,0,4,0,65535,0,184,0,0,0,64,0,0,0,216,332,5,0,0,224,271,267,6,0,26624,428544,16384,13888,4096,32768,4194304,4096,512,4,0,6,0,4,0,2011136,1024,3565528,2,34112,1048576,4096,1048576,4096,0,0,34052,160,1888256,120976,0,0,3532128,10520,0,0,0,0,0,0,0,0,0,0,0,0,32768,688,0,0,0,0
10105,CrystalDiskMarkPortable_8.0.4a.paf.exe,0,0,144,3,0,4,0,65535,0,184,0,0,0,64,0,0,0,216,332,5,0,0,224,271,267,6,0,26624,428544,16384,13888,4096,32768,4194304,4096,512,4,0,6,0,4,0,2011136,1024,2676497,2,34112,1048576,4096,1048576,4096,0,0,34052,160,1888256,119488,0,0,2616312,10520,0,0,0,0,0,0,0,0,0,0,0,0,32768,688,0,0,0,0
10106,CubicExplorerPortable_0.95.1_Rev_2.paf.exe,0,0,144,3,0,4,0,65535,0,184,0,0,0,64,0,0,0,208,332,6,0,0,224,258,267,10,0,28672,445952,16896,14819,4096,32768,4194304,4096,512,5,0,6,0,5,0,1363968,1024,3351552,2,34112,1048576,4096,1048576,4096,0,0,39780,180,1245184,112224,0,0,3308504,7168,499712,2488,0,0,0,0,0,0,0,0,0,0,32768,720,0,0,0,0
10107,CustomExplorerToolbar.exe,0,0,144,3,0,4,0,65535,0,184,0,0,0,64,0,0,0,248,332,4,0,0,224,259,267,8,0,26112,23040,0,29264,4096,32768,4194304,4096,512,4,0,0,0,4,0,65536,1024,98538,2,0,1048576,4096,1048576,4096,0,0,39260,180,53248,11924,0,0,0,0,0,0,33392,28,0,0,0,0,0,0,0,0,32768,584,0,0,0,0
10108,DFDWiz.exe,0,0,144,3,0,4,0,65535,0,184,0,0,0,64,0,0,0,224,34404,6,0,0,240,34,523,14,13,31744,21504,0,32784,4096,0,5368709120,4096,512,10,0,10,0,10,0,69632,1024,95092,2,49504,524288,8192,1048576,4096,0,0,42900,180,57344,7384,53248,1164,0,0,65536,48,40576,84,0,0,0,0,36896,264,0,0,37160,960,0,0,0,0
10109,DM2Portable_1.23.1.1.paf.exe,0,0,144,3,0,4,0,65535,0,184,0,0,0,64,0,0,0,208,332,6,0,0,224,258,267,10,0,28672,445952,16896,14819,4096,32768,4194304,4096,512,5,0,6,0,5,0,1961984,1024,562144,2,34112,1048576,4096,1048576,4096,0,0,39780,180,1851392,106264,0,0,548968,7168,499712,2488,0,0,0,0,0,0,0,0,0,0,32768,720,0,0,0,0
10110,DNSDataView.exe,0,0,144,3,0,4,0,65535,0,184,0,0,0,64,0,0,0,248,332,3,0,0,224,259,267,8,0,32768,8192,57344,92464,61440,94208,4194304,4096,512,4,0,0,0,4,0,102400,4096,51190,2,0,1048576,4096,1048576,4096,0,0,98664,524,94208,4456,0,0,37888,8568,0,0,0,0,0,0,0,0,0,0,0,0,0,0,0,0,0,0
10111,DNSLookupView.exe,0,0,144,3,0,4,0,65535,0,184,0,0,0,64,0,0,0,240,332,4,0,0,224,259,267,8,0,50688,34816,0,53180,4096,57344,4194304,4096,512,4,0,0,0,4,0,102400,1024,110374,2,0,1048576,4096,1048576,4096,0,0,64652,200,77824,21396,0,0,86528,8568,0,0,58352,28,0,0,0,0,0,0,0,0,57344,944,0,0,0,0
10112,DNSQuerySniffer.exe,0,0,144,3,0,4,0,65535,0,184,0,0,0,64,0,0,0,232,34404,5,0,0,240,35,523,8,0,152064,84480,0,153504,4096,0,5368709120,4096,512,4,0,0,0,5,2,319488,1024,296271,2,32768,1048576,4096,1048576,4096,0,0,182480,260,278528,39876,270336,5220,237568,8568,0,0,162240,28,0,0,0,0,0,0,0,0,159744,2320,0,0,0,0
10113,DSpeechPortable_1.73.339.paf.exe,0,0,144,3,0,4,0,65535,0,184,0,0,0,64,0,0,0,216,332,5,0,0,224,271,267,6,0,26112,428544,16384,13784,4096,32768,4194304,4096,512,4,0,6,0,4,0,2007040,1024,0,2,34112,1048576,4096,1048576,4096,0,0,34052,160,1888256,116448,0,0,0,0,0,0,0,0,0,0,0,0,0,0,0,0,32768,688,0,0,0,0
10114,DSynchronizePortable_2.48.28.paf.exe,0,0,144,3,0,4,0,65535,0,184,0,0,0,64,0,0,0,216,332,5,0,0,224,271,267,6,0,26112,428544,16384,13784,4096,32768,4194304,4096,512,4,0,6,0,4,0,2105344,1024,0,2,34112,1048576,4096,1048576,4096,0,0,34052,160,1986560,118496,0,0,0,0,0,0,0,0,0,0,0,0,0,0,0,0,32768,688,0,0,0,0
10115,DTUHandler.exe,0,0,144,3,0,4,0,65535,0,184,0,0,0,64,0,0,0,248,34404,7,0,0,240,34,523,14,13,74240,52224,0,58528,4096,0,5368709120,4096,512,10,0,10,0,10,0,147456,1024,160126,2,49504,524288,8192,1048576,4096,0,0,117184,900,139264,1008,131072,3684,124928,8704,143360,244,106320,84,0,0,0,0,82432,264,0,0,82696,1672,116568,160,0,0
10116,DTaskManagerPortable_1.57.11.paf.exe,0,0,144,3,0,4,0,65535,0,184,0,0,0,64,0,0,0,216,332,5,0,0,224,271,267,6,0,26112,428544,16384,13784,4096,32768,4194304,4096,512,4,0,6,0,4,0,2105344,1024,0,2,34112,1048576,4096,1048576,4096,0,0,34052,160,1986560,118496,0,0,0,0,0,0,0,0,0,0,0,0,0,0,0,0,32768,688,0,0,0,0
10117,DUMoPortable_2.24.1.119.paf.exe,0,0,144,3,0,4,0,65535,0,184,0,0,0,64,0,0,0,216,332,5,0,0,224,271,267,6,0,26624,428544,16384,13888,4096,32768,4194304,4096,512,4,0,6,0,4,0,2105344,1024,0,2,34112,1048576,4096,1048576,4096,0,0,34052,160,1986560,118432,0,0,0,0,0,0,0,0,0,0,0,0,0,0,0,0,32768,688,0,0,0,0
10118,DWWIN.EXE,0,0,144,3,0,4,0,65535,0,184,0,0,0,64,0,0,0,232,332,6,0,0,224,258,267,14,13,154624,26624,0,147824,4096,159744,4194304,4096,512,10,0,10,0,10,0,196608,1024,230369,2,49472,262144,8192,1048576,4096,0,0,165052,620,180224,2728,0,0,0,0,184320,9736,23072,84,0,0,5244,24,5080,164,0,0,163840,1208,157972,128,0,0
10119,DaphnePortable_2.04.paf.exe,0,0,144,3,0,4,0,65535,0,184,0,0,0,64,0,0,0,208,332,6,0,0,224,258,267,10,0,28672,445952,16896,14819,4096,32768,4194304,4096,512,5,0,6,0,5,0,2002944,1024,6418358,2,34112,1048576,4096,1048576,4096,0,0,39780,180,1884160,112128,0,0,6356640,7168,499712,2488,0,0,0,0,0,0,0,0,0,0,32768,720,0,0,0,0
10120,DataExchangeHost.exe,0,0,144,3,0,4,0,65535,0,184,0,0,0,64,0,0,0,232,34404,8,0,0,240,34,523,14,13,160256,76288,512,153552,4096,0,5368709120,4096,512,10,0,10,0,10,0,262144,1024,268493,2,49632,524288,8192,1048576,4096,0,0,218968,1080,253952,2312,237568,8196,234496,8720,258048,2164,200576,84,0,0,181688,40,181424,264,0,0,181728,2624,218520,64,0,0
10121,DataProtectionDecryptor.exe,0,0,144,3,0,4,0,65535,0,184,0,0,0,64,0,0,0,232,34404,5,0,0,240,35,523,8,0,96768,56320,0,99472,4096,0,5368709120,4096,512,4,0,0,0,5,2,167936,1024,194436,2,32768,1048576,4096,1048576,4096,0,0,116488,220,135168,30488,131072,3732,154112,8568,0,0,104480,28,0,0,0,0,0,0,0,0,102400,1968,0,0,0,0
10122,DataStoreCacheDumpTool.exe,0,0,144,3,0,4,0,65535,0,184,0,0,0,64,0,0,0,248,34404,6,0,0,240,34,523,14,13,96256,53248,0,88112,4096,0,5368709120,4096,512,10,0,10,0,10,0,167936,1024,209513,3,49504,524288,8192,1048576,4096,0,0,139752,680,0,0,151552,5040,0,0,163840,452,124640,84,0,0,125000,40,124736,264,0,0,102400,1416,139536,64,0,0
10123,DataUsageLiveTileTask.exe,0,0,144,3,0,4,0,65535,0,184,0,0,0,64,0,0,0,256,34404,6,0,0,240,34,523,14,13,80384,55296,0,72736,4096,0,5368709120,4096,512,10,0,10,0,10,0,151552,1024,166064,2,49504,524288,8192,1048576,4096,0,0,122360,820,143360,1080,135168,4704,0,0,147456,512,109536,84,0,0,87944,40,87680,264,0,0,87984,1752,0,0,0,0
10124,DebugViewPortable_4.90_Release_2_English_online.paf.exe,0,0,144,3,0,4,0,65535,0,184,0,0,0,64,0,0,0,216,332,5,0,0,224,271,267,6,0,26112,428544,16384,13784,4096,32768,4194304,4096,512,4,0,6,0,4,0,2224128,1024,1185926,2,34112,1048576,4096,1048576,4096,0,0,34052,160,2117632,105712,0,0,1154504,16640,0,0,0,0,0,0,0,0,0,0,0,0,32768,688,0,0,0,0
10125,Defrag.exe,0,0,144,3,0,4,0,65535,0,184,0,0,0,64,0,0,0,248,34404,6,0,0,240,34,523,14,13,44032,143360,0,45728,4096,0,5368709120,4096,512,10,0,10,0,10,0,200704,1024,222526,3,49504,524288,8192,1048576,4096,0,0,56292,600,69632,126576,65536,1452,0,0,196608,88,53968,84,0,0,0,0,49408,264,0,0,49672,1200,0,0,0,0
10126,DevManView.exe,0,0,144,3,0,4,0,65535,0,184,0,0,0,64,0,0,0,224,34404,5,0,0,240,35,523,8,0,107008,50688,0,109440,4096,0,5368709120,4096,512,4,0,0,0,5,2,172032,1024,187106,2,32768,1048576,4096,1048576,4096,0,0,131800,220,151552,20088,147456,3852,158720,8568,0,0,116864,28,0,0,0,0,0,0,0,0,114688,2096,0,0,0,0
10127,DeviceCensus.exe,0,0,144,3,0,4,0,65535,0,184,0,0,0,64,0,0,0,232,34404,7,0,0,240,34,523,14,13,9216,18432,0,10208,4096,0,5368709120,4096,512,10,0,10,0,10,0,49152,1024,50426,3,49504,524288,8192,1048576,4096,0,0,25576,340,40960,1768,32768,672,27136,8504,45056,452,23248,84,0,0,0,0,18928,264,0,0,19384,688,25136,96,0,0
10128,DeviceCredentialDeployment.exe,0,0,144,3,0,4,0,65535,0,184,0,0,0,64,0,0,0,248,34404,7,0,0,240,34,523,14,13,50688,31232,0,46832,4096,0,5368709120,4096,512,10,0,10,0,10,0,102400,1024,110316,3,49504,524288,8192,1048576,4096,0,0,73984,720,94208,1936,86016,2556,0,0,98304,324,64672,84,0,0,0,0,58160,264,0,0,58424,1320,72952,192,0,0
10129,DeviceEject.exe,0,0,144,3,0,4,0,65535,0,184,0,0,0,64,0,0,0,240,34404,6,0,0,240,34,523,14,13,8704,22016,0,9792,4096,0,5368709120,4096,512,10,0,10,0,10,0,53248,1024,43759,2,49504,524288,8192,1048576,4096,0,0,19436,340,32768,12592,28672,504,0,0,49152,32,18192,84,0,0,0,0,16400,264,0,0,16664,664,0,0,0,0
10130,DeviceEnroller.exe,0,0,144,3,0,4,0,65535,0,184,0,0,0,64,0,0,0,248,34404,7,0,0,240,34,523,14,13,233472,126976,0,220592,4096,0,5368709120,4096,512,10,0,10,0,10,0,380928,1024,375764,2,49504,524288,8192,1048576,4096,0,0,317880,1020,356352,17776,339968,9492,0,0,376832,1168,275696,84,0,0,241464,40,241200,264,0,0,241504,2728,316056,352,0,0
10131,DeviceIOView.exe,0,0,144,3,0,4,0,65535,0,184,0,0,0,64,0,0,0,224,34404,5,0,0,240,35,523,8,0,59392,44032,0,62160,4096,0,5368709120,4096,512,4,0,0,0,5,2,122880,1024,171821,2,32768,1048576,4096,1048576,4096,0,0,75624,160,94208,25016,90112,2544,104448,11984,0,0,67264,28,0,0,0,0,0,0,0,0,65536,1640,0,0,0,0
10132,DevicePairingWizard.exe,0,0,144,3,0,4,0,65535,0,184,0,0,0,64,0,0,0,232,332,5,0,0,224,258,267,14,13,23552,59904,0,24960,4096,28672,4194304,4096,512,10,0,10,0,10,0,94208,1024,97186,2,49472,262144,8192,1048576,4096,0,0,33300,240,36864,52464,0,0,0,0,90112,1484,6448,84,0,0,0,0,4416,164,0,0,32768,528,0,0,0,0
10133,DeviceProperties.exe,0,0,144,3,0,4,0,65535,0,184,0,0,0,64,0,0,0,232,34404,6,0,0,240,34,523,14,13,3072,91648,0,5296,4096,0,5368709120,4096,512,10,0,10,0,10,0,110592,1024,154920,2,49504,524288,8192,1048576,4096,0,0,9828,220,20480,85064,16384,228,0,0,106496,32,8976,84,0,0,0,0,8208,264,0,0,8472,344,0,0,0,0
10134,DiagnosticsHub.StandardCollector.Service.exe,0,0,144,3,0,4,0,65535,0,184,0,0,0,64,0,0,0,256,34404,6,0,0,240,34,523,14,13,54272,38912,0,48464,4096,0,5368709120,4096,512,10,0,10,0,10,0,110592,1024,106930,2,49504,524288,8192,1048576,4096,0,0,81584,680,102400,3000,98304,3456,0,0,106496,344,71648,84,0,0,62728,40,62464,264,0,0,62768,1792,0,0,0,0
10135,Dialupass.exe,0,0,144,3,0,4,0,65535,0,184,0,0,0,64,0,0,0,240,332,4,0,0,224,259,267,8,0,47616,26112,0,50726,4096,53248,4194304,4096,512,4,0,0,0,4,0,90112,1024,104955,2,0,1048576,4096,1048576,4096,0,0,60556,240,73728,12416,0,0,0,0,0,0,0,0,0,0,0,0,0,0,0,0,53248,864,0,0,0,0
10136,DicomPortable_1.1.1.paf.exe,0,0,144,3,0,4,0,65535,0,184,0,0,0,64,0,0,0,208,332,6,0,0,224,258,267,10,0,28672,445952,16896,14819,4096,32768,4194304,4096,512,5,0,6,0,5,0,1351680,1024,1063220,2,34112,1048576,4096,1048576,4096,0,0,39780,180,1245184,101984,0,0,1031624,6728,499712,2488,0,0,0,0,0,0,0,0,0,0,32768,720,0,0,0,0
10137,DiffpdfPortable_2.1.3.paf.exe,0,0,144,3,0,4,0,65535,0,184,0,0,0,64,0,0,0,208,332,6,0,0,224,258,267,10,0,28672,445952,16896,14819,4096,32768,4194304,4096,512,5,0,6,0,5,0,1351680,1024,6183436,2,34112,1048576,4096,1048576,4096,0,0,39780,180,1245184,102000,0,0,6115864,7168,499712,2488,0,0,0,0,0,0,0,0,0,0,32768,720,0,0,0,0
10138,DiskCleanerPortable_1.7.1645_Rev_2_English.paf.exe,0,0,144,3,0,4,0,65535,0,184,0,0,0,64,0,0,0,208,332,6,0,0,224,258,267,10,0,28672,445952,16896,14819,4096,32768,4194304,4096,512,5,0,6,0,5,0,1351680,1024,1103555,2,34112,1048576,4096,1048576,4096,0,0,39780,180,1245184,102096,0,0,1082336,7168,499712,2488,0,0,0,0,0,0,0,0,0,0,32768,720,0,0,0,0
10139,DiskCountersView.exe,0,0,144,3,0,4,0,65535,0,184,0,0,0,64,0,0,0,240,332,3,0,0,224,259,267,8,0,32768,8192,53248,86400,57344,90112,4194304,4096,512,4,0,0,0,4,0,98304,4096,112792,2,0,1048576,4096,1048576,4096,0,0,96876,576,90112,6764,0,0,38400,11984,0,0,0,0,0,0,0,0,0,0,0,0,0,0,0,0,0,0
10140,DiskSmartView.exe,0,0,144,3,0,4,0,65535,0,184,0,0,0,64,0,0,0,248,332,3,0,0,224,259,267,8,0,32768,8192,57344,90880,61440,94208,4194304,4096,512,4,0,0,0,4,0,102400,4096,103809,2,0,1048576,4096,1048576,4096,0,0,101468,576,94208,7260,0,0,39424,11984,0,0,0,0,0,0,0,0,0,0,0,0,0,0,0,0,0,0
10141,DiskSnapshot.exe,0,0,144,3,0,4,0,65535,0,184,0,0,0,64,0,0,0,232,34404,6,0,0,240,34,523,14,13,55296,37888,0,54624,4096,0,5368709120,4096,512,10,0,10,0,10,0,110592,1024,139397,3,49504,524288,8192,1048576,4096,0,0,87184,520,102400,1032,98304,2292,0,0,106496,440,77712,84,0,0,0,0,64160,264,0,0,64424,1200,0,0,0,0
10142,Dism.exe,0,0,144,3,0,4,0,65535,0,184,0,0,0,64,0,0,0,248,332,5,0,0,224,3330,267,14,13,165888,56832,0,140000,4096,172032,4194304,4096,512,10,0,10,0,6,0,233472,1024,244366,3,49472,262144,8192,1048576,4096,0,0,181048,180,188416,31080,0,0,222720,8504,221184,12188,37664,84,0,0,5340,24,5176,64,0,0,180224,820,0,0,0,0
10143,DismHost.exe,0,0,144,3,0,4,0,65535,0,184,0,0,0,64,0,0,0,248,332,5,0,0,224,3330,267,14,13,82944,17920,0,77760,4096,90112,4194304,4096,512,10,0,10,0,6,0,114688,1024,178021,2,49472,262144,32768,1048576,4096,0,0,95028,160,102400,4016,0,0,100352,16928,106496,4996,20928,84,0,0,0,0,4872,64,0,0,94208,816,0,0,0,0
10144,DisplaySwitch.exe,0,0,144,3,0,4,0,65535,0,184,0,0,0,64,0,0,0,232,34404,7,0,0,240,34,523,14,13,135680,1765888,512,135552,4096,0,5368709120,4096,512,10,0,10,0,10,0,1921024,1024,1975841,2,49632,524288,8192,1048576,4096,0,0,171968,800,196608,1717032,192512,2652,1899520,25648,1916928,812,166624,84,0,0,150296,40,150032,264,0,0,150336,2752,0,0,0,0
10145,DittoPortable_3.24.214.paf.exe,0,0,144,3,0,4,0,65535,0,184,0,0,0,64,0,0,0,216,332,5,0,0,224,271,267,6,0,26112,428544,16384,13784,4096,32768,4194304,4096,512,4,0,6,0,4,0,2007040,1024,3821218,2,34112,1048576,4096,1048576,4096,0,0,34052,160,1888256,116424,0,0,3749232,8608,0,0,0,0,0,0,0,0,0,0,0,0,32768,688,0,0,0,0
10146,DmNotificationBroker.exe,0,0,144,3,0,4,0,65535,0,184,0,0,0,64,0,0,0,248,34404,7,0,0,240,34,523,14,13,11264,21504,512,10192,4096,0,5368709120,4096,512,10,0,10,0,10,0,53248,1024,43598,2,49632,524288,8192,1048576,4096,0,0,30712,400,45056,2592,40960,900,0,0,49152,524,28496,84,0,0,0,0,23968,264,0,0,24232,880,0,0,0,0
10147,DmOmaCpMo.exe,0,0,144,3,0,4,0,65535,0,184,0,0,0,64,0,0,0,248,34404,6,0,0,240,34,523,14,13,18944,16384,0,19536,4096,0,5368709120,4096,512,10,0,10,0,10,0,53248,1024,80399,2,49504,524288,8192,1048576,4096,0,0,30312,580,45056,1040,40960,1116,0,0,49152,80,27408,84,0,0,24888,40,24624,264,0,0,24928,1032,0,0,0,0
10148,DomainHostingView.exe,0,0,144,3,0,4,0,65535,0,184,0,0,0,64,0,0,0,256,332,4,0,0,224,259,267,8,0,146432,65024,0,92617,4096,151552,4194304,4096,512,4,0,0,0,4,0,237568,1024,244485,2,0,1048576,4096,1048576,4096,0,0,173252,220,204800,30516,0,0,212480,8704,0,0,152832,28,0,0,0,0,171536,64,0,0,151552,1148,0,0,0,0
10149,DontPanicPortable_3.1.0.paf.exe,0,0,144,3,0,4,0,65535,0,184,0,0,0,64,0,0,0,216,332,5,0,0,224,271,267,6,0,25088,141824,2048,13238,4096,32768,4194304,4096,512,4,0,6,0,4,0,471040,1024,2144348,2,34112,1048576,4096,1048576,4096,0,0,33980,160,352256,114960,0,0,2130080,13056,0,0,0,0,0,0,0,0,0,0,0,0,32768,696,0,0,0,0
10150,DownTester.exe,0,0,144,3,0,4,0,65535,0,184,0,0,0,64,0,0,0,248,332,3,0,0,224,259,267,8,0,40960,12288,65536,106656,69632,110592,4194304,4096,512,4,0,0,0,4,0,122880,4096,101628,2,0,1048576,4096,1048576,4096,0,0,118812,568,110592,8220,0,0,48128,6240,0,0,0,0,0,0,0,0,0,0,0,0,0,0,0,0,0,0
10151,DpiScaling.exe,0,0,144,3,0,4,0,65535,0,184,0,0,0,64,0,0,0,240,332,5,0,0,224,258,267,14,13,3584,73216,0,6080,4096,8192,4194304,4096,512,10,0,10,0,10,0,94208,1024,84559,2,49472,262144,8192,1048576,4096,0,0,12472,260,16384,69768,0,0,0,0,90112,324,4416,84,0,0,0,0,4104,164,0,0,12288,180,0,0,0,0
10152,DriveLetterView.exe,0,0,144,3,0,4,0,65535,0,184,0,0,0,64,0,0,0,224,34404,5,0,0,240,35,523,8,0,70656,40448,0,73152,4096,0,5368709120,4096,512,4,0,0,0,5,2,131072,1024,163983,2,32768,1048576,4096,1048576,4096,0,0,89968,220,110592,17128,106496,2868,112128,8552,0,0,79792,28,0,0,0,0,0,0,0,0,77824,1904,0,0,0,0
10153,DriverPack-17-Online_undefined__xmlqakf5npz02kg.exe,0,0,144,3,0,4,0,65535,0,184,0,0,0,64,0,0,0,216,332,5,0,0,224,271,267,6,0,26624,141824,2048,13888,4096,32768,4194304,4096,512,4,0,6,0,4,0,409600,1024,0,2,34112,1048576,4096,1048576,4096,0,0,34052,160,249856,156720,0,0,0,0,0,0,0,0,0,0,0,0,0,0,0,0,32768,688,0,0,0,0
10154,DriverView.exe,0,0,144,3,0,4,0,65535,0,184,0,0,0,64,0,0,0,224,34404,5,0,0,240,35,523,8,0,58880,29184,0,61264,4096,0,5368709120,4096,512,4,0,0,0,5,2,106496,1024,136270,2,32768,1048576,4096,1048576,4096,0,0,74280,220,94208,11544,90112,2460,89088,8568,0,0,67264,28,0,0,0,0,0,0,0,0,65536,1632,0,0,0,0
10155,DsmUserTask.exe,0,0,144,3,0,4,0,65535,0,184,0,0,0,64,0,0,0,248,34404,7,0,0,240,34,523,14,13,7168,11264,512,9344,4096,0,5368709120,4096,512,10,0,10,0,10,0,40960,1024,34554,2,49632,524288,8192,1048576,4096,0,0,19568,260,32768,2072,28672,384,0,0,36864,44,18384,84,0,0,0,0,16400,264,0,0,16664,568,0,0,0,0
10156,DumpEDID.exe,0,0,144,3,0,4,0,65535,0,184,0,0,0,64,0,0,0,232,332,3,0,0,224,259,267,8,0,8192,4096,24576,35184,28672,36864,4194304,4096,512,4,0,0,0,4,0,40960,4096,0,3,0,1048576,4096,1048576,4096,0,0,38360,320,36864,1496,0,0,0,0,0,0,0,0,0,0,0,0,0,0,0,0,0,0,0,0,0,0
10157,DuplicateFilesFinderPortable_0.8.0_English.paf.exe,0,0,144,3,0,4,0,65535,0,184,0,0,0,64,0,0,0,208,332,6,0,0,224,258,267,10,0,28672,445952,16896,14819,4096,32768,4194304,4096,512,5,0,6,0,5,0,1368064,1024,1345149,2,34112,1048576,4096,1048576,4096,0,0,39780,180,1261568,102168,0,0,1316104,7168,499712,2488,0,0,0,0,0,0,0,0,0,0,32768,720,0,0,0,0
10158,Dxpserver.exe,0,0,144,3,0,4,0,65535,0,184,0,0,0,64,0,0,0,240,34404,6,0,0,240,34,523,14,13,198656,112128,0,199360,4096,0,5368709120,4096,512,10,0,10,0,10,0,327680,1024,371575,2,49504,524288,8192,1048576,4096,0,0,250104,380,278528,41032,270336,6492,0,0,323584,2672,241264,84,0,0,0,0,216208,264,0,0,216472,2512,0,0,0,0
10159,DynDNSSimplyClientPortable_2.0.0.2_Rev_2.paf.exe,0,0,144,3,0,4,0,65535,0,184,0,0,0,64,0,0,0,208,332,6,0,0,224,258,267,10,0,28672,445952,16896,14819,4096,32768,4194304,4096,512,5,0,6,0,5,0,1363968,1024,1577486,2,34112,1048576,4096,1048576,4096,0,0,39780,180,1245184,112280,0,0,1508288,7168,499712,2488,0,0,0,0,0,0,0,0,0,0,32768,720,0,0,0,0
10160,EASPolicyManagerBrokerHost.exe,0,0,144,3,0,4,0,65535,0,184,0,0,0,64,0,0,0,248,34404,7,0,0,240,34,523,14,13,38912,26624,0,39568,4096,0,5368709120,4096,512,10,0,10,0,10,0,86016,1024,106430,2,49504,524288,8192,1048576,4096,0,0,56616,620,77824,2424,69632,2136,0,0,81920,268,51792,84,0,0,45912,40,45648,264,0,0,45952,1272,56024,96,0,0
10161,EDPCleanup.exe,0,0,144,3,0,4,0,65535,0,184,0,0,0,64,0,0,0,232,34404,7,0,0,240,34,523,14,13,105984,58880,0,101344,4096,0,5368709120,4096,512,10,0,10,0,10,0,188416,1024,208551,2,49504,524288,8192,1048576,4096,0,0,147368,740,180224,1296,167936,5340,0,0,184320,472,130304,84,0,0,111960,40,110672,264,0,0,112000,1936,146888,128,0,0
10162,ESEDatabaseView.exe,0,0,144,3,0,4,0,65535,0,184,0,0,0,64,0,0,0,232,332,4,0,0,224,259,267,8,0,66048,37888,0,69002,4096,73728,4194304,4096,512,4,0,0,0,4,0,122880,1024,149459,2,0,1048576,4096,1048576,4096,0,0,81844,220,98304,23356,0,0,104960,8568,0,0,74816,28,0,0,0,0,0,0,0,0,73728,1028,0,0,0,0
10163,Eap3Host.exe,0,0,144,3,0,4,0,65535,0,184,0,0,0,64,0,0,0,248,34404,6,0,0,240,34,523,14,13,4608,9728,0,6144,4096,0,5368709120,4096,512,10,0,10,0,10,0,36864,1024,69758,2,49504,524288,8192,1048576,4096,0,0,14436,300,28672,1824,24576,336,0,0,32768,52,13536,84,0,0,0,0,12384,264,0,0,12648,576,0,0,0,0
10164,EaseOfAccessDialog.exe,0,0,144,3,0,4,0,65535,0,184,0,0,0,64,0,0,0,232,332,5,0,0,224,258,267,14,13,64512,232960,0,58720,4096,69632,4194304,4096,512,10,0,10,0,10,0,311296,1024,327883,2,49472,262144,8192,1048576,4096,0,0,75068,300,90112,210320,0,0,0,0,303104,4268,11504,84,0,0,0,0,5048,164,0,0,73728,1336,0,0,0,0
10165,EdgeCookiesView.exe,0,0,144,3,0,4,0,65535,0,184,0,0,0,64,0,0,0,240,332,4,0,0,224,259,267,8,0,58880,37376,0,61566,4096,65536,4194304,4096,512,4,0,0,0,4,0,114688,1024,143666,2,0,1048576,4096,1048576,4096,0,0,73116,200,90112,23104,0,0,97280,8704,0,0,66560,28,0,0,0,0,0,0,0,0,65536,960,0,0,0,0
10166,EduPrintProv.exe,0,0,144,3,0,4,0,65535,0,184,0,0,0,64,0,0,0,232,34404,7,0,0,240,34,523,14,13,60416,37888,0,58224,4096,0,5368709120,4096,512,10,0,10,0,10,0,118784,1024,106475,2,49504,524288,8192,1048576,4096,0,0,85920,600,110592,1056,102400,2856,0,0,114688,204,76128,84,0,0,0,0,65984,264,0,0,66248,1680,85764,64,0,0
10167,EhStorAuthn.exe,0,0,144,3,0,4,0,65535,0,184,0,0,0,64,0,0,0,240,332,5,0,0,224,258,267,14,13,38400,81408,0,39408,4096,45056,4194304,4096,512,10,0,10,0,10,0,131072,1024,136926,2,49472,262144,8192,1048576,4096,42320,93,49688,260,53248,73144,0,0,0,0,126976,2948,7328,84,0,0,0,0,4104,164,0,0,49152,532,0,0,0,0
10168,EncryptedRegView.exe,0,0,144,3,0,4,0,65535,0,184,0,0,0,64,0,0,0,216,34404,5,0,0,240,35,523,8,0,101888,58880,0,4304,4096,0,5368709120,4096,512,4,0,0,0,5,2,176128,1024,203200,2,32768,1048576,4096,1048576,4096,0,0,124024,220,147456,27368,139264,6144,161792,8568,0,0,108480,28,0,0,0,0,0,0,0,0,106496,1848,0,0,0,0
10169,EventLogChannelsView.exe,0,0,144,3,0,4,0,65535,0,184,0,0,0,64,0,0,0,216,34404,5,0,0,240,35,523,8,0,92160,57344,0,94608,4096,0,5368709120,4096,512,4,0,0,0,5,2,163840,1024,175613,2,32768,1048576,4096,1048576,4096,0,0,112040,200,131072,31696,126976,3696,150528,8568,0,0,100352,28,0,0,0,0,0,0,0,0,98304,1944,0,0,0,0
10170,EventLogSourcesView.exe,0,0,144,3,0,4,0,65535,0,184,0,0,0,64,0,0,0,232,34404,5,0,0,240,35,523,8,0,57344,37888,0,59888,4096,0,5368709120,4096,512,4,0,0,0,5,2,110592,1024,113671,2,32768,1048576,4096,1048576,4096,0,0,71520,200,90112,18680,86016,2436,96256,6240,0,0,63200,28,0,0,0,0,0,0,0,0,61440,1680,0,0,0,0
10171,Everything-1.4.1.969.x86-Setup.exe,0,0,144,3,0,4,0,65535,0,184,0,0,0,64,0,0,0,208,332,6,0,0,224,258,267,10,0,28672,445952,16896,14819,4096,32768,4194304,4096,512,5,0,6,0,5,0,1572864,1024,1536515,2,34112,1048576,4096,1048576,4096,0,0,39780,180,1523712,44192,0,0,1521464,7496,499712,2488,0,0,0,0,0,0,0,0,0,0,32768,720,0,0,0,0
10172,EverythingPortable_1.4.1.1015.paf.exe,0,0,144,3,0,4,0,65535,0,184,0,0,0,64,0,0,0,216,332,5,0,0,224,271,267,6,0,26624,428544,16384,13888,4096,32768,4194304,4096,512,4,0,6,0,4,0,2105344,1024,2538598,2,34112,1048576,4096,1048576,4096,0,0,34052,160,1986560,118488,0,0,2506968,8608,0,0,0,0,0,0,0,0,0,0,0,0,32768,688,0,0,0,0
10173,ExecutedProgramsList.exe,0,0,144,3,0,4,0,65535,0,184,0,0,0,64,0,0,0,232,332,4,0,0,224,259,267,8,0,44032,32256,0,46820,4096,49152,4194304,4096,512,4,0,0,0,4,0,143360,1024,122227,2,0,1048576,4096,1048576,4096,0,0,56052,200,122880,19220,0,0,77312,6240,0,0,50112,28,0,0,0,0,0,0,0,0,49152,912,0,0,0,0
10174,ExifDataView.exe,0,0,144,3,0,4,0,65535,0,184,0,0,0,64,0,0,0,240,332,4,0,0,224,259,267,8,0,43520,32256,0,46578,4096,49152,4194304,4096,512,4,0,0,0,4,0,90112,1024,119701,2,0,1048576,4096,1048576,4096,0,0,55420,180,69632,19668,0,0,76800,8568,0,0,50064,28,0,0,0,0,0,0,0,0,49152,868,0,0,0,0
10175,ExplorerPlusPlusPortable_1.3.5.paf.exe,0,0,144,3,0,4,0,65535,0,184,0,0,0,64,0,0,0,208,332,6,0,0,224,258,267,10,0,28672,445952,16896,14819,4096,32768,4194304,4096,512,5,0,6,0,5,0,1363968,1024,2216335,2,34112,1048576,4096,1048576,4096,0,0,39780,180,1245184,112176,0,0,2198408,7176,499712,2488,0,0,0,0,0,0,0,0,0,0,32768,720,0,0,0,0
10176,ExtExport.exe,0,0,144,3,0,4,0,65535,0,184,0,0,0,64,0,0,0,232,34404,6,0,0,240,34,523,14,13,33792,24064,0,35216,4096,0,5368709120,4096,512,10,0,10,0,10,0,77824,1024,101109,2,49504,524288,8192,1048576,4096,0,0,52252,180,69632,2056,65536,1464,0,0,73728,72,49456,84,0,0,0,0,40992,264,0,0,41256,880,0,0,0,0
10177,ExtPassword.exe,0,0,144,3,0,4,0,65535,0,184,0,0,0,64,0,0,0,232,332,3,0,0,224,259,267,8,0,278528,12288,339968,619136,344064,622592,4194304,4096,512,4,0,0,0,4,0,634880,4096,0,2,0,1048576,4096,1048576,4096,0,0,632280,536,622592,9688,0,0,0,0,0,0,0,0,0,0,0,0,0,0,0,0,0,0,0,0,0,0
10178,FBCacheView.exe,0,0,144,3,0,4,0,65535,0,184,0,0,0,64,0,0,0,240,332,3,0,0,224,259,267,8,0,65536,12288,102400,168752,106496,172032,4194304,4096,512,4,0,0,0,4,0,184320,4096,136568,2,0,1048576,4096,1048576,4096,0,0,180600,588,172032,8568,0,0,73216,8568,0,0,0,0,0,0,0,0,0,0,0,0,0,0,0,0,0,0
10179,FXSCOVER.exe,0,0,144,3,0,4,0,65535,0,184,0,0,0,64,0,0,0,232,34404,6,0,0,240,34,523,14,13,136704,100864,0,131056,4096,0,5368709120,4096,512,10,0,10,0,10,0,253952,1024,236262,2,49504,524288,8192,1048576,4096,0,0,203068,180,233472,12648,225280,5784,0,0,249856,3336,178352,84,0,0,160760,40,160496,264,0,0,160800,6080,0,0,0,0
10180,FXSSVC.exe,0,0,144,3,0,4,0,65535,0,184,0,0,0,64,0,0,0,232,34404,7,0,0,240,34,523,14,13,507392,131584,0,494752,4096,0,5368709120,4096,512,10,0,10,0,10,0,655360,1024,669893,3,49504,1048576,32768,1048576,4096,0,0,595496,360,647168,3016,626688,12588,0,0,651264,2112,564080,84,0,0,0,0,527216,264,0,0,527480,3040,595372,64,0,0
10181,FXSUNATD.exe,0,0,144,3,0,4,0,65535,0,184,0,0,0,64,0,0,0,232,34404,6,0,0,240,34,523,14,13,8704,11264,0,10768,4096,0,5368709120,4096,512,10,0,10,0,10,0,40960,1024,39448,3,49504,524288,8192,1048576,4096,0,0,20036,120,32768,2056,28672,480,0,0,36864,44,18880,84,0,0,0,0,16400,264,0,0,16664,504,0,0,0,0
10182,FaceFodUninstaller.exe,0,0,144,3,0,4,0,65535,0,184,0,0,0,64,0,0,0,232,34404,5,0,0,240,34,523,14,13,271360,171520,0,220528,4096,0,5368709120,4096,512,10,0,10,0,10,0,458752,1024,502651,2,49504,524288,8192,1048576,4096,0,0,360464,380,0,0,446464,6336,0,0,454656,380,305472,84,0,0,279784,40,279520,264,0,0,279824,2000,0,0,0,0
10183,FastCopyPortable_4.1.4.paf.exe,0,0,144,3,0,4,0,65535,0,184,0,0,0,64,0,0,0,216,332,5,0,0,224,271,267,6,0,26624,428544,16384,13888,4096,32768,4194304,4096,512,4,0,6,0,4,0,2097152,1024,0,2,34112,1048576,4096,1048576,4096,0,0,34052,160,1986560,106712,0,0,0,0,0,0,0,0,0,0,0,0,0,0,0,0,32768,688,0,0,0,0
10184,FastResolver.exe,0,0,144,3,0,4,0,65535,0,184,0,0,0,64,0,0,0,232,332,3,0,0,224,259,267,8,0,28672,4096,40960,71760,45056,73728,4194304,4096,512,4,0,0,0,4,0,77824,4096,63272,2,0,1048576,4096,1048576,4096,0,0,77204,556,73728,3476,0,0,32256,6240,0,0,0,0,0,0,0,0,0,0,0,0,0,0,0,0,0,0
10185,FeedingFrenzy2Setupen.exe,0,0,144,3,0,4,0,65535,0,184,0,0,0,64,0,0,0,248,332,4,0,0,224,259,267,8,0,270336,94208,0,186814,4096,274432,4194304,4096,4096,4,0,0,0,4,0,385024,4096,15702660,2,0,1048576,4096,1048576,4096,0,0,320924,200,352256,30348,0,0,15664072,5464,0,0,0,0,0,0,0,0,298440,64,0,0,274432,832,0,0,0,0
10186,FileAccessErrorView.exe,0,0,144,3,0,4,0,65535,0,184,0,0,0,64,0,0,0,216,34404,5,0,0,240,35,523,8,0,84992,45568,0,87344,4096,0,5368709120,4096,512,4,0,0,0,5,2,147456,1024,169584,2,32768,1048576,4096,1048576,4096,0,0,102368,180,122880,21520,118784,3444,131584,8568,0,0,92176,28,0,0,0,0,0,0,0,0,90112,1928,0,0,0,0
10187,FileActivityWatch.exe,0,0,144,3,0,4,0,65535,0,184,0,0,0,64,0,0,0,216,34404,5,0,0,240,35,523,8,0,86528,48640,0,88976,4096,0,5368709120,4096,512,4,0,0,0,5,2,151552,1024,193456,2,32768,1048576,4096,1048576,4096,0,0,107640,180,126976,22840,122880,3780,136192,8568,0,0,96368,28,0,0,0,0,0,0,0,0,94208,2024,0,0,0,0
10188,FileAlyzerPortable_2.0.5.57_English.paf.exe,0,0,144,3,0,4,0,65535,0,184,0,0,0,64,0,0,0,208,332,6,0,0,224,258,267,10,0,28672,445952,16896,14819,4096,32768,4194304,4096,512,5,0,6,0,5,0,1351680,1024,0,2,34112,1048576,4096,1048576,4096,0,0,39780,180,1245184,102056,0,0,0,0,499712,2488,0,0,0,0,0,0,0,0,0,0,32768,720,0,0,0,0
10189,FileExplorer.exe,0,0,144,3,0,4,0,65535,0,184,0,0,0,64,0,0,0,240,34404,6,0,0,240,34,523,14,13,2299904,1538560,0,2131536,4096,0,5368709120,4096,512,6,2,0,0,6,2,3858432,1024,3892120,2,53600,1048576,4096,1048576,4096,0,0,3405832,620,3796992,1016,3657728,136560,3832320,8504,3801088,54680,2737040,84,0,0,2737400,40,2737136,264,0,0,2306048,2224,0,0,0,0
10190,FileHistory.exe,0,0,144,3,0,4,0,65535,0,184,0,0,0,64,0,0,0,232,34404,7,0,0,240,34,523,14,13,33792,219136,0,33938,4096,0,5368709120,4096,512,10,0,10,0,10,0,274432,1024,312649,2,33120,524288,8192,1048576,4096,0,0,130192,240,147456,118952,143360,312,0,0,270336,292,44320,84,0,0,0,0,44416,264,0,0,40960,1024,0,0,44208,72
10191,FilePicker.exe,0,0,144,3,0,4,0,65535,0,184,0,0,0,64,0,0,0,232,34404,6,0,0,240,34,523,14,13,584192,390144,0,537648,4096,0,5368709120,4096,512,6,0,0,0,6,0,987136,1024,1033142,2,49504,1048576,4096,1048576,4096,0,0,866120,520,970752,1008,929792,37272,972288,8504,974848,11976,701600,84,0,0,0,0,701696,264,0,0,589824,1992,0,0,0,0
10192,FileTypesMan.exe,0,0,144,3,0,4,0,65535,0,184,0,0,0,64,0,0,0,232,34404,5,0,0,240,35,523,8,0,108544,57344,0,110960,4096,0,5368709120,4096,512,4,0,0,0,5,2,188416,1024,240503,2,32768,1048576,4096,1048576,4096,0,0,132408,220,159744,25360,151552,4380,166912,8552,0,0,116912,28,0,0,0,0,0,0,0,0,114688,2080,0,0,0,0
10193,FirefoxDownloadsView.exe,0,0,144,3,0,4,0,65535,0,184,0,0,0,64,0,0,0,232,332,4,0,0,224,259,267,8,0,249856,57344,0,251482,4096,253952,4194304,4096,512,4,0,0,0,4,0,323584,1024,327520,2,0,1048576,4096,1048576,4096,0,0,285692,220,307200,14212,0,0,308224,11984,0,0,255168,28,0,0,0,0,0,0,0,0,253952,1168,0,0,0,0
10194,Firewall_Rules.exe,0,0,144,3,0,4,0,65535,0,184,0,0,0,64,0,0,0,128,332,3,0,0,224,271,267,2,50,24576,12288,53248,76768,57344,81920,4194304,4096,512,4,0,0,0,4,0,94208,4096,0,3,0,1048576,4096,1048576,4096,0,0,93184,544,81920,11264,0,0,0,0,0,0,0,0,0,0,0,0,0,0,0,0,0,0,0,0,0,0
10195,FirmwareTablesView.exe,0,0,144,3,0,4,0,65535,0,184,0,0,0,64,0,0,0,224,34404,5,0,0,240,35,523,8,0,64000,40960,0,66624,4096,0,5368709120,4096,512,4,0,0,0,5,2,122880,1024,112568,2,32768,1048576,4096,1048576,4096,0,0,80040,200,98304,20716,94208,2688,105984,6240,0,0,71456,28,0,0,0,0,0,0,0,0,69632,1736,0,0,0,0
10196,FirstLogonAnim.exe,0,0,144,3,0,4,0,65535,0,184,0,0,0,64,0,0,0,240,34404,7,0,0,240,34,523,14,13,3072,8704,512,5440,4096,0,5368709120,4096,512,10,0,10,0,10,0,32768,1024,77833,2,49632,524288,8192,1048576,4096,0,0,14228,220,24576,2504,20480,228,11776,9056,28672,40,13360,84,0,0,0,0,12384,264,0,0,12648,376,0,0,0,0
10197,FlashCookiesView.exe,0,0,144,3,0,4,0,65535,0,184,0,0,0,64,0,0,0,232,332,3,0,0,224,259,267,8,0,32768,12288,57344,93280,61440,94208,4194304,4096,512,4,0,0,0,4,0,106496,4096,0,2,0,1048576,4096,1048576,4096,0,0,102024,620,94208,7816,0,0,0,0,0,0,0,0,0,0,0,0,0,0,0,0,0,0,0,0,0,0
10198,FlashPlayerApp.exe,0,0,144,3,0,4,0,65535,0,184,0,0,0,64,0,0,0,272,332,6,0,0,224,258,267,14,0,192000,636928,0,112320,4096,196608,4194304,4096,512,6,0,0,0,6,0,843776,1024,870519,2,49472,1048576,4096,1048576,4096,0,0,704388,160,720896,94880,0,0,826368,9112,819200,23280,701040,84,0,0,701220,24,701128,64,0,0,196608,624,0,0,0,0
10199,FlashUtil_ActiveX.exe,0,0,144,3,0,4,0,65535,0,184,0,0,0,64,0,0,0,304,332,6,0,0,224,258,267,14,0,264192,1177088,0,165648,4096,270336,4194304,4096,512,6,0,0,0,6,0,1458176,1024,1463712,2,49472,1048576,4096,1048576,4096,0,0,332804,160,352256,1093012,0,0,1442304,9104,1445888,11496,325120,56,0,0,325268,24,325176,64,0,0,270336,904,0,0,0,0
10200,FolderChangesView.exe,0,0,144,3,0,4,0,65535,0,184,0,0,0,64,0,0,0,232,332,4,0,0,224,259,267,8,0,61440,38912,0,64458,4096,65536,4194304,4096,512,4,0,0,0,4,0,114688,1024,130292,2,0,1048576,4096,1048576,4096,0,0,74684,260,90112,22828,0,0,101376,8568,0,0,66624,28,0,0,0,0,0,0,0,0,65536,1032,0,0,0,0
10201,FolderTimeUpdate.exe,0,0,144,3,0,4,0,65535,0,184,0,0,0,64,0,0,0,224,34404,5,0,0,240,35,523,8,0,79872,50688,0,82304,4096,0,5368709120,4096,512,4,0,0,0,5,2,147456,1024,188721,2,32768,1048576,4096,1048576,4096,0,0,98056,220,118784,28120,114688,3012,0,0,0,0,88032,28,0,0,0,0,0,0,0,0,86016,1920,0,0,0,0
10202,Fondue.exe,0,0,144,3,0,4,0,65535,0,184,0,0,0,64,0,0,0,240,332,5,0,0,224,258,267,14,13,12288,94720,0,14096,4096,16384,4194304,4096,512,10,0,10,0,10,0,118784,1024,150601,2,49472,262144,8192,1048576,4096,0,0,20868,320,24576,88824,0,0,0,0,114688,832,5104,84,0,0,0,0,4104,164,0,0,20480,384,0,0,0,0
10203,FreeFileSyncPortable_6.2.paf.exe,0,0,144,3,0,4,0,65535,0,184,0,0,0,64,0,0,0,208,332,6,0,0,224,258,267,10,0,28672,445952,16896,14819,4096,32768,4194304,4096,512,5,0,6,0,5,0,1363968,1024,9044934,2,34112,1048576,4096,1048576,4096,0,0,39780,180,1245184,112184,0,0,8992544,7168,499712,2488,0,0,0,0,0,0,0,0,0,0,32768,720,0,0,0,0
10204,FreeSpaceLogView.exe,0,0,144,3,0,4,0,65535,0,184,0,0,0,64,0,0,0,248,332,4,0,0,224,259,267,8,0,60416,36864,0,63326,4096,65536,4194304,4096,512,4,0,0,0,4,0,114688,1024,157468,2,0,1048576,4096,1048576,4096,0,0,74844,180,90112,21496,0,0,98304,8568,0,0,66528,28,0,0,0,0,0,0,0,0,65536,944,0,0,0,0
10205,FreeUPXPortable_3.1.paf.exe,0,0,144,3,0,4,0,65535,0,184,0,0,0,64,0,0,0,200,332,5,0,0,224,271,267,6,0,26112,428544,16384,13581,4096,32768,4194304,4096,512,4,0,6,0,4,0,2007040,1024,0,2,34112,1048576,4096,1048576,4096,0,0,34052,160,1888256,116392,0,0,0,0,0,0,0,0,0,0,0,0,0,0,0,0,32768,684,0,0,0,0
10206,Free_Chess.exe,0,0,144,3,0,4,0,65535,0,184,0,0,0,64,0,0,0,240,332,5,0,0,224,303,267,6,0,104448,35328,0,84180,4096,110592,4194304,4096,512,4,0,0,0,4,0,163840,1024,3216664,2,0,1048576,4096,1048576,4096,0,0,125356,100,159744,4050,0,0,3195568,8136,0,0,0,0,0,0,0,0,0,0,0,0,110592,512,0,0,0,0
10207,FsIso.exe,0,0,144,3,0,4,0,65535,0,184,0,0,0,64,0,0,0,248,34404,7,0,0,240,34,523,14,13,56832,33280,0,58720,4096,0,5368709120,4096,512,10,0,10,0,10,0,110592,1024,147154,2,49504,524288,8192,1048576,4096,85952,84,86036,320,102400,1024,94208,2016,89600,9800,106496,460,81424,84,0,0,0,0,63968,264,0,0,64232,616,0,0,0,0
10208,FullEventLogView.exe,0,0,144,3,0,4,0,65535,0,184,0,0,0,64,0,0,0,224,34404,5,0,0,240,35,523,8,0,114688,59904,0,116864,4096,0,5368709120,4096,512,4,0,0,0,5,2,196608,1024,184831,2,32768,1048576,4096,1048576,4096,0,0,135496,200,163840,29380,155648,4440,175616,8568,0,0,121024,28,0,0,0,0,0,0,0,0,118784,2048,0,0,0,0
10209,FyrePortable_1.0.0_English.paf.exe,0,0,144,3,0,4,0,65535,0,184,0,0,0,64,0,0,0,224,332,5,0,0,224,259,267,9,0,25600,431104,16896,13643,4096,32768,4194304,4096,512,5,0,6,0,5,0,1286144,1024,3092656,2,33792,1048576,4096,1048576,4096,0,0,35352,180,1187840,98224,0,0,3023656,4264,0,0,0,0,0,0,0,0,0,0,0,0,32768,704,0,0,0,0
10210,GDIView.exe,0,0,144,3,0,4,0,65535,0,184,0,0,0,64,0,0,0,216,34404,5,0,0,240,35,523,8,0,63488,34304,0,66368,4096,0,5368709120,4096,512,4,0,0,0,5,2,114688,1024,159382,2,32768,1048576,4096,1048576,4096,0,0,80536,180,98304,12840,94208,2724,98816,11984,0,0,71440,28,0,0,0,0,0,0,0,0,69632,1728,0,0,0,0
10211,GIRSpCheck.exe,0,0,80,2,0,4,15,65535,0,184,0,0,0,64,26,0,0,256,332,8,0,0,224,33166,267,2,25,1029632,304128,0,1033464,4096,1036288,4194304,4096,512,4,0,0,0,4,0,1363968,1024,0,2,0,1048576,16384,1048576,4096,0,0,1069056,11676,1155072,206336,0,0,0,0,1089536,63128,0,0,0,0,1085440,24,0,0,0,0,0,0,0,0,0,0
10212,GUIPropView.exe,0,0,144,3,0,4,0,65535,0,184,0,0,0,64,0,0,0,232,34404,5,0,0,240,35,523,8,0,95232,53760,0,97744,4096,0,5368709120,4096,512,4,0,0,0,5,2,172032,1024,205224,2,32768,1048576,4096,1048576,4096,0,0,117080,220,143360,25420,139264,3804,150016,8568,0,0,104576,28,0,0,0,0,0,0,0,0,102400,2088,0,0,0,0
10213,GameBarPresenceWriter.exe,0,0,144,3,0,4,0,65535,0,184,0,0,0,64,0,0,0,256,332,5,0,0,224,258,267,14,13,174080,34816,0,156976,4096,180224,4194304,4096,512,10,0,10,0,10,0,221184,1024,244459,2,49472,262144,8192,1048576,4096,0,0,197476,460,204800,1072,0,0,0,0,208896,11252,28560,84,0,0,7796,24,7632,164,0,0,196608,864,0,0,0,0
10214,GamePanel.exe,0,0,144,3,0,4,0,65535,0,184,0,0,0,64,0,0,0,248,332,7,0,0,224,258,267,14,13,749056,205824,512,662032,4096,753664,4194304,4096,512,10,0,10,0,10,0,974848,1024,983651,2,49600,262144,8192,1048576,4096,0,0,866072,960,884736,30152,0,0,0,0,917504,55992,133968,84,0,0,30920,24,4152,164,0,0,864256,1812,752808,64,0,0
10215,GeekUninstallerPortable_1.4.9.151.paf.exe,0,0,144,3,0,4,0,65535,0,184,0,0,0,64,0,0,0,216,332,5,0,0,224,271,267,6,0,26624,428544,16384,13888,4096,32768,4194304,4096,512,4,0,6,0,4,0,2011136,1024,0,2,34112,1048576,4096,1048576,4096,0,0,34052,160,1888256,119504,0,0,0,0,0,0,0,0,0,0,0,0,0,0,0,0,32768,688,0,0,0,0
10216,GenValObj.exe,0,0,144,3,0,4,0,65535,0,184,0,0,0,64,0,0,0,248,34404,6,0,0,240,34,523,14,13,465920,185344,0,402192,4096,0,5368709120,4096,512,10,0,21315,20512,10,0,667648,1024,722114,2,49504,524288,8192,1048576,4096,0,0,617396,760,655360,3840,634880,16644,649728,14440,659456,4756,537280,84,0,0,0,0,490000,264,0,0,490264,1776,0,0,0,0
10217,GetNir.exe,0,0,144,3,0,4,0,65535,0,184,0,0,0,64,0,0,0,240,332,4,0,0,224,259,267,8,0,7168,3072,0,10454,4096,12288,4194304,4096,512,4,0,0,0,4,0,24576,1024,60126,3,0,1048576,4096,1048576,4096,0,0,12880,60,20480,928,0,0,11264,8568,0,0,12480,28,0,0,0,0,0,0,0,0,12288,168,0,0,0,0
10218,GreenfishIconEditorProPortable_3.6.paf.exe,0,0,144,3,0,4,0,65535,0,184,0,0,0,64,0,0,0,200,332,5,0,0,224,271,267,6,0,25088,141824,2048,13386,4096,32768,4194304,4096,512,4,0,6,0,4,0,475136,1024,4305321,2,34112,1048576,4096,1048576,4096,0,0,34052,160,356352,115104,0,0,4281456,13056,0,0,0,0,0,0,0,0,0,0,0,0,32768,692,0,0,0,0
10219,GridyPortable_0.70_English.paf.exe,0,0,144,3,0,4,0,65535,0,184,0,0,0,64,0,0,0,216,332,5,0,0,224,271,267,6,0,25088,141824,2048,13238,4096,32768,4194304,4096,512,4,0,6,0,4,0,458752,1024,729923,2,34112,1048576,4096,1048576,4096,0,0,33980,160,352256,104800,0,0,657280,13056,0,0,0,0,0,0,0,0,0,0,0,0,32768,696,0,0,0,0
10220,HDHackerPortable_1.6.5.paf.exe,0,0,144,3,0,4,0,65535,0,184,0,0,0,64,0,0,0,216,332,5,0,0,224,271,267,6,0,25600,141824,2048,13449,4096,32768,4194304,4096,512,4,0,6,0,4,0,483328,1024,0,2,34112,1048576,4096,1048576,4096,0,0,34044,160,364544,118440,0,0,0,0,0,0,0,0,0,0,0,0,0,0,0,0,32768,688,0,0,0,0
10221,HOSTNAME.EXE,0,0,144,3,0,4,0,65535,0,184,0,0,0,64,0,0,0,240,332,5,0,0,224,258,267,14,13,4608,7168,0,7168,4096,12288,4194304,4096,512,10,0,10,0,10,0,28672,1024,25508,3,49472,262144,8192,1048576,4096,0,0,16652,340,20480,2088,0,0,0,0,24576,444,4464,84,0,0,0,0,4104,164,0,0,16384,264,0,0,0,0
10222,HTTPNetworkSniffer.exe,0,0,144,3,0,4,0,65535,0,184,0,0,0,64,0,0,0,232,34404,5,0,0,240,35,523,8,0,113152,67072,0,115568,4096,0,5368709120,4096,512,4,0,0,0,5,2,266240,1024,245779,2,32768,1048576,4096,1048576,4096,0,0,138264,260,237568,25392,229376,4164,181248,11984,0,0,120928,28,0,0,0,0,0,0,0,0,118784,2016,0,0,0,0
10223,HandleCountersView.exe,0,0,144,3,0,4,0,65535,0,184,0,0,0,64,0,0,0,216,34404,5,0,0,240,35,523,8,0,69120,40960,0,71568,4096,0,5368709120,4096,512,4,0,0,0,5,2,126976,1024,160503,2,32768,1048576,4096,1048576,4096,0,0,84888,200,106496,19756,102400,2892,111104,8568,0,0,75648,28,0,0,0,0,0,0,0,0,73728,1832,0,0,0,0
10224,HashMyFiles.exe,0,0,144,3,0,4,0,65535,0,184,0,0,0,64,0,0,0,232,34404,5,0,0,240,35,523,8,0,90624,43008,0,93280,4096,0,5368709120,4096,512,4,0,0,0,5,2,151552,1024,201187,2,32768,1048576,4096,1048576,4096,0,0,112840,220,135168,16280,131072,3576,134656,8568,0,0,100496,28,0,0,0,0,0,0,0,0,98304,2128,0,0,0,0
10225,HeapMemView.exe,0,0,144,3,0,4,0,65535,0,184,0,0,0,64,0,0,0,232,34404,5,0,0,240,35,523,8,0,58368,31232,0,61024,4096,0,5368709120,4096,512,4,0,0,0,5,2,110592,1024,100752,2,32768,1048576,4096,1048576,4096,0,0,73888,180,94208,13416,90112,2616,90624,6240,0,0,67152,28,0,0,0,0,0,0,0,0,65536,1544,0,0,0,0
10226,HostedNetworkStarter.exe,0,0,144,3,0,4,0,65535,0,184,0,0,0,64,0,0,0,232,332,3,0,0,224,259,267,8,0,249856,12288,548864,797664,552960,802816,4194304,4096,512,4,0,0,0,4,0,815104,4096,306251,2,0,1048576,4096,1048576,4096,0,0,812588,680,802816,9772,0,0,259584,11984,0,0,0,0,0,0,0,0,0,0,0,0,0,0,0,0,0,0
10227,HotKeysList.exe,0,0,144,3,0,4,0,65535,0,184,0,0,0,64,0,0,0,232,332,4,0,0,224,259,267,8,0,37888,30208,0,40992,4096,45056,4194304,4096,512,4,0,0,0,4,0,86016,1024,130826,2,0,1048576,4096,1048576,4096,0,0,50788,180,65536,18860,0,0,69120,8552,0,0,45920,28,0,0,0,0,0,0,0,0,45056,820,0,0,0,0
10228,IECacheView.exe,0,0,144,3,0,4,0,65535,0,184,0,0,0,64,0,0,0,232,332,3,0,0,224,259,267,8,0,40960,8192,57344,100736,61440,102400,4194304,4096,512,4,0,0,0,4,0,110592,4096,97096,2,0,1048576,4096,1048576,4096,0,0,106588,564,102400,4188,0,0,46080,11984,0,0,0,0,0,0,0,0,0,0,0,0,0,0,0,0,0,0
10229,IEChooser.exe,0,0,144,3,0,4,0,65535,0,184,0,0,0,64,0,0,0,240,332,5,0,0,224,258,267,14,13,122880,38912,0,110432,4096,126976,4194304,4096,512,10,0,10,0,10,0,176128,1024,183338,2,49472,262144,8192,1048576,4096,0,0,140508,320,151552,11016,0,0,0,0,163840,9104,23920,84,0,0,0,0,6896,164,0,0,139264,1240,0,0,0,0
10230,IMCCPHR.exe,0,0,144,3,0,4,0,65535,0,184,0,0,0,64,0,0,0,224,332,5,0,0,224,258,267,14,13,117760,285184,0,115904,4096,122880,4194304,4096,512,10,0,10,0,10,0,413696,1024,401134,2,49472,262144,8192,1048576,4096,0,0,128072,240,135168,267168,0,0,0,0,405504,6228,14464,84,0,0,6476,24,6312,164,0,0,126976,1092,0,0,0,0
10231,IMEPADSV.EXE,0,0,144,3,0,4,0,65535,0,184,0,0,0,64,0,0,0,256,332,5,0,0,224,258,267,14,13,130048,177664,0,125760,4096,135168,4194304,4096,512,10,0,10,0,10,0,319488,1024,307755,2,49472,262144,8192,1048576,4096,133568,84,148740,680,159744,147880,0,0,0,0,311296,7588,14544,84,0,0,6348,24,6184,164,0,0,147456,1280,0,0,0,0
10232,IMESEARCH.EXE,0,0,144,3,0,4,0,65535,0,184,0,0,0,64,0,0,0,240,332,6,0,0,224,258,267,14,13,89088,64512,0,81920,4096,94208,4194304,4096,512,10,0,10,0,10,0,172032,1024,205469,2,49472,262144,8192,1048576,4096,0,0,99160,200,110592,49888,0,0,0,0,163840,5220,14064,84,0,0,6364,24,6200,164,0,0,98304,852,92604,64,0,0
10233,IMEWDBLD.EXE,0,0,144,3,0,4,0,65535,0,184,0,0,0,64,0,0,0,232,332,6,0,0,224,258,267,14,13,155648,151040,0,138096,4096,159744,4194304,4096,512,10,0,10,0,10,0,319488,1024,323357,2,49472,262144,8192,1048576,4096,0,0,164968,540,176128,129600,0,0,0,0,307200,9096,25984,84,0,0,7820,24,7656,164,0,0,163840,1124,159144,64,0,0
10234,IMJPDCT.EXE,0,0,144,3,0,4,0,65535,0,184,0,0,0,64,0,0,0,232,332,6,0,0,224,258,267,14,13,237568,292864,0,226496,4096,241664,4194304,4096,512,10,0,10,0,10,0,544768,1024,483953,2,49472,262144,8192,1048576,4096,0,0,341492,520,356352,169776,0,0,0,0,528384,15876,33184,84,0,0,7964,24,7800,164,0,0,339968,1520,241252,96,0,0
10235,IMJPSET.EXE,0,0,144,3,0,4,0,65535,0,184,0,0,0,64,0,0,0,248,332,6,0,0,224,258,267,14,13,61952,75264,0,58272,4096,69632,4194304,4096,512,10,0,10,0,10,0,151552,1024,168617,2,49472,262144,8192,1048576,4096,0,0,74908,600,94208,52848,0,0,0,0,147456,4076,13712,84,0,0,6172,24,6008,164,0,0,73728,1176,65480,96,0,0
10236,IMJPUEX.EXE,0,0,144,3,0,4,0,65535,0,184,0,0,0,64,0,0,0,232,332,5,0,0,224,258,267,14,13,39936,53760,0,39648,4096,45056,4194304,4096,512,10,0,10,0,10,0,102400,1024,100988,2,49472,262144,8192,1048576,4096,0,0,49668,160,53248,44800,0,0,0,0,98304,2492,10256,84,0,0,5756,24,5592,164,0,0,49152,512,0,0,0,0
10237,IMTCLNWZ.EXE,0,0,144,3,0,4,0,65535,0,184,0,0,0,64,0,0,0,224,332,5,0,0,224,258,267,14,13,63488,36864,0,62624,4096,69632,4194304,4096,512,10,0,10,0,10,0,110592,1024,161634,2,49472,262144,8192,1048576,4096,0,0,74520,200,81920,23928,0,0,0,0,106496,3800,12432,84,0,0,5716,24,5552,164,0,0,73728,788,0,0,0,0
10238,IMTCPROP.exe,0,0,144,3,0,4,0,65535,0,184,0,0,0,64,0,0,0,232,332,6,0,0,224,258,267,14,13,83456,367616,0,80768,4096,90112,4194304,4096,512,10,0,10,0,10,0,471040,1024,494995,2,49472,262144,8192,1048576,4096,0,0,115604,220,126976,332808,0,0,0,0,462848,5116,17840,84,0,0,6396,24,6232,164,0,0,114688,912,86936,64,0,0
10239,IObitUnlockerPortable_1.2.paf.exe,0,0,144,3,0,4,0,65535,0,184,0,0,0,64,0,0,0,216,332,5,0,0,224,271,267,6,0,26112,428544,16384,13784,4096,32768,4194304,4096,512,4,0,6,0,4,0,2105344,1024,0,2,34112,1048576,4096,1048576,4096,0,0,34052,160,1986560,118496,0,0,0,0,0,0,0,0,0,0,0,0,0,0,0,0,32768,688,0,0,0,0
10240,IPInfoOffline.exe,0,0,144,3,0,4,0,65535,0,184,0,0,0,64,0,0,0,232,332,3,0,0,224,259,267,8,0,1327104,8192,1675264,3003888,1679360,3006464,4194304,4096,512,4,0,0,0,4,0,3014656,4096,1380552,2,0,1048576,4096,1048576,4096,0,0,3010680,484,3006464,4216,0,0,1331200,8568,0,0,0,0,0,0,0,0,0,0,0,0,0,0,0,0,0,0
10241,IPNeighborsView.exe,0,0,144,3,0,4,0,65535,0,184,0,0,0,64,0,0,0,248,332,4,0,0,224,259,267,8,0,49664,941568,0,52368,4096,57344,4194304,4096,512,4,0,0,0,4,0,1011712,1024,1006644,2,0,1048576,4096,1048576,4096,0,0,65500,200,81920,926940,0,0,992256,8568,0,0,58336,28,0,0,0,0,0,0,0,0,57344,940,0,0,0,0
10242,IcsEntitlementHost.exe,0,0,144,3,0,4,0,65535,0,184,0,0,0,64,0,0,0,232,34404,6,0,0,240,34,523,14,13,18432,19456,0,16656,4096,0,5368709120,4096,512,10,0,10,0,10,0,57344,1024,93432,3,49504,524288,8192,1048576,4096,0,0,34704,300,49152,1344,45056,1344,0,0,53248,448,31968,84,0,0,0,0,27312,264,0,0,27576,720,0,0,0,0
10243,ImageCacheViewer.exe,0,0,144,3,0,4,0,65535,0,184,0,0,0,64,0,0,0,240,332,3,0,0,224,259,267,8,0,65536,12288,98304,164368,102400,167936,4194304,4096,512,4,0,0,0,4,0,180224,4096,115186,2,0,1048576,4096,1048576,4096,0,0,176552,588,167936,8616,0,0,72704,8568,0,0,0,0,0,0,0,0,0,0,0,0,0,0,0,0,0,0
10244,ImagingDevices.exe,0,0,144,3,0,4,0,65535,0,184,0,0,0,64,0,0,0,240,34404,6,0,0,240,34,523,14,13,5120,84480,0,7568,4096,0,5368709120,4096,512,10,0,10,0,10,0,106496,1024,117584,2,49504,524288,8192,1048576,4096,0,0,14536,200,24576,76928,20480,276,89088,17224,102400,36,13616,84,0,0,0,0,12352,264,0,0,12616,496,0,0,0,0
10245,ImeBroker.exe,0,0,144,3,0,4,0,65535,0,184,0,0,0,64,0,0,0,232,34404,7,0,0,240,34,523,14,13,417280,213504,0,257760,4096,0,5368709120,4096,512,10,0,10,0,10,0,647168,1024,615114,2,49504,524288,8192,1048576,4096,0,0,536536,1080,638976,3120,614400,17832,0,0,643072,2384,483744,84,0,0,432136,40,431872,264,0,0,432176,2784,535892,192,0,0
10246,InfDefaultInstall.exe,0,0,144,3,0,4,0,65535,0,184,0,0,0,64,0,0,0,224,332,5,0,0,224,258,267,14,13,4608,6656,0,6192,4096,12288,4194304,4096,512,10,0,10,0,10,0,28672,1024,58280,2,49472,262144,8192,1048576,4096,0,0,16580,140,20480,3528,0,0,0,0,24576,352,4448,84,0,0,0,0,4104,164,0,0,16384,192,0,0,0,0
10247,InputPersonalization.exe,0,0,144,3,0,4,0,65535,0,184,0,0,0,64,0,0,0,248,34404,7,0,0,240,34,523,14,13,236032,138752,0,227232,4096,0,5368709120,4096,512,10,0,10,0,10,0,393216,1024,404053,2,49504,524288,8192,1048576,4096,0,0,312408,520,352256,36184,335872,10944,0,0,389120,1528,281360,84,0,0,246872,40,246608,264,0,0,246912,2304,310728,64,0,0
10248,InsideClipboard.exe,0,0,144,3,0,4,0,65535,0,184,0,0,0,64,0,0,0,224,332,3,0,0,224,259,267,8,0,32768,8192,45056,78784,49152,81920,4194304,4096,512,4,0,0,0,4,0,90112,4096,84325,2,0,1048576,4096,1048576,4096,0,0,86408,476,81920,4488,0,0,36352,8568,0,0,0,0,0,0,0,0,0,0,0,0,0,0,0,0,0,0
10249,InstallMTW6.9a.exe,0,0,144,3,0,4,0,65535,0,184,0,0,0,64,0,0,0,232,332,4,0,0,224,271,267,6,0,69632,98304,0,33783,4096,73728,4194304,4096,4096,4,0,0,0,4,0,172032,4096,10430753,2,0,1048576,4096,1048576,4096,0,0,75776,160,98304,71604,0,0,10402680,6952,0,0,0,0,0,0,0,0,0,0,0,0,73728,756,0,0,0,0
10250,InstalledAppView.exe,0,0,144,3,0,4,0,65535,0,184,0,0,0,64,0,0,0,216,34404,5,0,0,240,35,523,8,0,99840,53760,0,102432,4096,0,5368709120,4096,512,4,0,0,0,5,2,172032,1024,222160,2,32768,1048576,4096,1048576,4096,0,0,123320,220,147456,23784,139264,4248,154624,8552,0,0,108688,28,0,0,0,0,0,0,0,0,106496,2096,0,0,0,0
10251,InstalledCodec.exe,0,0,144,3,0,4,0,65535,0,184,0,0,0,64,0,0,0,216,34404,5,0,0,240,35,523,8,0,60416,30720,0,63136,4096,0,5368709120,4096,512,4,0,0,0,5,2,106496,1024,148832,2,32768,1048576,4096,1048576,4096,0,0,74232,200,94208,11496,90112,2676,92160,6240,0,0,67344,28,0,0,0,0,0,0,0,0,65536,1736,0,0,0,0
10252,InstalledDriversList.exe,0,0,144,3,0,4,0,65535,0,184,0,0,0,64,0,0,0,224,34404,5,0,0,240,35,523,8,0,66048,50176,0,69008,4096,0,5368709120,4096,512,4,0,0,0,5,2,135168,1024,146572,2,32768,1048576,4096,1048576,4096,0,0,85160,200,106496,27680,102400,2676,0,0,0,0,75632,28,0,0,0,0,0,0,0,0,73728,1824,0,0,0,0
10253,InstalledPackagesView.exe,0,0,144,3,0,4,0,65535,0,184,0,0,0,64,0,0,0,232,34404,5,0,0,240,35,523,8,0,74240,46080,0,76896,4096,0,5368709120,4096,512,4,0,0,0,5,2,139264,1024,136667,2,32768,1048576,4096,1048576,4096,0,0,94560,200,114688,21372,110592,3384,121344,11984,0,0,83920,28,0,0,0,0,0,0,0,0,81920,1896,0,0,0,0
10254,IntelWiDiMediaShareSetup.exe,0,0,144,3,0,4,0,65535,0,184,0,0,0,64,0,0,0,248,332,7,0,0,224,258,267,11,0,235008,246784,0,157605,4096,241664,4194304,4096,512,5,1,0,0,5,1,512000,1024,4558014,2,33088,1048576,4096,1048576,4096,0,0,344932,300,376832,112232,0,0,4545320,10608,491520,13920,242928,56,0,0,343248,24,343176,64,0,0,241664,1140,0,0,0,0
10255,JPEGViewPortable_1.0.39.1.paf.exe,0,0,144,3,0,4,0,65535,0,184,0,0,0,64,0,0,0,216,332,5,0,0,224,271,267,6,0,26624,428544,16384,13888,4096,32768,4194304,4096,512,4,0,6,0,4,0,2011136,1024,1500434,2,34112,1048576,4096,1048576,4096,0,0,34052,160,1888256,119424,0,0,1456576,10520,0,0,0,0,0,0,0,0,0,0,0,0,32768,688,0,0,0,0
10256,JavaPortableLauncher_6.0.paf.exe,0,0,144,3,0,4,0,65535,0,184,0,0,0,64,0,0,0,216,332,5,0,0,224,271,267,6,0,26112,428544,16384,13784,4096,32768,4194304,4096,512,4,0,6,0,4,0,2007040,1024,441057,2,34112,1048576,4096,1048576,4096,0,0,34052,160,1888256,116456,0,0,390128,8608,0,0,0,0,0,0,0,0,0,0,0,0,32768,688,0,0,0,0
10257,JkDefragPortable_3.36_Rev_2.paf.exe,0,0,144,3,0,4,0,65535,0,184,0,0,0,64,0,0,0,208,332,6,0,0,224,258,267,10,0,28672,445952,16896,14819,4096,32768,4194304,4096,512,5,0,6,0,5,0,1363968,1024,969275,2,34112,1048576,4096,1048576,4096,0,0,39780,180,1245184,112160,0,0,928584,6728,499712,2488,0,0,0,0,0,0,0,0,0,0,32768,720,0,0,0,0
10258,JumpListsView.exe,0,0,144,3,0,4,0,65535,0,184,0,0,0,64,0,0,0,240,332,4,0,0,224,259,267,8,0,48128,34304,0,50778,4096,53248,4194304,4096,512,4,0,0,0,4,0,98304,1024,119552,2,0,1048576,4096,1048576,4096,0,0,59996,220,73728,20648,0,0,83456,11984,0,0,54224,28,0,0,0,0,0,0,0,0,53248,924,0,0,0,0
10259,KCleanerPortable_3.8.3.113.paf.exe,0,0,144,3,0,4,0,65535,0,184,0,0,0,64,0,0,0,216,332,5,0,0,224,271,267,6,0,26624,428544,16384,13888,4096,32768,4194304,4096,512,4,0,6,0,4,0,2105344,1024,0,2,34112,1048576,4096,1048576,4096,0,0,34052,160,1986560,118464,0,0,0,0,0,0,0,0,0,0,0,0,0,0,0,0,32768,688,0,0,0,0
10260,KeyboardStateView.exe,0,0,144,3,0,4,0,65535,0,184,0,0,0,64,0,0,0,248,332,4,0,0,224,259,267,8,0,39424,39424,0,42440,4096,45056,4194304,4096,512,4,0,0,0,4,0,94208,1024,155420,2,0,1048576,4096,1048576,4096,0,0,50884,180,65536,27204,0,0,79872,11984,0,0,45968,28,0,0,0,0,0,0,0,0,45056,856,0,0,0,0
10261,LanguageComponentsInstallerComHandler.exe,0,0,144,3,0,4,0,65535,0,184,0,0,0,64,0,0,0,248,34404,6,0,0,240,34,523,14,13,27136,25600,0,27024,4096,0,5368709120,4096,512,10,0,10,0,10,0,69632,1024,75987,2,49504,524288,8192,1048576,4096,0,0,45864,400,61440,2160,57344,1980,0,0,65536,592,41824,84,0,0,36248,40,35984,264,0,0,36288,952,0,0,0,0
10262,LastActivityView.exe,0,0,144,3,0,4,0,65535,0,184,0,0,0,64,0,0,0,240,332,4,0,0,224,259,267,8,0,73728,50176,0,76414,4096,77824,4194304,4096,512,4,0,0,0,4,0,192512,1024,145364,2,0,1048576,4096,1048576,4096,0,0,96380,240,167936,22108,0,0,124928,8704,0,0,78944,28,0,0,0,0,0,0,0,0,77824,1064,0,0,0,0
10263,LaunchTM.exe,0,0,144,3,0,4,0,65535,0,184,0,0,0,64,0,0,0,232,332,5,0,0,224,258,267,14,13,3584,178688,0,6064,4096,8192,4194304,4096,512,10,0,10,0,10,0,196608,1024,217494,2,49472,262144,8192,1048576,4096,0,0,12476,240,16384,175080,0,0,0,0,192512,320,4416,84,0,0,0,0,4104,164,0,0,12288,184,0,0,0,0
10264,LaunchWinApp.exe,0,0,144,3,0,4,0,65535,0,184,0,0,0,64,0,0,0,232,332,5,0,0,224,258,267,14,13,24576,8704,0,23280,4096,28672,4194304,4096,512,10,0,10,0,10,0,45056,1024,93395,2,49472,262144,8192,1048576,4096,0,0,33192,320,36864,1032,0,0,0,0,40960,1704,9280,84,0,0,0,0,5632,164,0,0,32768,420,0,0,0,0
10265,LazPaintPortable_7.1.6.paf.exe,0,0,144,3,0,4,0,65535,0,184,0,0,0,64,0,0,0,216,332,5,0,0,224,271,267,6,0,26112,428544,16384,13784,4096,32768,4194304,4096,512,4,0,6,0,4,0,2007040,1024,7088966,2,34112,1048576,4096,1048576,4096,0,0,34052,160,1888256,116432,0,0,7017864,6808,0,0,0,0,0,0,0,0,0,0,0,0,32768,688,0,0,0,0
10266,LegacyNetUXHost.exe,0,0,144,3,0,4,0,65535,0,184,0,0,0,64,0,0,0,240,34404,7,0,0,240,34,523,14,13,125952,73728,0,115536,4096,0,5368709120,4096,512,10,0,10,0,10,0,217088,1024,236656,2,49504,524288,8192,1048576,4096,0,0,183208,560,208896,1048,196608,5496,0,0,212992,820,156464,84,0,0,0,0,135024,264,0,0,135288,1216,182848,128,0,0
10267,LicenseManagerShellext.exe,0,0,144,3,0,4,0,65535,0,184,0,0,0,64,0,0,0,240,34404,7,0,0,240,34,523,14,13,25088,23552,0,22528,4096,0,5368709120,4096,512,10,0,10,0,10,0,69632,1024,78962,2,49504,524288,8192,1048576,4096,0,0,42560,560,61440,3080,53248,1860,0,0,65536,200,37648,84,0,0,0,0,33216,264,0,0,33480,960,42240,64,0,0
10268,LicensingUI.exe,0,0,144,3,0,4,0,65535,0,184,0,0,0,64,0,0,0,232,34404,7,0,0,240,34,523,14,13,110080,30208,512,111104,4096,0,5368709120,4096,512,10,0,10,0,10,0,159744,1024,182750,2,49632,524288,8192,1048576,4096,0,0,136704,400,151552,2632,147456,1344,139264,9976,155648,336,133680,84,0,0,119800,40,119536,264,0,0,119840,960,0,0,0,0
10269,LightscreenPortable_2.5_English.paf.exe,0,0,144,3,0,4,0,65535,0,184,0,0,0,64,0,0,0,216,332,5,0,0,224,271,267,6,0,26112,428544,16384,13784,4096,32768,4194304,4096,512,4,0,6,0,4,0,1994752,1024,8259795,2,34112,1048576,4096,1048576,4096,0,0,34052,160,1888256,104856,0,0,8241008,8608,0,0,0,0,0,0,0,0,0,0,0,0,32768,688,0,0,0,0
10270,ListaryPortable_3.51.858.paf.exe,0,0,144,3,0,4,0,65535,0,184,0,0,0,64,0,0,0,208,332,6,0,0,224,258,267,10,0,28672,445952,16896,14819,4096,32768,4194304,4096,512,5,0,6,0,5,0,1359872,1024,0,2,34112,1048576,4096,1048576,4096,0,0,39780,180,1245184,107720,0,0,0,0,499712,2488,0,0,0,0,0,0,0,0,0,0,32768,720,0,0,0,0
10271,LiveContactsView.exe,0,0,144,3,0,4,0,65535,0,184,0,0,0,64,0,0,0,240,332,3,0,0,224,259,267,8,0,86016,8192,131072,219392,135168,221184,4194304,4096,512,4,0,0,0,4,0,229376,4096,162145,2,0,1048576,4096,1048576,4096,0,0,228776,576,221184,7592,0,0,94208,6240,0,0,0,0,0,0,0,0,219796,72,0,0,0,0,0,0,0,0
10272,LiveTcpUdpWatch.exe,0,0,144,3,0,4,0,65535,0,184,0,0,0,64,0,0,0,224,34404,5,0,0,240,35,523,8,0,96256,56832,0,97744,4096,0,5368709120,4096,512,4,0,0,0,5,2,176128,1024,211106,2,32768,1048576,4096,1048576,4096,0,0,116976,200,147456,27836,139264,4212,154112,8568,0,0,104720,28,0,0,0,0,0,0,0,0,102400,2136,0,0,0,0
10273,LoadedDllsView.exe,0,0,144,3,0,4,0,65535,0,184,0,0,0,64,0,0,0,232,34404,5,0,0,240,35,523,8,0,79872,46592,0,82544,4096,0,5368709120,4096,512,4,0,0,0,5,2,212992,1024,151226,2,32768,1048576,4096,1048576,4096,0,0,98000,200,188416,22064,184320,3300,127488,8568,0,0,88048,28,0,0,0,0,0,0,0,0,86016,1944,0,0,0,0
10274,LocationNotificationWindows.exe,0,0,144,3,0,4,0,65535,0,184,0,0,0,64,0,0,0,240,34404,6,0,0,240,34,523,14,13,37888,31232,0,13184,4096,0,5368709120,4096,512,10,0,10,0,10,0,86016,1024,106432,2,49504,524288,8192,1048576,4096,0,0,62344,380,77824,1368,73728,2652,0,0,81920,244,51696,84,0,0,45912,40,45552,264,0,0,45968,1256,0,0,0,0
10275,Locator.exe,0,0,144,3,0,4,0,65535,0,184,0,0,0,64,0,0,0,232,34404,6,0,0,240,34,523,14,13,3072,8704,0,5360,4096,0,5368709120,4096,512,10,0,10,0,10,0,28672,1024,21488,3,49504,524288,8192,1048576,4096,0,0,9812,240,20480,2016,16384,252,0,0,24576,44,8992,84,0,0,0,0,8208,264,0,0,8472,368,0,0,0,0
10276,LockAppHost.exe,0,0,144,3,0,4,0,65535,0,184,0,0,0,64,0,0,0,248,34404,7,0,0,240,34,523,14,13,50688,32256,512,13616,4096,0,5368709120,4096,512,10,0,10,0,10,0,106496,1024,124988,2,49632,524288,8192,1048576,4096,0,0,78224,480,98304,1008,90112,4224,80896,9704,102400,700,71232,84,0,0,65208,40,64944,264,0,0,65336,1160,0,0,0,0
10277,LockScreenContentServer.exe,0,0,144,3,0,4,0,65535,0,184,0,0,0,64,0,0,0,232,34404,6,0,0,240,34,523,14,13,16384,23040,0,16960,4096,0,5368709120,4096,512,10,0,10,0,10,0,57344,1024,63715,2,49504,524288,8192,1048576,4096,0,0,26752,520,49152,2336,45056,924,38912,9312,53248,332,25008,84,0,0,21896,40,21632,264,0,0,21936,1744,0,0,0,0
10278,LogonUI.exe,0,0,144,3,0,4,0,65535,0,184,0,0,0,64,0,0,0,248,34404,6,0,0,240,34,523,14,13,4608,9728,0,6528,4096,0,5368709120,4096,512,10,0,10,0,10,0,32768,1024,61284,2,49504,524288,8192,1048576,4096,0,0,14508,220,24576,2336,20480,420,0,0,28672,32,13200,84,0,0,0,0,12304,264,0,0,12568,384,0,0,0,0
10279,LsaIso.exe,0,0,144,3,0,4,0,65535,0,184,0,0,0,64,0,0,0,240,34404,7,0,0,240,34,523,14,13,172544,97792,0,172848,4096,0,5368709120,4096,512,10,0,10,0,10,0,290816,1024,332723,2,49504,524288,8192,1048576,4096,248544,84,248628,600,282624,1032,270336,6720,267264,11152,286720,3732,240144,84,0,0,0,0,212896,264,0,0,213160,2400,0,0,0,0
10280,MACAddressView.exe,0,0,144,3,0,4,0,65535,0,184,0,0,0,64,0,0,0,240,332,3,0,0,224,259,267,8,0,1130496,8192,3997696,5130464,4001792,5132288,4194304,4096,512,4,0,0,0,4,0,5140480,4096,1202595,2,0,1048576,4096,1048576,4096,0,0,5138936,484,5132288,6648,0,0,1137664,8568,0,0,0,0,0,0,0,0,0,0,0,0,0,0,0,0,0,0
10281,MBR2GPT.EXE,0,0,144,3,0,4,0,65535,0,184,0,0,0,64,0,0,0,216,34404,5,0,0,240,3106,523,14,13,652800,210432,0,649664,4096,0,5368709120,4096,512,10,0,10,0,6,1,876544,1024,887420,3,49504,524288,8192,1048576,4096,0,0,834788,280,0,0,856064,15936,0,0,872448,2536,814432,84,0,0,0,0,675008,264,0,0,675272,3000,0,0,0,0
10282,MDEServer.exe,0,0,144,3,0,4,0,65535,0,184,0,0,0,64,0,0,0,232,34404,7,0,0,240,34,523,14,13,377344,86528,0,374320,4096,0,5368709120,4096,512,10,0,10,0,10,0,483328,1024,470904,2,49504,524288,8192,1048576,4096,0,0,437960,580,475136,2032,458752,9168,0,0,479232,2832,425392,84,0,0,396904,40,396640,264,0,0,396944,1472,434584,320,0,0
10283,MDMAgent.exe,0,0,144,3,0,4,0,65535,0,184,0,0,0,64,0,0,0,248,34404,6,0,0,240,34,523,14,13,73728,38400,0,73040,4096,0,5368709120,4096,512,10,0,10,0,10,0,126976,1024,122570,2,49504,524288,8192,1048576,4096,0,0,103072,440,118784,1432,114688,2820,0,0,122880,216,92016,84,0,0,78552,40,78288,264,0,0,78592,1328,0,0,0,0
10284,MDMAppInstaller.exe,0,0,144,3,0,4,0,65535,0,184,0,0,0,64,0,0,0,232,34404,7,0,0,240,34,523,14,13,84992,65024,0,83280,4096,0,5368709120,4096,512,10,0,10,0,10,0,167936,1024,163428,2,49504,524288,8192,1048576,4096,0,0,139496,320,159744,1768,151552,3684,0,0,163840,184,128560,84,0,0,90648,40,90384,264,0,0,90688,1488,139248,64,0,0
10285,MMCSnapInsView.exe,0,0,144,3,0,4,0,65535,0,184,0,0,0,64,0,0,0,216,34404,5,0,0,240,35,523,8,0,62976,40960,0,65792,4096,0,5368709120,4096,512,4,0,0,0,5,2,122880,1024,124599,2,32768,1048576,4096,1048576,4096,0,0,80552,240,102400,19604,98304,2652,104960,6240,0,0,71536,28,0,0,0,0,0,0,0,0,69632,1824,0,0,0,0
10286,MRINFO.EXE,0,0,144,3,0,4,0,65535,0,184,0,0,0,64,0,0,0,232,332,5,0,0,224,258,267,14,13,6656,9728,0,9120,4096,12288,4194304,4096,512,10,0,10,0,10,0,28672,1024,53766,3,49472,262144,8192,1048576,4096,0,0,16704,340,20480,2080,0,0,0,0,24576,544,4448,84,0,0,0,0,4104,164,0,0,16384,316,0,0,0,0
10287,MSBuild.exe,0,0,144,3,0,4,0,65535,0,184,0,0,0,64,0,0,0,128,332,3,0,0,224,290,267,48,0,228352,16896,0,236142,8192,237568,4194304,8192,512,4,0,0,0,6,0,262144,512,295274,3,34144,1048576,4096,1048576,4096,0,0,236060,79,237568,16128,0,0,245760,15952,253952,12,235748,28,0,0,0,0,0,0,0,0,8192,8,0,0,8200,72
10288,MSchedExe.exe,0,0,144,3,0,4,0,65535,0,184,0,0,0,64,0,0,0,224,34404,6,0,0,240,34,523,14,13,2560,80384,0,5200,4096,0,5368709120,4096,512,10,0,10,0,10,0,102400,1024,143625,2,49504,524288,8192,1048576,4096,0,0,9716,100,20480,75160,16384,204,0,0,98304,32,8896,84,0,0,0,0,8208,264,0,0,8472,288,0,0,0,0
10289,MUICacheView.exe,0,0,144,3,0,4,0,65535,0,184,0,0,0,64,0,0,0,232,332,3,0,0,224,259,267,8,0,28672,4096,49152,77888,53248,81920,4194304,4096,512,4,0,0,0,4,0,86016,4096,0,2,0,1048576,4096,1048576,4096,0,0,85348,516,81920,3428,0,0,0,0,0,0,0,0,0,0,0,0,0,0,0,0,0,0,0,0,0,0
10290,MZCacheView.exe,0,0,144,3,0,4,0,65535,0,184,0,0,0,64,0,0,0,232,332,3,0,0,224,259,267,8,0,245760,8192,319488,565424,323584,569344,4194304,4096,512,4,0,0,0,4,0,577536,4096,320293,2,0,1048576,4096,1048576,4096,0,0,575100,540,569344,5756,0,0,250368,8568,0,0,0,0,0,0,0,0,565860,72,0,0,0,0,0,0,0,0
10291,MadPassExt.exe,0,0,144,3,0,4,0,65535,0,184,0,0,0,64,0,0,0,232,332,4,0,0,224,259,267,8,0,28672,17408,0,31414,4096,32768,4194304,4096,512,4,0,0,0,4,0,69632,1024,106611,2,0,1048576,4096,1048576,4096,0,0,35580,180,57344,10888,0,0,0,0,0,0,33344,28,0,0,0,0,0,0,0,0,32768,524,0,0,0,0
10292,Magnify.exe,0,0,144,3,0,4,0,65535,0,184,0,0,0,64,0,0,0,256,332,6,0,0,224,258,267,14,13,293888,456704,0,276272,4096,299008,4194304,4096,512,10,0,10,0,10,0,765952,1024,799309,2,49472,262144,8192,1048576,4096,0,0,309388,440,331776,415336,0,0,0,0,749568,13928,21984,84,0,0,6508,24,4152,164,0,0,307200,2184,297148,160,0,0
10293,ManageWirelessNetworks.exe,0,0,144,3,0,4,0,65535,0,184,0,0,0,64,0,0,0,240,332,4,0,0,224,259,267,8,0,69632,47104,0,72388,4096,73728,4194304,4096,512,4,0,0,0,4,0,131072,1024,171201,2,0,1048576,4096,1048576,4096,0,0,82892,240,98304,30168,0,0,117760,8568,0,0,74864,28,0,0,0,0,0,0,0,0,73728,1084,0,0,0,0
10294,MbaeParserTask.exe,0,0,144,3,0,4,0,65535,0,184,0,0,0,64,0,0,0,240,34404,6,0,0,240,34,523,14,13,75264,43008,0,74288,4096,0,5368709120,4096,512,10,0,10,0,10,0,135168,1024,140188,3,49504,524288,8192,1048576,4096,0,0,104248,300,118784,9176,114688,2712,0,0,131072,184,96896,84,0,0,82632,40,82368,264,0,0,82672,1200,0,0,0,0
10295,MdRes.exe,0,0,144,3,0,4,0,65535,0,184,0,0,0,64,0,0,0,240,34404,6,0,0,240,34,523,14,13,7680,79872,0,9696,4096,0,5368709120,4096,512,10,0,10,0,10,0,106496,1024,137104,2,49504,524288,8192,1048576,4096,0,0,15284,200,28672,71512,24576,384,0,0,102400,80,14208,84,0,0,0,0,12448,264,0,0,12712,576,0,0,0,0
10296,MdSched.exe,0,0,144,3,0,4,0,65535,0,184,0,0,0,64,0,0,0,224,34404,6,0,0,240,34,523,14,13,10752,81920,0,12608,4096,0,5368709120,4096,512,10,0,10,0,10,0,110592,1024,98763,2,49504,524288,8192,1048576,4096,0,0,19700,160,32768,73352,28672,468,0,0,106496,84,18512,84,0,0,0,0,16560,264,0,0,16824,520,0,0,0,0
10297,MdmDiagnosticsTool.exe,0,0,144,3,0,4,0,65535,0,184,0,0,0,64,0,0,0,232,34404,6,0,0,240,34,523,14,13,25088,24064,0,25488,4096,0,5368709120,4096,512,10,0,10,0,10,0,69632,1024,105973,3,49504,524288,8192,1048576,4096,0,0,46692,360,61440,1056,57344,1608,0,0,65536,448,42896,84,0,0,0,0,35504,264,0,0,35768,816,0,0,0,0
10298,Microsoft.AAD.BrokerPlugin.exe,0,0,144,3,0,4,0,65535,0,184,0,0,0,64,0,0,0,240,34404,6,0,0,240,34,523,14,13,120832,101376,0,109904,4096,0,5368709120,4096,512,6,0,0,0,6,0,241664,1024,241013,2,49504,1048576,4096,1048576,4096,0,0,194784,320,233472,1104,221184,9120,221184,8504,237568,2736,154816,84,0,0,155176,40,154912,264,0,0,126976,1096,0,0,0,0
10299,Microsoft.AsyncTextService.exe,0,0,144,3,0,4,0,65535,0,184,0,0,0,64,0,0,0,232,34404,6,0,0,240,34,523,14,13,389120,264704,0,355280,4096,0,5368709120,4096,512,6,0,0,0,6,0,667648,1024,702543,2,49504,1048576,4096,1048576,4096,0,0,570056,540,651264,1040,622592,25908,0,0,655360,8956,469136,84,0,0,0,0,469232,264,0,0,393216,1984,0,0,0,0
10300,Microsoft.ECApp.exe,0,0,144,3,0,4,0,65535,0,184,0,0,0,64,0,0,0,248,34404,6,0,0,240,34,523,14,13,691200,454656,0,643312,4096,0,5368709120,4096,512,6,0,0,0,6,0,1155072,1024,1202351,2,49504,1048576,4096,1048576,4096,0,0,1033544,640,1138688,976,1097728,40404,0,0,1142784,12044,817920,84,0,0,818280,40,818016,264,0,0,696320,1944,0,0,0,0
10301,Microsoft.SharePoint.exe,0,0,144,3,0,4,0,65535,0,184,0,0,0,64,0,0,0,264,34404,7,0,0,240,34,523,14,29,600576,423424,0,277792,4096,0,5368709120,4096,512,6,0,0,0,6,0,1044480,1024,1078706,2,49504,1048576,4096,1048576,4096,0,0,782176,300,851968,181144,819200,25284,1018368,9632,1036288,5876,716800,140,0,0,717312,40,716944,312,0,0,606208,2384,0,0,0,0
10302,Microsoft.Uev.CscUnpinTool.exe,0,0,144,3,0,4,0,65535,0,184,0,0,0,64,0,0,0,224,34404,6,0,0,240,34,523,14,13,275456,148480,0,253728,4096,0,5368709120,4096,512,10,0,10,0,10,0,442368,1024,448199,2,49504,524288,8192,1048576,4096,0,0,386424,160,434176,1120,417792,12600,0,0,438272,2220,324752,84,0,0,290776,40,290512,264,0,0,290816,1392,0,0,0,0
10303,MicrosoftEdgeBCHost.exe,0,0,144,3,0,4,0,65535,0,184,0,0,0,64,0,0,0,248,34404,7,0,0,240,34,523,14,13,36864,69120,0,18144,4096,0,5368709120,4096,512,10,0,10,0,10,0,122880,1024,163764,2,49504,524288,8192,1048576,4096,0,0,60072,680,77824,37760,69632,2412,0,0,118784,276,50144,84,0,0,0,0,41072,264,0,0,41984,1144,59728,128,0,0
10304,MicrosoftEdgeCP.exe,0,0,144,3,0,4,0,65535,0,184,0,0,0,64,0,0,0,248,34404,7,0,0,240,34,523,14,13,36864,69120,0,18144,4096,0,5368709120,4096,512,10,0,10,0,10,0,122880,1024,163764,2,49504,524288,8192,1048576,4096,0,0,60072,680,77824,37760,69632,2412,0,0,118784,276,50144,84,0,0,0,0,41072,264,0,0,41984,1144,59728,128,0,0
10305,MicrosoftEdgeDevTools.exe,0,0,144,3,0,4,0,65535,0,184,0,0,0,64,0,0,0,248,34404,7,0,0,240,34,523,14,13,36864,69120,0,18144,4096,0,5368709120,4096,512,10,0,10,0,10,0,122880,1024,163764,2,49504,524288,8192,1048576,4096,0,0,60072,680,77824,37760,69632,2412,0,0,118784,276,50144,84,0,0,0,0,41072,264,0,0,41984,1144,59728,128,0,0
10306,MicrosoftEdgeSH.exe,0,0,144,3,0,4,0,65535,0,184,0,0,0,64,0,0,0,248,34404,7,0,0,240,34,523,14,13,28160,30208,0,10752,4096,0,5368709120,4096,512,10,0,10,0,10,0,77824,1024,73161,2,49504,524288,8192,1048576,4096,0,0,49896,680,69632,1464,61440,2472,0,0,73728,256,41392,84,0,0,0,0,32880,264,0,0,33784,1120,49800,64,0,0
10307,MicrosoftPdfReader.exe,0,0,144,3,0,4,0,65535,0,184,0,0,0,64,0,0,0,240,34404,6,0,0,240,34,523,14,13,1693696,1130496,0,1616992,4096,0,5368709120,4096,512,6,2,0,0,6,2,2834432,1024,2852207,2,53600,1048576,4096,1048576,4096,0,0,2495728,800,2789376,1032,2674688,113928,2821632,8520,2793472,39700,2025616,84,0,0,2025976,40,2025712,264,0,0,1699840,2776,0,0,0,0
10308,MigRegDB.exe,0,0,144,3,0,4,0,65535,0,184,0,0,0,64,0,0,0,224,332,5,0,0,224,258,267,14,13,5632,6144,0,7648,4096,12288,4194304,4096,512,10,0,10,0,10,0,28672,1024,71153,3,49472,262144,8192,1048576,4096,0,0,16568,100,20480,2000,0,0,0,0,24576,392,4608,84,0,0,0,0,4104,164,0,0,16384,180,0,0,0,0
10309,MobileFileSearch.exe,0,0,144,3,0,4,0,65535,0,184,0,0,0,64,0,0,0,224,34404,5,0,0,240,35,523,8,0,103424,58368,0,105952,4096,0,5368709120,4096,512,4,0,0,0,5,2,184320,1024,219556,2,32768,1048576,4096,1048576,4096,0,0,126712,220,155648,28224,147456,4248,162816,8568,0,0,112800,28,0,0,0,0,0,0,0,0,110592,2072,0,0,0,0
10310,MonitorInfoView.exe,0,0,144,3,0,4,0,65535,0,184,0,0,0,64,0,0,0,240,332,3,0,0,224,259,267,8,0,32768,8192,45056,78464,49152,81920,4194304,4096,512,4,0,0,0,4,0,90112,4096,79685,2,0,1048576,4096,1048576,4096,0,0,86096,476,81920,4176,0,0,36352,8552,0,0,0,0,0,0,0,0,0,0,0,0,0,0,0,0,0,0
10311,MozillaHistoryView.exe,0,0,144,3,0,4,0,65535,0,184,0,0,0,64,0,0,0,232,34404,5,0,0,240,35,523,8,0,580608,122880,0,582864,4096,0,5368709120,4096,512,4,0,0,0,5,2,720896,1024,717807,2,32768,1048576,4096,1048576,4096,0,0,652248,200,704512,14380,675840,25932,704512,8568,0,0,588048,28,0,0,0,0,0,0,0,0,585728,2232,0,0,0,0
10312,MpCmdRun.exe,0,0,144,3,0,4,0,65535,0,184,0,0,0,64,0,0,0,240,34404,7,0,0,240,34,523,14,13,227328,221184,0,211408,4096,0,5368709120,4096,512,10,0,10,0,6,3,471040,1024,471479,3,49632,524288,8192,1048576,4096,0,0,374008,400,417792,46136,401408,9348,446976,23048,466944,1032,338384,84,0,0,236424,40,233600,264,0,0,236464,2360,373576,128,0,0
10313,MsMpEng.exe,0,0,144,3,0,4,0,65535,0,184,0,0,0,64,0,0,0,240,34404,6,0,0,240,34,523,14,13,58880,35840,0,47984,4096,0,5368709120,4096,512,10,0,10,0,6,3,110592,1024,164860,2,49632,524288,65536,1048576,4096,0,0,83844,280,102400,2632,98304,3864,93184,17760,106496,344,72384,84,0,0,66520,40,66256,264,0,0,66560,1008,0,0,0,0
10314,MsSpellCheckingHost.exe,0,0,144,3,0,4,0,65535,0,184,0,0,0,64,0,0,0,248,34404,6,0,0,240,34,523,14,13,44032,38912,0,41568,4096,0,5368709120,4096,512,10,0,10,0,10,0,94208,1024,116852,2,49504,524288,8192,1048576,4096,0,0,68480,440,81920,6888,77824,2664,0,0,90112,772,61648,84,0,0,0,0,53312,264,0,0,53576,1184,0,0,0,0
10315,MuiUnattend.exe,0,0,144,3,0,4,0,65535,0,184,0,0,0,64,0,0,0,248,332,6,0,0,224,258,267,14,13,70144,14336,0,71664,4096,77824,4194304,4096,512,10,0,10,0,10,0,106496,1024,89731,3,49472,262144,8192,1048576,4096,0,0,82536,580,94208,1832,0,0,0,0,98304,4284,32800,84,0,0,0,0,11160,164,0,0,81920,612,73740,64,0,0
10316,MultiDigiMon.exe,0,0,144,3,0,4,0,65535,0,184,0,0,0,64,0,0,0,240,34404,7,0,0,240,34,523,14,13,12288,41984,0,14144,4096,0,5368709120,4096,512,10,0,10,0,10,0,73728,1024,101554,2,49504,524288,8192,1048576,4096,0,0,21088,500,40960,28408,32768,636,0,0,69632,60,19200,84,0,0,0,0,16400,264,0,0,16664,1072,20892,96,0,0
10317,MultiMonitorTool.exe,0,0,144,3,0,4,0,65535,0,184,0,0,0,64,0,0,0,232,34404,5,0,0,240,35,523,8,0,94208,55808,0,97152,4096,0,5368709120,4096,512,4,0,0,0,5,2,163840,1024,207290,2,32768,1048576,4096,1048576,4096,0,0,112032,200,131072,29992,126976,3540,151040,8552,0,0,100368,28,0,0,0,0,0,0,0,0,98304,1984,0,0,0,0
10318,MusNotification.exe,0,0,144,3,0,4,0,65535,0,184,0,0,0,64,0,0,0,248,34404,7,0,0,240,34,523,14,13,356352,173056,0,308224,4096,0,5368709120,4096,512,10,0,10,0,10,0,548864,1024,531356,2,49504,524288,8192,1048576,4096,0,0,504904,980,540672,1056,524288,11004,0,0,544768,1292,415744,84,0,0,0,0,367056,264,0,0,367320,2032,504112,256,0,0
10319,MusNotificationUx.exe,0,0,144,3,0,4,0,65535,0,184,0,0,0,64,0,0,0,256,34404,8,0,0,240,34,523,14,13,231424,158208,512,191344,4096,0,5368709120,4096,512,10,0,10,0,10,0,413696,1024,422541,2,49632,524288,8192,1048576,4096,0,0,374352,1020,405504,1752,389120,8268,0,0,409600,724,308256,84,0,0,0,0,244176,264,0,0,244440,1960,373664,192,0,0
10320,MusNotifyIcon.exe,0,0,144,3,0,4,0,65535,0,184,0,0,0,64,0,0,0,256,34404,7,0,0,240,34,523,14,13,111616,252928,0,77168,4096,0,5368709120,4096,512,10,0,10,0,10,0,389120,1024,438712,2,49504,524288,8192,1048576,4096,0,0,164464,940,192512,189000,180224,5472,363520,12024,385024,320,137360,84,0,0,0,0,119600,264,0,0,119864,1760,163704,160,0,0
10321,MyEventViewer.exe,0,0,144,3,0,4,0,65535,0,184,0,0,0,64,0,0,0,216,34404,5,0,0,240,35,523,8,0,78848,40960,0,81392,4096,0,5368709120,4096,512,4,0,0,0,5,2,139264,1024,155600,2,32768,1048576,4096,1048576,4096,0,0,99048,180,118784,16892,114688,3168,120832,11984,0,0,87888,28,0,0,0,0,0,0,0,0,86016,1776,0,0,0,0
10322,MyLastSearch.exe,0,0,144,3,0,4,0,65535,0,184,0,0,0,64,0,0,0,248,332,3,0,0,224,259,267,8,0,53248,8192,81920,136608,86016,139264,4194304,4096,512,4,0,0,0,4,0,147456,4096,119485,2,0,1048576,4096,1048576,4096,0,0,143400,516,139264,4136,0,0,57344,11984,0,0,0,0,0,0,0,0,0,0,0,0,0,0,0,0,0,0
10323,NETSTAT.EXE,0,0,144,3,0,4,0,65535,0,184,0,0,0,64,0,0,0,248,332,5,0,0,224,258,267,14,13,20992,12288,0,23520,4096,28672,4194304,4096,512,10,0,10,0,10,0,45056,1024,45681,3,49472,262144,8192,1048576,4096,0,0,33240,460,36864,2104,0,0,0,0,40960,1196,4944,84,0,0,0,0,4104,164,0,0,32768,468,0,0,0,0
10324,NK2Edit.exe,0,0,144,3,0,4,0,65535,0,184,0,0,0,64,0,0,0,232,332,4,0,0,224,259,267,8,0,136192,72704,0,138844,4096,143360,4194304,4096,512,4,0,0,0,4,0,225280,1024,224769,2,0,1048576,4096,1048576,4096,0,0,166612,220,184320,40604,0,0,209920,8568,0,0,144544,28,0,0,0,0,0,0,0,0,143360,1136,0,0,0,0
10325,NTFSLinksView.exe,0,0,144,3,0,4,0,65535,0,184,0,0,0,64,0,0,0,224,34404,5,0,0,240,35,523,8,0,59392,32768,0,61952,4096,0,5368709120,4096,512,4,0,0,0,5,2,110592,1024,113610,2,32768,1048576,4096,1048576,4096,0,0,76032,220,94208,12424,90112,2604,93184,8552,0,0,67296,28,0,0,0,0,0,0,0,0,65536,1688,0,0,0,0
10326,Narrator.exe,0,0,144,3,0,4,0,65535,0,184,0,0,0,64,0,0,0,240,34404,6,0,0,240,34,523,14,13,187392,212992,0,173712,4096,0,5368709120,4096,512,10,0,10,0,10,0,413696,1024,429628,2,49504,524288,8192,1048576,4096,0,0,255184,360,303104,105352,290816,9108,0,0,409600,2208,228400,84,0,0,200824,40,200560,264,0,0,200864,4992,0,0,0,0
10327,NarratorQuickStart.exe,0,0,144,3,0,4,0,65535,0,184,0,0,0,64,0,0,0,240,34404,5,0,0,240,34,523,14,13,310784,225792,0,286208,4096,0,5368709120,4096,512,6,0,0,0,6,0,548864,1024,551095,2,49504,1048576,4096,1048576,4096,0,0,475544,360,0,0,520192,20448,0,0,540672,6484,378592,84,0,0,0,0,378688,264,0,0,315392,1600,0,0,0,0
10328,NetBScanner.exe,0,0,144,3,0,4,0,65535,0,184,0,0,0,64,0,0,0,232,332,4,0,0,224,259,267,8,0,44032,734720,0,46644,4096,49152,4194304,4096,512,4,0,0,0,4,0,794624,1024,811018,2,0,1048576,4096,1048576,4096,0,0,55572,220,69632,722144,0,0,779776,11984,0,0,50128,28,0,0,0,0,0,0,0,0,49152,896,0,0,0,0
10329,NetCfgNotifyObjectHost.exe,0,0,144,3,0,4,0,65535,0,184,0,0,0,64,0,0,0,240,332,5,0,0,224,258,267,14,13,46080,13312,0,39616,4096,53248,4194304,4096,512,10,0,10,0,10,0,73728,1024,67230,2,49472,262144,8192,1048576,4096,0,0,57844,460,65536,2072,0,0,0,0,69632,3660,7904,84,0,0,0,0,4536,164,0,0,57344,496,0,0,0,0
10330,NetConnectChoose.exe,0,0,144,3,0,4,0,65535,0,184,0,0,0,64,0,0,0,232,332,4,0,0,224,259,267,8,0,49664,36352,0,52188,4096,57344,4194304,4096,512,4,0,0,0,4,0,106496,1024,115099,2,0,1048576,4096,1048576,4096,0,0,65028,200,81920,21868,0,0,87040,6240,0,0,58288,28,0,0,0,0,0,0,0,0,57344,896,0,0,0,0
10331,NetEvtFwdr.exe,0,0,144,3,0,4,0,65535,0,184,0,0,0,64,0,0,0,248,34404,6,0,0,240,34,523,14,13,26624,19968,0,27936,4096,0,5368709120,4096,512,10,0,10,0,10,0,65536,1024,78341,3,49504,524288,8192,1048576,4096,0,0,41516,400,57344,1760,53248,1416,0,0,61440,168,37120,84,0,0,0,0,33776,264,0,0,34040,1200,0,0,0,0
10332,NetHost.exe,0,0,144,3,0,4,0,65535,0,184,0,0,0,64,0,0,0,240,34404,7,0,0,240,34,523,14,13,2560,8192,0,4960,4096,0,5368709120,4096,512,10,0,10,0,10,0,32768,1024,47321,3,49504,524288,8192,1048576,4096,0,0,10000,220,24576,1032,16384,228,0,0,28672,44,8928,84,0,0,0,0,8208,264,0,0,8472,312,9868,64,0,0
10333,NetResView.exe,0,0,144,3,0,4,0,65535,0,184,0,0,0,64,0,0,0,224,332,3,0,0,224,259,267,8,0,32768,16384,53248,86768,57344,90112,4194304,4096,512,4,0,0,0,4,0,106496,4096,0,2,0,1048576,4096,1048576,4096,0,0,102452,608,90112,12340,0,0,0,0,0,0,0,0,0,0,0,0,0,0,0,0,0,0,0,0,0,0
10334,NetRouteView.exe,0,0,144,3,0,4,0,65535,0,184,0,0,0,64,0,0,0,232,332,3,0,0,224,259,267,8,0,32768,8192,57344,92512,61440,94208,4194304,4096,512,4,0,0,0,4,0,102400,4096,111319,2,0,1048576,4096,1048576,4096,0,0,98076,540,94208,3868,0,0,37376,8568,0,0,0,0,0,0,0,0,0,0,0,0,0,0,0,0,0,0
10335,Netplwiz.exe,0,0,144,3,0,4,0,65535,0,184,0,0,0,64,0,0,0,240,332,5,0,0,224,258,267,14,13,11264,23552,0,13376,4096,16384,4194304,4096,512,10,0,10,0,10,0,49152,1024,97731,2,49472,262144,8192,1048576,4096,0,0,20816,240,24576,18072,0,0,0,0,45056,788,4960,84,0,0,0,0,4104,164,0,0,20480,332,0,0,0,0
10336,NetworkConnectLog.exe,0,0,144,3,0,4,0,65535,0,184,0,0,0,64,0,0,0,248,332,3,0,0,224,259,267,8,0,360448,16384,659456,1020768,663552,1024000,4194304,4096,512,4,0,0,0,4,0,1040384,4096,397122,2,0,1048576,4096,1048576,4096,0,0,1035792,576,1024000,11792,0,0,371712,8568,0,0,0,0,0,0,0,0,0,0,0,0,0,0,0,0,0,0
10337,NetworkCountersWatch.exe,0,0,144,3,0,4,0,65535,0,184,0,0,0,64,0,0,0,248,332,4,0,0,224,259,267,8,0,41984,33792,0,44884,4096,49152,4194304,4096,512,4,0,0,0,4,0,94208,1024,126193,2,0,1048576,4096,1048576,4096,0,0,55324,180,69632,21300,0,0,76800,8552,0,0,50032,28,0,0,0,0,0,0,0,0,49152,836,0,0,0,0
10338,NetworkInterfacesView.exe,0,0,144,3,0,4,0,65535,0,184,0,0,0,64,0,0,0,232,34404,5,0,0,240,35,523,8,0,69632,52736,0,72336,4096,0,5368709120,4096,512,4,0,0,0,5,2,139264,1024,165142,2,32768,1048576,4096,1048576,4096,0,0,86896,200,106496,29168,102400,2856,123392,8552,0,0,75632,28,0,0,0,0,0,0,0,0,73728,1816,0,0,0,0
10339,NetworkLatencyView.exe,0,0,144,3,0,4,0,65535,0,184,0,0,0,64,0,0,0,224,34404,5,0,0,240,35,523,8,0,136704,71168,0,138240,4096,0,5368709120,4096,512,4,0,0,0,5,2,290816,1024,282077,2,32768,1048576,4096,1048576,4096,0,0,164744,220,258048,28724,249856,4920,208896,8568,0,0,145856,28,0,0,0,0,0,0,0,0,143360,2304,0,0,0,0
10340,NetworkOpenedFiles.exe,0,0,144,3,0,4,0,65535,0,184,0,0,0,64,0,0,0,216,34404,5,0,0,240,35,523,8,0,101376,53248,0,103600,4096,0,5368709120,4096,512,4,0,0,0,5,2,176128,1024,221386,2,32768,1048576,4096,1048576,4096,0,0,120672,240,147456,25924,143360,4032,155648,8568,0,0,108816,28,0,0,0,0,0,0,0,0,106496,2160,0,0,0,0
10341,NetworkTrafficView.exe,0,0,144,3,0,4,0,65535,0,184,0,0,0,64,0,0,0,232,34404,5,0,0,240,35,523,8,0,160768,85504,0,162704,4096,0,5368709120,4096,512,4,0,0,0,5,2,327680,1024,266123,2,32768,1048576,4096,1048576,4096,0,0,192496,260,290816,35616,282624,5604,247296,8568,0,0,170528,28,0,0,0,0,0,0,0,0,167936,2424,0,0,0,0
10342,NetworkUsageView.exe,0,0,144,3,0,4,0,65535,0,184,0,0,0,64,0,0,0,216,34404,5,0,0,240,35,523,8,0,104448,52224,0,106864,4096,0,5368709120,4096,512,4,0,0,0,5,2,180224,1024,212906,2,32768,1048576,4096,1048576,4096,0,0,125672,220,155648,24032,147456,4260,157696,8568,0,0,112880,28,0,0,0,0,0,0,0,0,110592,2144,0,0,0,0
10343,NgcIso.exe,0,0,144,3,0,4,0,65535,0,184,0,0,0,64,0,0,0,256,34404,8,0,0,240,34,523,14,13,312320,137728,0,293552,4096,0,5368709120,4096,512,10,0,10,0,10,0,471040,1024,471112,2,49504,524288,8192,1048576,4096,420048,84,420132,560,462848,1040,438272,15264,448512,12768,466944,2116,355856,84,0,0,330824,40,330560,264,0,0,330864,1464,419204,64,0,0
10344,NisSrv.exe,0,0,144,3,0,4,0,65535,0,184,0,0,0,64,0,0,0,248,34404,7,0,0,240,34,523,14,13,1262080,2501632,0,1066720,4096,0,5368709120,4096,512,10,0,10,0,10,0,3784704,1024,3862953,3,49504,524288,65536,1048576,4096,0,0,1653360,680,3768320,6096,3698688,62052,3757056,73072,3776512,6764,1416016,84,0,0,1294536,40,1294272,264,0,0,1294576,3056,1652648,192,0,0
10345,OOBENetworkCaptivePortal.exe,0,0,144,3,0,4,0,65535,0,184,0,0,0,64,0,0,0,240,34404,6,0,0,240,34,523,14,13,357888,236032,0,326768,4096,0,5368709120,4096,512,6,0,0,0,6,0,610304,1024,623536,2,49504,1048576,4096,1048576,4096,526528,160,526688,460,598016,1072,569344,25656,591872,8504,602112,6444,432272,84,0,0,0,0,432368,264,0,0,364544,1832,0,0,0,0
10346,OOBENetworkConnectionFlow.exe,0,0,144,3,0,4,0,65535,0,184,0,0,0,64,0,0,0,248,34404,6,0,0,240,34,523,14,13,329728,213504,0,310032,4096,0,5368709120,4096,512,6,0,0,0,6,0,557056,1024,554892,2,49504,1048576,4096,1048576,4096,498256,160,498416,420,548864,1096,528384,19704,541184,8504,552960,3440,407696,84,0,0,0,0,407792,264,0,0,335872,1640,0,0,0,0
10347,OfficeIns.exe,0,0,144,3,0,4,0,65535,0,184,0,0,0,64,0,0,0,216,34404,5,0,0,240,35,523,8,0,55296,28160,0,58304,4096,0,5368709120,4096,512,4,0,0,0,5,2,102400,1024,133659,2,32768,1048576,4096,1048576,4096,0,0,69600,200,90112,10876,86016,2340,84480,6240,0,0,63120,28,0,0,0,0,0,0,0,0,61440,1616,0,0,0,0
10348,OfflineRegistryFinder.exe,0,0,144,3,0,4,0,65535,0,184,0,0,0,64,0,0,0,224,34404,5,0,0,240,35,523,8,0,92160,58880,0,94784,4096,0,5368709120,4096,512,4,0,0,0,5,2,172032,1024,161610,2,32768,1048576,4096,1048576,4096,0,0,113000,200,139264,30332,135168,3792,152064,8552,0,0,100432,28,0,0,0,0,0,0,0,0,98304,2016,0,0,0,0
10349,OfflineRegistryView.exe,0,0,144,3,0,4,0,65535,0,184,0,0,0,64,0,0,0,232,34404,5,0,0,240,35,523,8,0,64000,39424,0,66544,4096,0,5368709120,4096,512,4,0,0,0,5,2,118784,1024,138489,2,32768,1048576,4096,1048576,4096,0,0,81192,200,98304,19280,94208,2784,104448,11984,0,0,71264,28,0,0,0,0,0,0,0,0,69632,1552,0,0,0,0
10350,OfflineScannerShell.exe,0,0,144,3,0,4,0,65535,0,184,0,0,0,64,0,0,0,248,34404,6,0,0,240,34,523,14,13,219648,243200,0,205024,4096,0,5368709120,4096,512,10,0,10,0,10,0,483328,1024,496614,2,49632,524288,8192,1048576,4096,0,0,332808,700,389120,86800,372736,12588,460288,8504,479232,2120,282976,84,0,0,233144,40,232880,264,0,0,233184,3376,0,0,0,0
10351,On-ScreenKeyboardPortable_2.1.paf.exe,0,0,144,3,0,4,0,65535,0,184,0,0,0,64,0,0,0,216,332,5,0,0,224,271,267,6,0,26112,141824,2048,13477,4096,32768,4194304,4096,512,4,0,6,0,4,0,471040,1024,600491,2,34112,1048576,4096,1048576,4096,0,0,34044,160,352256,116512,0,0,544344,6296,0,0,0,0,0,0,0,0,0,0,0,0,32768,688,0,0,0,0
10352,OpenSaveFilesView.exe,0,0,144,3,0,4,0,65535,0,184,0,0,0,64,0,0,0,224,34404,5,0,0,240,35,523,8,0,64000,40960,0,66464,4096,0,5368709120,4096,512,4,0,0,0,5,2,122880,1024,131911,2,32768,1048576,4096,1048576,4096,0,0,80784,220,102400,19144,98304,2808,105984,11984,0,0,71600,28,0,0,0,0,0,0,0,0,69632,1880,0,0,0,0
10353,OpenVPN.exe,0,0,144,3,0,4,0,65535,0,184,0,0,0,64,0,0,0,240,332,5,0,0,224,303,267,6,0,104448,35328,0,84180,4096,110592,4194304,4096,512,4,0,0,0,4,0,163840,1024,3218401,2,0,1048576,4096,1048576,4096,0,0,125356,100,159744,4050,0,0,3195568,8136,0,0,0,0,0,0,0,0,0,0,0,0,110592,512,0,0,0,0
10354,OpenWith.exe,0,0,144,3,0,4,0,65535,0,184,0,0,0,64,0,0,0,240,332,7,0,0,224,258,267,14,13,37888,53248,512,39392,4096,45056,4194304,4096,512,10,0,10,0,10,0,110592,1024,151940,2,49600,262144,8192,1048576,4096,0,0,53764,300,61440,44512,0,0,91136,9736,106496,2312,7408,84,0,0,0,0,4720,164,0,0,53248,512,41652,96,0,0
10355,OpenedFilesView.exe,0,0,144,3,0,4,0,65535,0,184,0,0,0,64,0,0,0,232,34404,5,0,0,240,35,523,8,0,95232,63488,0,97856,4096,0,5368709120,4096,512,4,0,0,0,5,2,180224,1024,205384,2,32768,1048576,4096,1048576,4096,0,0,116776,200,143360,36588,139264,3636,159744,11984,0,0,104544,28,0,0,0,0,0,0,0,0,102400,2032,0,0,0,0
10356,OperaCacheView.exe,0,0,144,3,0,4,0,65535,0,184,0,0,0,64,0,0,0,232,332,3,0,0,224,259,267,8,0,36864,8192,57344,94752,61440,98304,4194304,4096,512,4,0,0,0,4,0,106496,4096,0,2,0,1048576,4096,1048576,4096,0,0,104548,568,98304,6244,0,0,0,0,0,0,0,0,0,0,0,0,0,0,0,0,0,0,0,0,0,0
10357,OperaPassView.exe,0,0,144,3,0,4,0,65535,0,184,0,0,0,64,0,0,0,248,332,3,0,0,224,259,267,8,0,36864,8192,53248,90288,57344,94208,4194304,4096,512,4,0,0,0,4,0,102400,4096,0,2,0,1048576,4096,1048576,4096,0,0,99356,624,94208,5148,0,0,0,0,0,0,0,0,0,0,0,0,0,0,0,0,0,0,0,0,0,0
10358,OposHost.exe,0,0,144,3,0,4,0,65535,0,184,0,0,0,64,0,0,0,256,332,5,0,0,224,258,267,14,13,31232,12288,0,29216,4096,36864,4194304,4096,512,10,0,10,0,10,0,57344,1024,63374,2,49472,262144,8192,1048576,4096,0,0,41532,600,49152,2872,0,0,0,0,53248,2288,5872,84,0,0,0,0,4224,164,0,0,40960,568,0,0,0,0
10359,OptionalFeatures.exe,0,0,144,3,0,4,0,65535,0,184,0,0,0,64,0,0,0,232,34404,6,0,0,240,34,523,14,13,13312,99328,0,14832,4096,0,5368709120,4096,512,10,0,10,0,10,0,131072,1024,119354,2,49504,524288,8192,1048576,4096,0,0,23896,300,36864,88944,32768,744,0,0,126976,52,22400,84,0,0,0,0,20496,264,0,0,20760,784,0,0,0,0
10360,OutlookAccountsView.exe,0,0,144,3,0,4,0,65535,0,184,0,0,0,64,0,0,0,224,34404,5,0,0,240,35,523,8,0,87040,52224,0,89616,4096,0,5368709120,4096,512,4,0,0,0,5,2,159744,1024,158340,2,32768,1048576,4096,1048576,4096,0,0,109400,220,135168,22288,131072,3960,0,0,0,0,96288,28,0,0,0,0,0,0,0,0,94208,1968,0,0,0,0
10361,OutlookAddressBookView.exe,0,0,144,3,0,4,0,65535,0,184,0,0,0,64,0,0,0,232,34404,5,0,0,240,35,523,8,0,115712,58368,0,118112,4096,0,5368709120,4096,512,4,0,0,0,5,2,200704,1024,206145,2,32768,1048576,4096,1048576,4096,0,0,137984,200,167936,29516,159744,4164,175104,8568,0,0,125008,28,0,0,0,0,0,0,0,0,122880,2008,0,0,0,0
10362,OutlookAttachView.exe,0,0,144,3,0,4,0,65535,0,184,0,0,0,64,0,0,0,240,332,3,0,0,224,259,267,8,0,102400,12288,147456,251440,151552,253952,4194304,4096,512,4,0,0,0,4,0,266240,4096,121155,2,0,1048576,4096,1048576,4096,0,0,262180,620,253952,8228,0,0,111104,8568,0,0,0,0,0,0,0,0,251852,72,0,0,0,0,0,0,0,0
10363,OutlookStatView.exe,0,0,144,3,0,4,0,65535,0,184,0,0,0,64,0,0,0,232,34404,5,0,0,240,35,523,8,0,161792,71168,0,103568,4096,0,5368709120,4096,512,4,0,0,0,5,2,262144,1024,305085,2,32768,1048576,4096,1048576,4096,0,0,194552,220,237568,20828,229376,7416,233984,8568,0,0,170224,28,0,0,0,0,0,0,0,0,167936,2104,0,0,0,0
10364,PATHPING.EXE,0,0,144,3,0,4,0,65535,0,184,0,0,0,64,0,0,0,248,332,5,0,0,224,258,267,14,13,8704,47616,0,11056,4096,16384,4194304,4096,512,10,0,10,0,10,0,69632,1024,32737,3,49472,262144,8192,1048576,4096,0,0,57680,380,61440,2112,0,0,0,0,65536,676,4464,84,0,0,0,0,4104,164,0,0,57344,332,0,0,0,0
10365,PCAnyPass.exe,0,0,144,3,0,4,0,65535,0,184,0,0,0,64,0,0,0,224,332,4,0,0,224,271,267,6,0,24576,28672,0,7084,4096,28672,4194304,4096,4096,4,0,0,0,4,0,57344,4096,0,2,0,1048576,4096,1048576,4096,0,0,30020,140,53248,2536,0,0,0,0,0,0,0,0,0,0,0,0,0,0,0,0,28672,316,0,0,0,0
10366,PCI-ZPortable_2.0_English.paf.exe,0,0,144,3,0,4,0,65535,0,184,0,0,0,64,0,0,0,200,332,5,0,0,224,271,267,6,0,25088,141824,2048,13386,4096,32768,4194304,4096,512,4,0,6,0,4,0,458752,1024,0,2,34112,1048576,4096,1048576,4096,0,0,34052,160,352256,104792,0,0,0,0,0,0,0,0,0,0,0,0,0,0,0,0,32768,692,0,0,0,0
10367,PING.EXE,0,0,144,3,0,4,0,65535,0,184,0,0,0,64,0,0,0,232,332,5,0,0,224,258,267,14,13,10752,12800,0,13328,4096,16384,4194304,4096,512,10,0,10,0,10,0,36864,1024,77716,3,49472,262144,8192,1048576,4096,0,0,24928,380,28672,2080,0,0,0,0,32768,704,4608,84,0,0,0,0,4104,164,0,0,24576,348,0,0,0,0
10368,PackageInspector.exe,0,0,144,3,0,4,0,65535,0,184,0,0,0,64,0,0,0,232,34404,6,0,0,240,34,523,14,13,49152,35328,0,45776,4096,0,5368709120,4096,512,10,0,10,0,10,0,98304,1024,139906,3,49504,524288,8192,1048576,4096,0,0,78172,200,90112,1472,86016,2604,0,0,94208,448,65488,84,0,0,56296,40,56032,264,0,0,56336,880,0,0,0,0
10369,PackagedCWALauncher.exe,0,0,144,3,0,4,0,65535,0,184,0,0,0,64,0,0,0,240,332,5,0,0,224,258,267,14,13,22016,7680,0,22832,4096,28672,4194304,4096,512,10,0,10,0,10,0,45056,1024,79204,2,49472,262144,8192,1048576,4096,0,0,33136,360,36864,1064,0,0,0,0,40960,1172,5248,84,0,0,0,0,4144,164,0,0,32768,364,0,0,0,0
10370,PacketTracer70_64bit_setup.exe,0,0,80,2,0,4,15,65535,0,184,0,0,0,64,26,0,0,256,332,8,0,0,224,33167,267,2,25,65024,53248,0,70588,4096,73728,4194304,4096,512,5,0,6,0,5,0,163840,1024,3682219618,2,32768,1048576,16384,1048576,4096,0,0,102400,3536,114688,45568,0,0,2054368,10896,0,0,0,0,0,0,110592,24,0,0,0,0,103164,524,0,0,0,0
10371,PasswordOnWakeSettingFlyout.exe,0,0,144,3,0,4,0,65535,0,184,0,0,0,64,0,0,0,240,332,6,0,0,224,258,267,14,13,17408,11776,512,18832,4096,24576,4194304,4096,512,10,0,10,0,10,0,49152,1024,58410,2,49600,262144,8192,1048576,4096,0,0,33248,460,40960,3592,0,0,29184,9000,45056,1244,5728,84,0,0,0,0,4248,164,0,0,32768,476,0,0,0,0
10372,PaulStretchPortable_2.2-2_Rev_2_English.paf.exe,0,0,144,3,0,4,0,65535,0,184,0,0,0,64,0,0,0,208,332,6,0,0,224,258,267,10,0,28672,445952,16896,14819,4096,32768,4194304,4096,512,5,0,6,0,5,0,1990656,1024,947268,2,34112,1048576,4096,1048576,4096,0,0,39780,180,1884160,102168,0,0,881832,5984,499712,2488,0,0,0,0,0,0,0,0,0,0,32768,720,0,0,0,0
10373,PeopleExperienceHost.exe,0,0,144,3,0,4,0,65535,0,184,0,0,0,64,0,0,0,240,34404,6,0,0,240,34,523,14,13,249344,178176,0,231520,4096,0,5368709120,4096,512,6,0,0,0,6,0,442368,1024,454238,2,49504,1048576,4096,1048576,4096,0,0,376680,520,430080,1056,413696,16044,425472,8720,434176,4504,308144,84,0,0,0,0,308240,264,0,0,253952,1904,0,0,0,0
10374,PerceptionSimulationDevice.exe,0,0,144,3,0,4,0,65535,0,184,0,0,0,64,0,0,0,240,34404,6,0,0,240,34,523,14,13,29696,28672,0,29776,4096,0,5368709120,4096,512,10,0,10,0,10,0,77824,1024,125546,3,49504,524288,8192,1048576,4096,0,0,53416,480,69632,2080,65536,1884,57344,8504,73728,464,48400,84,0,0,0,0,39632,264,0,0,39896,1024,0,0,0,0
10375,PerceptionSimulationInput.exe,0,0,144,3,0,4,0,65535,0,184,0,0,0,64,0,0,0,248,34404,6,0,0,240,34,523,14,13,586752,355840,0,532464,4096,0,5368709120,4096,512,10,0,10,0,10,0,958464,1024,943232,2,49504,524288,8192,1048576,4096,0,0,846096,640,942080,256,905216,35676,0,0,946176,8304,708112,84,0,0,599144,40,598880,264,0,0,599184,3144,0,0,0,0
10376,PerceptionSimulationService.exe,0,0,144,3,0,4,0,65535,0,184,0,0,0,64,0,0,0,256,34404,6,0,0,240,34,523,14,13,49152,31744,0,46816,4096,0,5368709120,4096,512,10,0,10,0,10,0,94208,1024,104168,3,49504,524288,8192,1048576,4096,0,0,69280,720,86016,1400,81920,2856,0,0,90112,504,64064,84,0,0,55160,40,54896,264,0,0,55200,1536,0,0,0,0
10377,PhotoFiltrePortable_7.2.1_Rev_3.paf.exe,0,0,144,3,0,4,0,65535,0,184,0,0,0,64,0,0,0,216,332,5,0,0,224,271,267,6,0,25088,141824,2048,13238,4096,32768,4194304,4096,512,4,0,6,0,4,0,483328,1024,0,2,34112,1048576,4096,1048576,4096,0,0,33980,160,364544,116768,0,0,0,0,0,0,0,0,0,0,0,0,0,0,0,0,32768,696,0,0,0,0
10378,PickerHost.exe,0,0,144,3,0,4,0,65535,0,184,0,0,0,64,0,0,0,248,332,6,0,0,224,258,267,14,13,71168,14336,512,68304,4096,77824,4194304,4096,512,10,0,10,0,10,0,106496,1024,141137,2,49600,262144,8192,1048576,4096,0,0,86628,460,94208,2288,0,0,84992,9504,98304,4428,12992,84,0,0,6996,24,6832,164,0,0,86016,608,0,0,0,0
10379,PinEnrollmentBroker.exe,0,0,144,3,0,4,0,65535,0,184,0,0,0,64,0,0,0,248,34404,7,0,0,240,34,523,14,13,55808,37888,0,51536,4096,0,5368709120,4096,512,10,0,10,0,10,0,110592,1024,112772,2,49504,524288,8192,1048576,4096,0,0,83448,740,102400,1056,94208,3144,0,0,106496,548,70128,84,0,0,63464,40,63200,264,0,0,63504,1488,82928,128,0,0
10380,PingInfoView.exe,0,0,144,3,0,4,0,65535,0,184,0,0,0,64,0,0,0,240,332,3,0,0,224,259,267,8,0,49152,8192,77824,126784,81920,131072,4194304,4096,512,4,0,0,0,4,0,139264,4096,75539,2,0,1048576,4096,1048576,4096,0,0,135780,568,131072,4708,0,0,52224,8568,0,0,0,0,0,0,0,0,0,0,0,0,0,0,0,0,0,0
10381,PinningConfirmationDialog.exe,0,0,144,3,0,4,0,65535,0,184,0,0,0,64,0,0,0,248,34404,6,0,0,240,34,523,14,13,180224,129024,0,168880,4096,0,5368709120,4096,512,6,0,0,0,6,0,323584,1024,318480,2,49504,1048576,4096,1048576,4096,270144,132,270276,420,315392,1104,299008,12360,0,0,319488,3224,221552,84,0,0,0,0,221648,264,0,0,184320,1648,0,0,0,0
10382,PkgMgr.exe,0,0,144,3,0,4,0,65535,0,184,0,0,0,64,0,0,0,240,332,5,0,0,224,3362,267,14,13,174592,29696,0,175056,4096,180224,4194304,4096,512,10,0,10,0,6,1,221184,1024,269333,2,49472,262144,8192,1048576,4096,0,0,184896,620,192512,5744,0,0,0,0,200704,16520,107600,84,0,0,0,0,4248,64,0,0,184320,572,0,0,0,0
10383,PktMon.exe,0,0,144,3,0,4,0,65535,0,184,0,0,0,64,0,0,0,240,34404,6,0,0,240,34,523,14,13,60928,32768,0,56864,4096,0,5368709120,4096,512,10,0,10,0,10,0,110592,1024,143817,3,49504,524288,8192,1048576,4096,0,0,81020,480,102400,1288,98304,2880,0,0,106496,196,73392,84,0,0,66296,40,66032,264,0,0,66336,1568,0,0,0,0
10384,PnPUnattend.exe,0,0,144,3,0,4,0,65535,0,184,0,0,0,64,0,0,0,232,34404,6,0,0,240,34,523,14,13,34304,26624,0,35760,4096,0,5368709120,4096,512,10,0,10,0,10,0,77824,1024,77786,3,49504,524288,8192,1048576,4096,0,0,55320,200,69632,2056,65536,1368,0,0,73728,284,52672,84,0,0,0,0,40976,264,0,0,41240,1128,0,0,0,0
10385,PngOptimizerPortable_2.5.1.paf.exe,0,0,144,3,0,4,0,65535,0,184,0,0,0,64,0,0,0,200,332,5,0,0,224,271,267,6,0,25088,141824,2048,13386,4096,32768,4194304,4096,512,4,0,6,0,4,0,471040,1024,704542,2,34112,1048576,4096,1048576,4096,0,0,34052,160,352256,114976,0,0,687096,13056,0,0,0,0,0,0,0,0,0,0,0,0,32768,692,0,0,0,0
10386,PortExpertPortable_1.8.3.22_English.paf.exe,0,0,144,3,0,4,0,65535,0,184,0,0,0,64,0,0,0,216,332,5,0,0,224,271,267,6,0,26112,428544,16384,13784,4096,32768,4194304,4096,512,4,0,6,0,4,0,2093056,1024,0,2,34112,1048576,4096,1048576,4096,0,0,34052,160,1986560,105096,0,0,0,0,0,0,0,0,0,0,0,0,0,0,0,0,32768,688,0,0,0,0
10387,PortableApps.com_Platform_Setup_21.1.paf.exe,0,0,144,3,0,4,0,65535,0,184,0,0,0,64,0,0,0,216,332,5,0,0,224,271,267,6,0,26624,428544,16384,13888,4096,32768,4194304,4096,512,4,0,6,0,4,0,2994176,1024,6298813,2,34112,1048576,4096,1048576,4096,0,0,34052,160,2871296,119392,0,0,6228616,10520,0,0,0,0,0,0,0,0,0,0,0,0,32768,688,0,0,0,0
10388,PowderToyPortable_96.2.350_English.paf.exe,0,0,144,3,0,4,0,65535,0,184,0,0,0,64,0,0,0,216,332,5,0,0,224,271,267,6,0,26112,428544,16384,13784,4096,32768,4194304,4096,512,4,0,6,0,4,0,1994752,1024,4221358,2,34112,1048576,4096,1048576,4096,0,0,34052,160,1888256,104888,0,0,4167864,8608,0,0,0,0,0,0,0,0,0,0,0,0,32768,688,0,0,0,0
10389,PresentationHost.exe,0,0,144,3,0,4,0,65535,0,184,0,0,0,64,0,0,0,256,332,5,0,0,224,258,267,14,13,76800,173056,0,72416,4096,81920,4194304,4096,512,10,0,10,0,10,0,262144,1024,302157,2,49472,262144,8192,1048576,4096,0,0,86908,300,94208,158432,0,0,0,0,253952,5500,26016,84,0,0,0,0,12392,164,0,0,86016,888,0,0,0,0
10390,PresentationSettings.exe,0,0,144,3,0,4,0,65535,0,184,0,0,0,64,0,0,0,248,34404,6,0,0,240,34,523,14,13,86528,139264,0,87824,4096,0,5368709120,4096,512,10,0,10,0,10,0,241664,1024,247207,2,49504,524288,8192,1048576,4096,0,0,111880,500,126976,108960,122880,1704,0,0,237568,256,109248,84,0,0,0,0,94688,264,0,0,94952,1752,0,0,0,0
10391,PreviousFilesRecovery.exe,0,0,144,3,0,4,0,65535,0,184,0,0,0,64,0,0,0,216,34404,5,0,0,240,35,523,8,0,76800,45568,0,79232,4096,0,5368709120,4096,512,4,0,0,0,5,2,139264,1024,167338,2,32768,1048576,4096,1048576,4096,0,0,93536,200,114688,22284,110592,3180,123392,8568,0,0,83888,28,0,0,0,0,0,0,0,0,81920,1864,0,0,0,0
10392,PrintBrm.exe,0,0,144,3,0,4,0,65535,0,184,0,0,0,64,0,0,0,240,34404,6,0,0,240,34,523,14,13,11776,16896,0,13328,4096,0,5368709120,4096,512,10,0,10,0,10,0,45056,1024,24072,3,49504,524288,8192,1048576,4096,20480,220,20700,160,36864,2088,32768,792,0,0,40960,136,18864,84,0,0,17080,40,16816,264,0,0,17120,632,0,0,0,0
10393,PrintBrmEngine.exe,0,0,144,3,0,4,0,65535,0,184,0,0,0,64,0,0,0,240,34404,6,0,0,240,34,523,14,13,165888,73728,0,165168,4096,0,5368709120,4096,512,10,0,10,0,10,0,258048,1024,287370,2,49504,524288,8192,1048576,4096,194288,224,194512,340,217088,33968,208896,5316,0,0,253952,484,187024,84,0,0,173688,40,173424,264,0,0,173728,2208,0,0,0,0
10394,PrintBrmUi.exe,0,0,144,3,0,4,0,65535,0,184,0,0,0,64,0,0,0,232,34404,6,0,0,240,34,523,14,13,32256,40448,0,34048,4096,0,5368709120,4096,512,10,0,10,0,10,0,90112,1024,84709,2,49504,524288,8192,1048576,4096,44464,220,44684,260,57344,24872,53248,1464,0,0,86016,296,42048,84,0,0,38104,40,37840,264,0,0,38144,1056,0,0,0,0
10395,PrintDialog.exe,0,0,144,3,0,4,0,65535,0,184,0,0,0,64,0,0,0,232,34404,7,0,0,240,34,523,14,13,4096,89600,512,6128,4096,0,5368709120,4096,512,10,0,10,0,10,0,114688,1024,112077,2,49632,524288,8192,1048576,4096,0,0,14404,280,28672,81616,24576,288,93184,9784,110592,32,13424,84,0,0,0,0,12304,264,0,0,12568,488,0,0,0,0
10396,PrintIsolationHost.exe,0,0,144,3,0,4,0,65535,0,184,0,0,0,64,0,0,0,240,34404,6,0,0,240,34,523,14,13,9728,67584,0,11872,4096,0,5368709120,4096,512,10,0,10,0,10,0,94208,1024,116399,2,49504,524288,8192,1048576,4096,0,0,20120,140,32768,57088,28672,612,0,0,90112,116,18784,84,0,0,0,0,16704,264,0,0,16968,728,0,0,0,0
10397,PrivaZerPortable_4.0.42.paf.exe,0,0,144,3,0,4,0,65535,0,184,0,0,0,64,0,0,0,216,332,5,0,0,224,271,267,6,0,26624,428544,16384,13888,4096,32768,4194304,4096,512,4,0,6,0,4,0,2011136,1024,0,2,34112,1048576,4096,1048576,4096,0,0,34052,160,1888256,119424,0,0,0,0,0,0,0,0,0,0,0,0,0,0,0,0,32768,688,0,0,0,0
10398,PrivacyNotifier.exe,0,0,144,3,0,4,0,65535,0,184,0,0,0,64,0,0,0,240,34404,8,0,0,240,34,523,14,13,45056,500224,512,45520,4096,0,5368709120,4096,512,10,0,10,0,10,0,569344,1024,609660,2,49632,524288,8192,1048576,4096,0,0,70104,520,90112,471464,81920,2376,546304,13568,565248,384,64800,84,0,0,54984,40,54720,264,0,0,55024,1736,69856,64,0,0
10399,ProcessActivityView.exe,0,0,144,3,0,4,0,65535,0,184,0,0,0,64,0,0,0,224,34404,5,0,0,240,35,523,8,0,64512,46592,0,67168,4096,0,5368709120,4096,512,4,0,0,0,5,2,126976,1024,170385,2,32768,1048576,4096,1048576,4096,0,0,80424,200,98304,25324,94208,2688,112128,6240,0,0,71424,28,0,0,0,0,0,0,0,0,69632,1720,0,0,0,0
10400,ProcessExplorerPortable_16.43_online.paf.exe,0,0,144,3,0,4,0,65535,0,184,0,0,0,64,0,0,0,216,332,5,0,0,224,271,267,6,0,26112,428544,16384,13784,4096,32768,4194304,4096,512,4,0,6,0,4,0,2240512,1024,1181903,2,34112,1048576,4096,1048576,4096,0,0,34052,160,2117632,119184,0,0,1120800,8608,0,0,0,0,0,0,0,0,0,0,0,0,32768,688,0,0,0,0
10401,ProcessHackerPortable_2.39_English.paf.exe,0,0,144,3,0,4,0,65535,0,184,0,0,0,64,0,0,0,216,332,5,0,0,224,271,267,6,0,25088,141824,2048,13238,4096,32768,4194304,4096,512,4,0,6,0,4,0,458752,1024,2147461,2,34112,1048576,4096,1048576,4096,0,0,33980,160,352256,104880,0,0,2133176,13056,0,0,0,0,0,0,0,0,0,0,0,0,32768,696,0,0,0,0
10402,ProcessMonitorPortable_3.89_online.paf.exe,0,0,144,3,0,4,0,65535,0,184,0,0,0,64,0,0,0,216,332,5,0,0,224,271,267,6,0,26624,428544,16384,13888,4096,32768,4194304,4096,512,4,0,6,0,4,0,2322432,1024,1219980,2,34112,1048576,4096,1048576,4096,0,0,34052,160,2199552,119928,0,0,1148416,8608,0,0,0,0,0,0,0,0,0,0,0,0,32768,688,0,0,0,0
10403,ProcessTCPSummary.exe,0,0,144,3,0,4,0,65535,0,184,0,0,0,64,0,0,0,232,34404,5,0,0,240,35,523,8,0,79872,45568,0,82480,4096,0,5368709120,4096,512,4,0,0,0,5,2,147456,1024,167709,2,32768,1048576,4096,1048576,4096,0,0,98672,200,122880,20796,118784,3372,126464,8568,0,0,88080,28,0,0,0,0,0,0,0,0,86016,1952,0,0,0,0
10404,ProcessThreadsView.exe,0,0,144,3,0,4,0,65535,0,184,0,0,0,64,0,0,0,224,34404,5,0,0,240,35,523,8,0,76288,43520,0,79184,4096,0,5368709120,4096,512,4,0,0,0,5,2,135168,1024,167330,2,32768,1048576,4096,1048576,4096,0,0,94336,180,114688,19776,110592,3120,120832,11984,0,0,83824,28,0,0,0,0,0,0,0,0,81920,1808,0,0,0,0
10405,ProduKey.exe,0,0,144,3,0,4,0,65535,0,184,0,0,0,64,0,0,0,232,34404,5,0,0,240,35,523,8,0,153600,58368,0,4416,4096,0,5368709120,4096,512,4,0,0,0,5,2,229376,1024,264864,2,32768,1048576,4096,1048576,4096,0,0,183672,260,212992,15392,200704,10392,0,0,0,0,0,0,0,0,0,0,0,0,0,0,159744,2088,0,0,0,0
10406,ProductKeyScanner.exe,0,0,144,3,0,4,0,65535,0,184,0,0,0,64,0,0,0,216,34404,5,0,0,240,35,523,8,0,77312,48128,0,79744,4096,0,5368709120,4096,512,4,0,0,0,5,2,143360,1024,166851,2,32768,1048576,4096,1048576,4096,0,0,96680,240,118784,22056,114688,3564,126464,8568,0,0,83952,28,0,0,0,0,0,0,0,0,81920,1936,0,0,0,0
10407,PropertySystemView.exe,0,0,144,3,0,4,0,65535,0,184,0,0,0,64,0,0,0,216,34404,5,0,0,240,35,523,8,0,90624,53760,0,93328,4096,0,5368709120,4096,512,4,0,0,0,5,2,159744,1024,181333,2,32768,1048576,4096,1048576,4096,0,0,112408,220,131072,27496,126976,3648,145408,8568,0,0,100432,28,0,0,0,0,0,0,0,0,98304,2000,0,0,0,0
10408,ProximityUxHost.exe,0,0,144,3,0,4,0,65535,0,184,0,0,0,64,0,0,0,248,34404,7,0,0,240,34,523,14,13,192512,57344,512,193600,4096,0,5368709120,4096,512,10,0,10,0,10,0,266240,1024,318726,2,49632,524288,8192,1048576,4096,0,0,227344,1160,253952,6984,245760,6240,248320,11144,262144,1252,217184,84,0,0,205624,40,205360,264,0,0,205664,2632,0,0,0,0
10409,Q-DirPortable_10.65_Rev_2.paf.exe,0,0,144,3,0,4,0,65535,0,184,0,0,0,64,0,0,0,216,332,5,0,0,224,271,267,6,0,26624,428544,16384,13888,4096,32768,4194304,4096,512,4,0,6,0,4,0,2113536,1024,0,2,34112,1048576,4096,1048576,4096,0,0,34052,160,1986560,123600,0,0,0,0,0,0,0,0,0,0,0,0,0,0,0,0,32768,688,0,0,0,0
10410,QB_DOS.exe,0,0,144,3,0,4,0,65535,0,184,0,0,0,64,0,0,0,232,332,4,0,0,224,259,267,9,0,165888,123392,0,120779,4096,172032,4194304,4096,512,5,0,0,0,5,0,430080,1024,0,2,33024,1048576,4096,1048576,4096,192416,51,187260,220,331776,96888,0,0,0,0,0,0,173040,28,0,0,0,0,183312,64,0,0,172032,900,0,0,0,0
10411,QuickSetDNS.exe,0,0,144,3,0,4,0,65535,0,184,0,0,0,64,0,0,0,240,332,4,0,0,224,259,267,8,0,49664,36864,0,52606,4096,57344,4194304,4096,512,4,0,0,0,4,0,106496,1024,117635,2,0,1048576,4096,1048576,4096,0,0,65700,200,81920,22488,0,0,87552,8568,0,0,58288,28,0,0,0,0,0,0,0,0,57344,888,0,0,0,0
10412,QwikMarkPortable_0.4_English.paf.exe,0,0,144,3,0,4,0,65535,0,184,0,0,0,64,0,0,0,208,332,6,0,0,224,258,267,10,0,28672,445952,16896,14819,4096,32768,4194304,4096,512,5,0,6,0,5,0,1351680,1024,0,2,34112,1048576,4096,1048576,4096,0,0,39780,180,1245184,102024,0,0,0,0,499712,2488,0,0,0,0,0,0,0,0,0,0,32768,720,0,0,0,0
10413,RAMMapPortable_1.60_English_online.paf.exe,0,0,144,3,0,4,0,65535,0,184,0,0,0,64,0,0,0,216,332,5,0,0,224,271,267,6,0,26112,428544,16384,13784,4096,32768,4194304,4096,512,4,0,6,0,4,0,2224128,1024,956330,2,34112,1048576,4096,1048576,4096,0,0,34052,160,2117632,105640,0,0,926248,16640,0,0,0,0,0,0,0,0,0,0,0,0,32768,688,0,0,0,0
10414,RBTrayPortable_4.14_English.paf.exe,0,0,144,3,0,4,0,65535,0,184,0,0,0,64,0,0,0,216,332,5,0,0,224,271,267,6,0,26624,428544,16384,13888,4096,32768,4194304,4096,512,4,0,6,0,4,0,1994752,1024,504198,2,34112,1048576,4096,1048576,4096,0,0,34052,160,1888256,104808,0,0,483736,10520,0,0,0,0,0,0,0,0,0,0,0,0,32768,688,0,0,0,0
10415,RDSPnf.exe,0,0,144,3,0,4,0,65535,0,184,0,0,0,64,0,0,0,232,34404,6,0,0,240,34,523,14,13,33280,37888,0,32976,4096,0,5368709120,4096,512,10,0,10,0,10,0,94208,1024,93397,2,49504,524288,8192,1048576,4096,0,0,53784,280,81920,5016,77824,1692,0,0,90112,268,49600,84,0,0,0,0,41888,264,0,0,42152,1224,0,0,0,0
10416,RDVGHelper.exe,0,0,144,3,0,4,0,65535,0,184,0,0,0,64,0,0,0,232,34404,6,0,0,240,34,523,14,13,84480,25088,0,85504,4096,0,5368709120,4096,512,10,0,10,0,10,0,126976,1024,137507,2,49504,524288,8192,1048576,4096,0,0,102616,180,118784,1528,114688,3168,0,0,122880,548,99360,84,0,0,0,0,92128,264,0,0,92392,1200,0,0,0,0
10417,RMActivate.exe,0,0,144,3,0,4,0,65535,0,184,0,0,0,64,0,0,0,248,332,6,0,0,224,258,267,14,13,521216,20992,0,104144,4096,528384,4194304,4096,512,10,0,21315,20512,10,0,561152,1024,592317,3,49472,262144,8192,1048576,4096,0,0,533064,520,544768,2240,0,0,0,0,548864,8760,65552,84,0,0,12756,24,4112,164,0,0,532480,580,524988,96,0,0
10418,RMActivate_isv.exe,0,0,144,3,0,4,0,65535,0,184,0,0,0,64,0,0,0,248,332,6,0,0,224,258,267,14,13,534016,25088,0,113664,4096,540672,4194304,4096,512,10,0,21315,20512,10,0,577536,1024,606190,3,49472,262144,8192,1048576,4096,0,0,545352,520,557056,2240,0,0,0,0,561152,13148,75104,84,0,0,20948,24,4112,164,0,0,544768,580,537836,96,0,0
10419,RMActivate_ssp.exe,0,0,144,3,0,4,0,65535,0,184,0,0,0,64,0,0,0,256,332,6,0,0,224,258,267,14,13,461824,18432,0,85792,4096,466944,4194304,4096,512,10,0,21315,20512,10,0,495616,1024,542382,3,49472,262144,8192,1048576,4096,0,0,471456,400,479232,2240,0,0,0,0,483328,8240,64640,84,0,0,12724,24,4104,164,0,0,471040,412,465540,64,0,0
10420,RMActivate_ssp_isv.exe,0,0,144,3,0,4,0,65535,0,184,0,0,0,64,0,0,0,256,332,6,0,0,224,258,267,14,13,462336,18432,0,85408,4096,466944,4194304,4096,512,10,0,21315,20512,10,0,495616,1024,480624,3,49472,262144,8192,1048576,4096,0,0,471456,400,479232,2320,0,0,0,0,483328,8204,64240,84,0,0,12724,24,4104,164,0,0,471040,412,466100,64,0,0
10421,ROUTE.EXE,0,0,144,3,0,4,0,65535,0,184,0,0,0,64,0,0,0,240,332,5,0,0,224,258,267,14,13,11264,8192,0,13584,4096,16384,4194304,4096,512,10,0,10,0,10,0,32768,1024,48864,3,49472,262144,8192,1048576,4096,0,0,20848,360,24576,2080,0,0,0,0,28672,652,4544,84,0,0,0,0,4104,164,0,0,20480,364,0,0,0,0
10422,RTMPDumpHelper.exe,0,0,144,3,0,4,0,65535,0,184,0,0,0,64,0,0,0,232,34404,5,0,0,240,35,523,8,0,69632,38912,0,72528,4096,0,5368709120,4096,512,4,0,0,0,5,2,126976,1024,159207,2,32768,1048576,4096,1048576,4096,0,0,85408,220,106496,16944,102400,3036,0,0,0,0,75632,28,0,0,0,0,0,0,0,0,73728,1824,0,0,0,0
10423,RapidCRCUnicodePortable_0.3.37_English.paf.exe,0,0,144,3,0,4,0,65535,0,184,0,0,0,64,0,0,0,216,332,5,0,0,224,271,267,6,0,26112,428544,16384,13784,4096,32768,4194304,4096,512,4,0,6,0,4,0,1994752,1024,885927,2,34112,1048576,4096,1048576,4096,0,0,34052,160,1888256,104928,0,0,852032,8608,0,0,0,0,0,0,0,0,0,0,0,0,32768,688,0,0,0,0
10424,RdpSa.exe,0,0,144,3,0,4,0,65535,0,184,0,0,0,64,0,0,0,232,332,5,0,0,224,258,267,14,13,28160,10240,0,30416,4096,32768,4194304,4096,512,10,0,10,0,10,0,49152,1024,65855,2,49472,262144,8192,1048576,4096,0,0,37348,240,40960,2512,0,0,0,0,45056,2432,7680,84,0,0,0,0,4512,164,0,0,36864,480,0,0,0,0
10425,RdpSaProxy.exe,0,0,144,3,0,4,0,65535,0,184,0,0,0,64,0,0,0,240,332,5,0,0,224,258,267,14,13,15360,8704,0,17440,4096,20480,4194304,4096,512,10,0,10,0,10,0,36864,1024,39968,2,49472,262144,8192,1048576,4096,0,0,24968,220,28672,2272,0,0,0,0,32768,1512,5696,84,0,0,0,0,4272,164,0,0,24576,388,0,0,0,0
10426,RdpSaUacHelper.exe,0,0,144,3,0,4,0,65535,0,184,0,0,0,64,0,0,0,232,332,5,0,0,224,258,267,14,13,16384,19968,0,18320,4096,20480,4194304,4096,512,10,0,10,0,10,0,45056,1024,89219,2,49472,262144,8192,1048576,4096,0,0,33268,420,36864,2304,0,0,0,0,40960,1344,7504,84,0,0,0,0,4128,164,0,0,32768,496,0,0,0,0
10427,ReAgentc.exe,0,0,144,3,0,4,0,65535,0,184,0,0,0,64,0,0,0,232,332,6,0,0,224,258,267,14,13,22528,17920,0,24320,4096,28672,4194304,4096,512,10,0,10,0,6,2,57344,1024,69429,3,49472,262144,8192,1048576,4096,0,0,41428,160,49152,2088,0,0,0,0,53248,1848,8944,84,0,0,0,0,4104,164,0,0,40960,464,26260,64,0,0
10428,ReNamerPortable_7.3.paf.exe,0,0,144,3,0,4,0,65535,0,184,0,0,0,64,0,0,0,216,332,5,0,0,224,271,267,6,0,26112,428544,16384,13784,4096,32768,4194304,4096,512,4,0,6,0,4,0,2007040,1024,0,2,34112,1048576,4096,1048576,4096,0,0,34052,160,1888256,116416,0,0,0,0,0,0,0,0,0,0,0,0,0,0,0,0,32768,688,0,0,0,0
10429,Receiver.exe,0,0,144,3,0,4,0,65535,0,184,0,0,0,64,0,0,0,232,34404,6,0,0,240,34,523,14,13,945152,613888,0,882640,4096,0,5368709120,4096,512,6,2,0,0,6,2,1572864,1024,1598402,2,53600,1048576,4096,1048576,4096,0,0,1398392,440,1548288,1008,1490944,54828,1556992,8720,1552384,17556,1138912,84,0,0,0,0,1139008,264,0,0,950272,1800,0,0,0,0
10430,RecentFilesView.exe,0,0,144,3,0,4,0,65535,0,184,0,0,0,64,0,0,0,248,332,3,0,0,224,259,267,8,0,32768,8192,49152,82512,53248,86016,4194304,4096,512,4,0,0,0,4,0,94208,4096,93468,2,0,1048576,4096,1048576,4096,0,0,89652,568,86016,3636,0,0,35328,11984,0,0,0,0,0,0,0,0,0,0,0,0,0,0,0,0,0,0
10431,RecoveryDrive.exe,0,0,144,3,0,4,0,65535,0,184,0,0,0,64,0,0,0,232,34404,7,0,0,240,3106,523,14,13,604672,311808,0,599136,4096,0,5368709120,4096,512,10,0,10,0,10,0,937984,1024,920830,2,49504,524288,8192,1048576,4096,0,0,796128,880,843776,89504,823296,12432,0,0,933888,1868,761184,84,0,0,0,0,610336,264,0,0,617360,3232,796000,64,0,0
10432,RegAlyzerPortable_1.6.2.16.paf.exe,0,0,144,3,0,4,0,65535,0,184,0,0,0,64,0,0,0,208,332,6,0,0,224,258,267,10,0,28672,445952,16896,14819,4096,32768,4194304,4096,512,5,0,6,0,5,0,1363968,1024,0,2,34112,1048576,4096,1048576,4096,0,0,39780,180,1245184,112176,0,0,0,0,499712,2488,0,0,0,0,0,0,0,0,0,0,32768,720,0,0,0,0
10433,RegDllView.exe,0,0,144,3,0,4,0,65535,0,184,0,0,0,64,0,0,0,216,34404,5,0,0,240,35,523,8,0,74240,35328,0,77056,4096,0,5368709120,4096,512,4,0,0,0,5,2,126976,1024,169979,2,32768,1048576,4096,1048576,4096,0,0,91648,220,110592,14096,106496,2964,110592,6240,0,0,83904,28,0,0,0,0,0,0,0,0,81920,1896,0,0,0,0
10434,RegFileExport.exe,0,0,144,3,0,4,0,65535,0,184,0,0,0,64,0,0,0,240,332,4,0,0,224,259,267,8,0,5632,5120,0,8970,4096,12288,4194304,4096,512,4,0,0,0,4,0,24576,1024,71912,3,0,1048576,4096,1048576,4096,0,0,13728,60,20480,1936,0,0,0,0,0,0,12528,28,0,0,0,0,0,0,0,0,12288,212,0,0,0,0
10435,RegFromApp.exe,0,0,144,3,0,4,0,65535,0,184,0,0,0,64,0,0,0,224,34404,5,0,0,240,35,523,8,0,51200,38400,0,53968,4096,0,5368709120,4096,512,4,0,0,0,5,2,110592,1024,131756,2,32768,1048576,4096,1048576,4096,0,0,66432,180,86016,20828,81920,2388,90624,6240,0,0,58944,28,0,0,0,0,0,0,0,0,57344,1528,0,0,0,0
10436,RegScanner.exe,0,0,144,3,0,4,0,65535,0,184,0,0,0,64,0,0,0,224,34404,5,0,0,240,35,523,8,0,110080,43008,0,112496,4096,0,5368709120,4096,512,4,0,0,0,5,2,167936,1024,187441,2,32768,1048576,4096,1048576,4096,0,0,126528,180,147456,19016,143360,3720,154112,8568,0,0,116800,28,0,0,0,0,0,0,0,0,114688,2016,0,0,0,0
10437,Register-CimProvider.exe,0,0,144,3,0,4,0,65535,0,184,0,0,0,64,0,0,0,232,332,5,0,0,224,258,267,14,13,13824,6656,0,14384,4096,20480,4194304,4096,512,10,0,10,0,10,0,36864,1024,54824,3,49472,262144,8192,1048576,4096,0,0,24820,240,28672,2000,0,0,0,0,32768,920,5888,84,0,0,0,0,4168,164,0,0,24576,240,0,0,0,0
10438,RegistryChangesView.exe,0,0,144,3,0,4,0,65535,0,184,0,0,0,64,0,0,0,224,34404,5,0,0,240,35,523,8,0,103936,66048,0,106336,4096,0,5368709120,4096,512,4,0,0,0,5,2,192512,1024,232928,2,32768,1048576,4096,1048576,4096,0,0,126536,200,155648,36172,147456,4116,171008,8568,0,0,112784,28,0,0,0,0,0,0,0,0,110592,2080,0,0,0,0
10439,RegshotPortable_1.9.0.paf.exe,0,0,144,3,0,4,0,65535,0,184,0,0,0,64,0,0,0,208,332,6,0,0,224,258,267,10,0,28672,445952,16896,14819,4096,32768,4194304,4096,512,5,0,6,0,5,0,1363968,1024,624161,2,34112,1048576,4096,1048576,4096,0,0,39780,180,1245184,112136,0,0,558832,7176,499712,2488,0,0,0,0,0,0,0,0,0,0,32768,720,0,0,0,0
10440,RelPost.exe,0,0,144,3,0,4,0,65535,0,184,0,0,0,64,0,0,0,248,34404,6,0,0,240,34,523,14,13,62976,99840,0,64112,4096,0,5368709120,4096,512,10,0,10,0,10,0,180224,1024,185699,3,49504,524288,8192,1048576,4096,0,0,83120,220,102400,71296,98304,2208,0,0,176128,776,80096,84,0,0,71192,40,70928,264,0,0,71232,1032,0,0,0,0
10441,RemindersServer.exe,0,0,144,3,0,4,0,65535,0,184,0,0,0,64,0,0,0,240,34404,7,0,0,240,34,523,14,13,183808,104448,0,8864,4096,0,5368709120,4096,512,10,0,10,0,10,0,307200,1024,299752,2,49504,524288,49152,1048576,4096,0,0,257016,720,299008,1080,278528,12576,0,0,303104,2684,216240,84,0,0,196688,40,196064,264,0,0,197880,1728,256896,64,0,0
10442,RemindersShareTargetApp.exe,0,0,144,3,0,4,0,65535,0,184,0,0,0,64,0,0,0,264,34404,6,0,0,240,34,523,14,13,270848,209920,0,259312,4096,0,5368709120,4096,512,6,0,0,0,6,0,499712,1024,496688,2,49504,1048576,4096,1048576,4096,432448,128,432576,520,487424,1096,471040,16188,0,0,491520,4876,355312,84,0,0,0,0,355408,264,0,0,278528,1792,0,0,0,0
10443,RemoteAppLifetimeManager.exe,0,0,144,3,0,4,0,65535,0,184,0,0,0,64,0,0,0,240,34404,7,0,0,240,34,523,14,13,63488,32256,0,59056,4096,0,5368709120,4096,512,10,0,10,0,10,0,114688,1024,116733,2,49504,524288,8192,1048576,4096,0,0,86576,480,106496,1168,98304,3588,0,0,110592,428,76096,84,0,0,71032,40,70768,264,0,0,71072,1064,85640,160,0,0
10444,RemotePosWorker.exe,0,0,144,3,0,4,0,65535,0,184,0,0,0,64,0,0,0,248,34404,6,0,0,240,34,523,14,13,4096,9216,0,6592,4096,0,5368709120,4096,512,10,0,10,0,10,0,32768,1024,34650,2,49504,524288,8192,1048576,4096,0,0,10452,240,24576,1048,20480,264,0,0,28672,44,9216,84,0,0,0,0,8208,264,0,0,8472,440,0,0,0,0
10445,ResetEngine.exe,0,0,144,3,0,4,0,65535,0,184,0,0,0,64,0,0,0,232,34404,6,0,0,240,34,523,14,13,3584,8192,0,5952,4096,0,5368709120,4096,512,10,0,10,0,10,0,28672,1024,36784,2,49504,524288,8192,1048576,4096,0,0,10464,80,20480,1040,16384,288,0,0,24576,76,9344,84,0,0,0,0,8336,264,0,0,8600,336,0,0,0,0
10446,ResourceHackerPortable_5.1.8_English.paf.exe,0,0,144,3,0,4,0,65535,0,184,0,0,0,64,0,0,0,216,332,5,0,0,224,271,267,6,0,26112,428544,16384,13784,4096,32768,4194304,4096,512,4,0,6,0,4,0,2093056,1024,0,2,34112,1048576,4096,1048576,4096,0,0,34052,160,1986560,105184,0,0,0,0,0,0,0,0,0,0,0,0,0,0,0,0,32768,688,0,0,0,0
10447,ResourcesExtract.exe,0,0,144,3,0,4,0,65535,0,184,0,0,0,64,0,0,0,216,34404,5,0,0,240,35,523,8,0,30208,17920,0,33200,4096,0,5368709120,4096,512,4,0,0,0,5,2,65536,1024,65505,2,32768,1048576,4096,1048576,4096,0,0,41728,180,57344,6668,53248,1224,49152,6240,0,0,38080,28,0,0,0,0,0,0,0,0,36864,1152,0,0,0,0
10448,RmClient.exe,0,0,144,3,0,4,0,65535,0,184,0,0,0,64,0,0,0,240,332,5,0,0,224,258,267,14,13,8192,7168,0,10640,4096,12288,4194304,4096,512,10,0,10,0,10,0,28672,1024,40093,2,49472,262144,8192,1048576,4096,0,0,16612,100,20480,2096,0,0,0,0,24576,800,4512,84,0,0,0,0,4104,164,0,0,16384,224,0,0,0,0
10449,Road_Rash.exe,0,0,144,3,0,4,0,65535,0,184,0,0,0,64,0,0,0,240,332,5,0,0,224,303,267,6,0,104448,35328,0,84180,4096,110592,4194304,4096,512,4,0,0,0,4,0,163840,1024,3235906,2,0,1048576,4096,1048576,4096,0,0,125356,100,159744,4050,0,0,3195568,8136,0,0,0,0,0,0,0,0,0,0,0,0,110592,512,0,0,0,0
10450,RobloxPlayerLauncher.exe,0,0,144,3,0,4,0,65535,0,184,0,0,0,64,0,0,0,280,332,7,0,0,224,258,267,14,0,466432,686080,0,302387,4096,471040,4194304,4096,512,5,1,0,0,5,1,1171456,1024,887145,2,33088,1048576,4096,1048576,4096,0,0,637428,380,1007616,130568,0,0,820224,6200,1138688,31008,584624,84,0,0,584804,24,584712,64,0,0,471040,1356,0,0,0,0
10451,Robocopy.exe,0,0,144,3,0,4,0,65535,0,184,0,0,0,64,0,0,0,224,332,5,0,0,224,258,267,14,13,88064,19456,0,82688,4096,94208,4194304,4096,512,10,0,10,0,10,0,122880,1024,154948,3,49472,262144,8192,1048576,4096,0,0,103236,160,110592,1896,0,0,0,0,114688,6508,11328,84,0,0,0,0,4168,164,0,0,102400,832,0,0,0,0
10452,RouterPassView.exe,0,0,144,3,0,4,0,65535,0,184,0,0,0,64,0,0,0,232,332,4,0,0,224,259,267,8,0,96768,56320,0,99674,4096,102400,4194304,4096,512,4,0,0,0,4,0,262144,1024,197202,2,0,1048576,4096,1048576,4096,0,0,126668,240,245760,15060,0,0,0,0,0,0,0,0,0,0,0,0,0,0,0,0,102400,916,0,0,0,0
10453,RpcPing.exe,0,0,144,3,0,4,0,65535,0,184,0,0,0,64,0,0,0,232,332,5,0,0,224,258,267,14,13,17408,9216,0,19664,4096,24576,4194304,4096,512,10,0,10,0,10,0,40960,1024,79022,3,49472,262144,8192,1048576,4096,0,0,29124,200,32768,2024,0,0,0,0,36864,1548,6384,84,0,0,0,0,4152,164,0,0,28672,448,0,0,0,0
10454,RufusPortable_3.18.paf.exe,0,0,144,3,0,4,0,65535,0,184,0,0,0,64,0,0,0,216,332,5,0,0,224,271,267,6,0,26624,428544,16384,13888,4096,32768,4194304,4096,512,4,0,6,0,4,0,2011136,1024,1809352,2,34112,1048576,4096,1048576,4096,0,0,34052,160,1888256,119392,0,0,1778192,10520,0,0,0,0,0,0,0,0,0,0,0,0,32768,688,0,0,0,0
10455,RunAsDate.exe,0,0,144,3,0,4,0,65535,0,184,0,0,0,64,0,0,0,216,34404,5,0,0,240,35,523,8,0,48128,43008,0,50848,4096,0,5368709120,4096,512,4,0,0,0,5,2,106496,1024,109037,2,32768,1048576,4096,1048576,4096,0,0,63104,180,90112,16028,86016,2304,92160,8568,0,0,54736,28,0,0,0,0,0,0,0,0,53248,1400,0,0,0,0
10456,RunFromProcess-x64.exe,0,0,144,3,0,4,0,65535,0,184,0,0,0,64,0,0,0,232,34404,5,0,0,240,35,523,8,0,8192,8192,0,11088,4096,0,5368709120,4096,512,4,0,0,0,5,2,28672,1024,27957,2,32768,1048576,4096,1048576,4096,0,0,14504,100,24576,2772,20480,444,0,0,0,0,12864,28,0,0,0,0,0,0,0,0,12288,520,0,0,0,0
10457,RunFromProcess.exe,0,0,144,3,0,4,0,65535,0,184,0,0,0,64,0,0,0,232,332,4,0,0,224,259,267,8,0,6144,6656,0,9204,4096,12288,4194304,4096,512,4,0,0,0,4,0,24576,1024,15547,2,0,1048576,4096,1048576,4096,0,0,13560,100,20480,2772,0,0,0,0,0,0,12592,28,0,0,0,0,0,0,0,0,12288,272,0,0,0,0
10458,RunLegacyCPLElevated.exe,0,0,144,3,0,4,0,65535,0,184,0,0,0,64,0,0,0,248,332,5,0,0,224,258,267,14,13,12800,54784,0,14768,4096,20480,4194304,4096,512,10,0,10,0,10,0,81920,1024,86983,2,49472,262144,49152,1048576,4096,0,0,24968,320,28672,49144,0,0,0,0,77824,872,5024,84,0,0,0,0,4104,164,0,0,24576,388,0,0,0,0
10459,RuntimeBroker.exe,0,0,144,3,0,4,0,65535,0,184,0,0,0,64,0,0,0,248,34404,8,0,0,240,34,523,14,13,55296,36864,512,26704,4096,0,5368709120,4096,512,10,0,10,0,10,0,114688,1024,137662,2,49632,524288,49152,1048576,4096,0,0,82304,780,106496,2392,94208,5256,90112,9576,110592,364,71856,84,0,0,0,0,66048,264,0,0,66976,1616,82152,64,0,0
10460,SHAREit-KCWEB.exe,0,0,80,2,0,4,15,65535,0,184,0,0,0,64,26,0,0,256,332,8,0,0,224,33167,267,2,25,65024,318464,0,70588,4096,73728,4194304,4096,512,5,0,6,0,5,0,425984,1024,6463530,2,33088,1048576,16384,1048576,4096,0,0,102400,3536,114688,310728,0,0,6443376,6088,0,0,0,0,0,0,110592,24,0,0,0,0,103164,524,0,0,0,0
10461,SIHClient.exe,0,0,144,3,0,4,0,65535,0,184,0,0,0,64,0,0,0,248,34404,7,0,0,240,34,523,14,13,188416,88576,0,181104,4096,0,5368709120,4096,512,10,0,10,0,10,0,299008,1024,352564,2,49504,524288,8192,1048576,4096,0,0,256408,1080,290816,1280,278528,6336,276480,11216,294912,556,231280,84,0,0,0,0,194256,264,0,0,194520,2376,256000,128,0,0
10462,SIWPortable_2011.10.29.paf.exe,0,0,144,3,0,4,0,65535,0,184,0,0,0,64,0,0,0,208,332,6,0,0,224,258,267,10,0,28672,445952,16896,14819,4096,32768,4194304,4096,512,5,0,6,0,5,0,1380352,1024,2490286,2,34112,1048576,4096,1048576,4096,0,0,39780,180,1261568,113920,0,0,2474456,6328,499712,2488,0,0,0,0,0,0,0,0,0,0,32768,720,0,0,0,0
10463,SMSvcHost.exe,0,0,144,3,0,4,0,65535,0,184,0,0,0,64,0,0,0,128,332,3,0,0,224,34,267,48,0,116736,3072,0,124774,8192,131072,4194304,8192,512,4,0,0,0,6,0,147456,512,140316,3,34144,1048576,4096,1048576,4096,0,0,124692,79,131072,2408,0,0,120320,15952,139264,12,124380,28,0,0,0,0,0,0,0,0,8192,8,0,0,8200,72
10464,SSD-ZPortable_16.09.09b_English.paf.exe,0,0,144,3,0,4,0,65535,0,184,0,0,0,64,0,0,0,200,332,5,0,0,224,271,267,6,0,25088,141824,2048,13238,4096,32768,4194304,4096,512,4,0,6,0,4,0,458752,1024,0,2,34112,1048576,4096,1048576,4096,0,0,34052,160,352256,104808,0,0,0,0,0,0,0,0,0,0,0,0,0,0,0,0,32768,692,0,0,0,0
10465,SUMoPortable_5.14.12.520_English.paf.exe,0,0,144,3,0,4,0,65535,0,184,0,0,0,64,0,0,0,216,332,5,0,0,224,271,267,6,0,26624,428544,16384,13888,4096,32768,4194304,4096,512,4,0,6,0,4,0,2093056,1024,0,2,34112,1048576,4096,1048576,4096,0,0,34052,160,1986560,105040,0,0,0,0,0,0,0,0,0,0,0,0,0,0,0,0,32768,688,0,0,0,0
10466,SafariHistoryView.exe,0,0,144,3,0,4,0,65535,0,184,0,0,0,64,0,0,0,240,332,4,0,0,224,259,267,8,0,40448,27136,0,43472,4096,45056,4194304,4096,512,4,0,0,0,4,0,81920,1024,120343,2,0,1048576,4096,1048576,4096,0,0,51372,220,65536,14704,0,0,0,0,0,0,45968,28,0,0,0,0,0,0,0,0,45056,864,0,0,0,0
10467,SearchFilterHost.exe,0,0,144,3,0,4,0,65535,0,184,0,0,0,64,0,0,0,240,332,6,0,0,224,258,267,14,13,106496,105984,0,51520,4096,110592,4194304,4096,512,10,0,10,0,6,2,225280,1024,215969,3,49472,262144,16384,1048576,4096,0,0,115612,760,126976,87272,0,0,0,0,217088,7668,18736,84,0,0,6324,24,6152,164,0,0,114688,920,110188,96,0,0
10468,SearchFilterView.exe,0,0,144,3,0,4,0,65535,0,184,0,0,0,64,0,0,0,240,332,3,0,0,224,259,267,8,0,32768,8192,49152,82352,53248,86016,4194304,4096,512,4,0,0,0,4,0,94208,4096,0,2,0,1048576,4096,1048576,4096,0,0,91040,572,86016,5024,0,0,0,0,0,0,0,0,0,0,0,0,0,0,0,0,0,0,0,0,0,0
10469,SearchMyFiles.exe,0,0,144,3,0,4,0,65535,0,184,0,0,0,64,0,0,0,216,34404,5,0,0,240,35,523,8,0,155136,71680,0,157824,4096,0,5368709120,4096,512,4,0,0,0,5,2,245760,1024,269281,2,32768,1048576,4096,1048576,4096,0,0,190424,240,217088,25956,208896,5076,227840,8568,0,0,162208,28,0,0,0,0,0,0,0,0,159744,2352,0,0,0,0
10470,SecEdit.exe,0,0,144,3,0,4,0,65535,0,184,0,0,0,64,0,0,0,240,332,6,0,0,224,258,267,14,13,13312,24064,0,15440,4096,20480,4194304,4096,512,10,0,10,0,10,0,57344,1024,96416,3,49472,262144,8192,1048576,4096,0,0,24976,420,32768,17488,0,0,0,0,53248,1008,5824,84,0,0,0,0,4136,164,0,0,24576,396,16972,64,0,0
10471,SecHealthUI.exe,0,0,144,3,0,4,0,65535,0,184,0,0,0,64,0,0,0,256,34404,6,0,0,240,34,523,14,13,3516928,2141696,0,3429952,4096,0,5368709120,4096,512,6,2,0,0,6,2,5677056,1024,5653081,2,53600,1048576,4096,1048576,4096,0,0,5239848,580,5615616,1040,5468160,145824,0,0,5619712,53880,4244672,84,0,0,4245032,40,4244768,264,0,0,3522560,2136,0,0,0,0
10472,SecureAssessmentBrowser.exe,0,0,144,3,0,4,0,65535,0,184,0,0,0,64,0,0,0,128,332,3,0,0,224,34,267,48,0,108544,2560,0,116242,8192,122880,4194304,8192,512,4,0,0,0,6,2,139264,512,134972,2,38240,1048576,4096,1048576,4096,0,0,116158,79,122880,1764,0,0,0,0,131072,12,115984,56,0,0,0,0,0,0,0,0,8192,8,0,0,8200,72
10473,SecurityHealthService.exe,0,0,144,3,0,4,0,65535,0,184,0,0,0,64,0,0,0,232,34404,7,0,0,240,34,523,14,13,603136,247296,0,587008,4096,0,5368709120,4096,512,10,0,10,0,10,0,864256,1024,897841,3,49504,524288,8192,1048576,4096,0,0,785624,1300,856064,1592,831488,20436,847872,16184,860160,3508,698112,84,0,0,621352,40,621088,264,0,0,621392,3040,783424,384,0,0
10474,SecurityHealthSystray.exe,0,0,144,3,0,4,0,65535,0,184,0,0,0,64,0,0,0,248,34404,6,0,0,240,34,523,14,13,22528,62464,0,21824,4096,0,5368709120,4096,512,10,0,10,0,10,0,98304,1024,99616,2,49504,524288,8192,1048576,4096,0,0,35728,380,49152,44856,45056,1584,0,0,94208,140,31888,84,0,0,29064,40,28800,264,0,0,29104,992,0,0,0,0
10475,SecurityQuestionsView.exe,0,0,144,3,0,4,0,65535,0,184,0,0,0,64,0,0,0,240,332,4,0,0,224,259,267,8,0,53248,33792,0,55888,4096,57344,4194304,4096,512,4,0,0,0,4,0,102400,1024,112334,2,0,1048576,4096,1048576,4096,0,0,65100,220,81920,19956,0,0,0,0,0,0,58336,28,0,0,0,0,0,0,0,0,57344,928,0,0,0,0
10476,SecuritySoftView.exe,0,0,144,3,0,4,0,65535,0,184,0,0,0,64,0,0,0,232,332,4,0,0,224,259,267,8,0,40448,31744,0,43454,4096,45056,4194304,4096,512,4,0,0,0,4,0,86016,1024,137768,2,0,1048576,4096,1048576,4096,0,0,52140,220,65536,18916,0,0,73216,6240,0,0,45984,28,0,0,0,0,0,0,0,0,45056,888,0,0,0,0
10477,SenseCncProxy.exe,0,0,144,3,0,4,0,65535,0,184,0,0,0,64,0,0,0,264,34404,7,0,0,240,34,523,14,13,487424,308224,0,422272,4096,0,5368709120,4096,512,10,0,10,0,10,0,815104,1024,815807,2,49504,524288,8192,1048576,4096,0,0,699480,740,802816,1136,778240,24552,788992,15928,806912,5468,580128,84,0,0,511944,40,511680,264,0,0,511984,2776,0,0,0,0
10478,SenseSampleUploader.exe,0,0,144,3,0,4,0,65535,0,184,0,0,0,64,0,0,0,248,34404,7,0,0,240,34,523,14,13,1548288,1031168,0,1072976,4096,0,5368709120,4096,512,10,0,10,0,10,0,2600960,1024,2371241,2,49504,524288,8192,1048576,4096,0,0,1984728,780,2568192,1160,2396160,164112,2303488,29248,2572288,27028,1818720,84,0,0,1574840,40,1574576,264,0,0,1574880,2856,1984440,96,0,0
10479,SensorDataService.exe,0,0,144,3,0,4,0,65535,0,184,0,0,0,64,0,0,0,248,34404,6,0,0,240,34,523,14,13,867840,465408,0,835120,4096,0,5368709120,4096,512,10,0,10,0,10,0,1347584,1024,1294841,3,49504,524288,8192,1048576,4096,0,0,1213152,820,1339392,1888,1298432,38436,0,0,1343488,3988,1078864,84,0,0,0,0,886576,264,0,0,886840,1880,0,0,0,0
10480,SeqDownload.exe,0,0,144,3,0,4,0,65535,0,184,0,0,0,64,0,0,0,240,332,3,0,0,224,259,267,8,0,28672,8192,57344,88496,61440,90112,4194304,4096,512,4,0,0,0,4,0,98304,4096,0,2,0,1048576,4096,1048576,4096,0,0,93904,576,90112,3792,0,0,0,0,0,0,0,0,0,0,0,0,0,0,0,0,0,0,0,0,0,0
10481,ServiceModelReg.exe,0,0,144,3,0,4,0,65535,0,184,0,0,0,64,0,0,0,248,332,5,0,0,224,290,267,12,10,183808,20992,0,97840,4096,188416,4194304,4096,512,6,0,10,0,6,0,229376,1024,276700,3,49472,1048576,8192,1048576,4096,0,0,205484,160,212992,1948,0,0,205824,15952,217088,8656,46576,84,0,0,0,0,46664,64,0,0,204800,680,0,0,0,0
10482,SgrmBroker.exe,0,0,144,3,0,4,0,65535,0,184,0,0,0,64,0,0,0,256,34404,6,0,0,240,34,523,14,13,166912,83456,0,158256,4096,0,5368709120,4096,512,10,0,10,0,10,0,266240,1024,316460,2,49504,524288,8192,1048576,4096,0,0,221484,980,258048,1352,249856,7812,243712,11120,262144,868,195488,84,0,0,176328,40,176064,264,0,0,176368,2544,0,0,0,0
10483,SgrmLpac.exe,0,0,144,3,0,4,0,65535,0,184,0,0,0,64,0,0,0,256,34404,6,0,0,240,34,523,14,13,26624,20480,0,25136,4096,0,5368709120,4096,512,10,0,10,0,10,0,65536,1024,58116,2,49504,524288,8192,1048576,4096,0,0,42036,480,57344,1040,53248,1656,46080,8720,61440,196,37472,84,0,0,0,0,33792,264,0,0,34056,1000,0,0,0,0
10484,ShadowCopyView.exe,0,0,144,3,0,4,0,65535,0,184,0,0,0,64,0,0,0,224,34404,5,0,0,240,35,523,8,0,75264,49152,0,77904,4096,0,5368709120,4096,512,4,0,0,0,5,2,143360,1024,174496,2,32768,1048576,4096,1048576,4096,0,0,94272,200,114688,25160,110592,3180,125440,8568,0,0,83920,28,0,0,0,0,0,0,0,0,81920,1904,0,0,0,0
10485,ShapeCollector.exe,0,0,144,3,0,4,0,65535,0,184,0,0,0,64,0,0,0,240,34404,6,0,0,240,34,523,14,13,221696,496128,0,201120,4096,0,5368709120,4096,512,10,0,10,0,10,0,733184,1024,745220,2,49504,524288,8192,1048576,4096,0,0,310040,260,348160,379792,335872,10044,0,0,729088,1828,267376,84,0,0,0,0,235552,264,0,0,235816,3216,0,0,0,0
10486,ShellBagsView.exe,0,0,144,3,0,4,0,65535,0,184,0,0,0,64,0,0,0,240,332,3,0,0,224,259,267,8,0,36864,8192,57344,94016,61440,98304,4194304,4096,512,4,0,0,0,4,0,106496,4096,56787,2,0,1048576,4096,1048576,4096,0,0,102212,540,98304,3908,0,0,38912,8552,0,0,0,0,0,0,0,0,0,0,0,0,0,0,0,0,0,0
10487,ShellMenuNew.exe,0,0,144,3,0,4,0,65535,0,184,0,0,0,64,0,0,0,232,332,3,0,0,224,259,267,8,0,28672,8192,53248,85024,57344,86016,4194304,4096,512,4,0,0,0,4,0,94208,4096,59697,2,0,1048576,4096,1048576,4096,0,0,90828,576,86016,4812,0,0,34816,6240,0,0,0,0,0,0,0,0,0,0,0,0,0,0,0,0,0,0
10488,ShortcutsSearchAndReplacePortable_1.9.0_English.paf.exe,0,0,144,3,0,4,0,65535,0,184,0,0,0,64,0,0,0,216,332,5,0,0,224,271,267,6,0,26112,428544,16384,13784,4096,32768,4194304,4096,512,4,0,6,0,4,0,1994752,1024,993570,2,34112,1048576,4096,1048576,4096,0,0,34052,160,1888256,105016,0,0,931480,16640,0,0,0,0,0,0,0,0,0,0,0,0,32768,688,0,0,0,0
10489,SimpleCodeGenerator.exe,0,0,144,3,0,4,0,65535,0,184,0,0,0,64,0,0,0,240,332,4,0,0,224,259,267,8,0,30720,25600,0,33460,4096,36864,4194304,4096,512,4,0,0,0,4,0,73728,1024,113614,2,0,1048576,4096,1048576,4096,0,0,41260,180,57344,15940,0,0,57344,8568,0,0,37664,28,0,0,0,0,0,0,0,0,36864,752,0,0,0,0
10490,SimpleProgramDebugger.exe,0,0,144,3,0,4,0,65535,0,184,0,0,0,64,0,0,0,224,34404,5,0,0,240,35,523,8,0,76288,46592,0,78736,4096,0,5368709120,4096,512,4,0,0,0,5,2,360448,1024,162812,2,32768,1048576,4096,1048576,4096,0,0,94208,200,335872,22984,331776,3324,123904,8568,0,0,83936,28,0,0,0,0,0,0,0,0,81920,1904,0,0,0,0
10491,SimpleWMIView.exe,0,0,144,3,0,4,0,65535,0,184,0,0,0,64,0,0,0,216,34404,5,0,0,240,35,523,8,0,93184,49664,0,95712,4096,0,5368709120,4096,512,4,0,0,0,5,2,159744,1024,163377,2,32768,1048576,4096,1048576,4096,0,0,112432,240,135168,23840,131072,3612,143872,8568,0,0,100448,28,0,0,0,0,0,0,0,0,98304,2040,0,0,0,0
10492,SiteShoter.exe,0,0,144,3,0,4,0,65535,0,184,0,0,0,64,0,0,0,256,332,3,0,0,224,259,267,8,0,73728,4096,118784,193456,122880,196608,4194304,4096,512,4,0,0,0,4,0,200704,4096,0,2,0,1048576,4096,1048576,4096,0,0,199708,568,196608,3100,0,0,0,0,0,0,0,0,0,0,0,0,193860,72,0,0,0,0,0,0,0,0
10493,SkypeContactsView.exe,0,0,144,3,0,4,0,65535,0,184,0,0,0,64,0,0,0,248,332,4,0,0,224,259,267,8,0,243200,65536,0,245408,4096,249856,4194304,4096,512,4,0,0,0,4,0,323584,1024,320624,2,0,1048576,4096,1048576,4096,0,0,283692,200,299008,24428,0,0,309760,6240,0,0,250944,28,0,0,0,0,0,0,0,0,249856,1040,0,0,0,0
10494,SkypeLogView.exe,0,0,144,3,0,4,0,65535,0,184,0,0,0,64,0,0,0,256,332,3,0,0,224,259,267,8,0,167936,8192,159744,331088,163840,331776,4194304,4096,512,4,0,0,0,4,0,339968,4096,225264,2,0,1048576,4096,1048576,4096,0,0,338052,624,331776,6276,0,0,176128,6240,0,0,0,0,0,0,0,0,0,0,0,0,0,0,0,0,0,0
10495,SmartDeblurPortable_1.27_English.paf.exe,0,0,144,3,0,4,0,65535,0,184,0,0,0,64,0,0,0,208,332,6,0,0,224,258,267,10,0,28672,445952,16896,14819,4096,32768,4194304,4096,512,5,0,6,0,5,0,1351680,1024,6080370,2,34112,1048576,4096,1048576,4096,0,0,39780,180,1245184,102064,0,0,6030080,7176,499712,2488,0,0,0,0,0,0,0,0,0,0,32768,720,0,0,0,0
10496,SnapTimerPortable_0.1_English.paf.exe,0,0,144,3,0,4,0,65535,0,184,0,0,0,64,0,0,0,208,332,6,0,0,224,258,267,10,0,28672,445952,16896,14819,4096,32768,4194304,4096,512,5,0,6,0,5,0,1351680,1024,0,2,34112,1048576,4096,1048576,4096,0,0,39780,180,1245184,102032,0,0,0,0,499712,2488,0,0,0,0,0,0,0,0,0,0,32768,720,0,0,0,0
10497,SndVol.exe,0,0,144,3,0,4,0,65535,0,184,0,0,0,64,0,0,0,232,332,7,0,0,224,258,267,14,13,122880,93184,512,115968,4096,126976,4194304,4096,512,10,0,10,0,10,0,233472,1024,288767,2,49600,262144,8192,1048576,4096,0,0,140888,880,155648,66880,0,0,213504,10784,225280,7920,10192,84,0,0,4964,24,4800,164,0,0,139264,1620,126100,224,0,0
10498,SnippingTool.exe,0,0,144,3,0,4,0,65535,0,184,0,0,0,64,0,0,0,256,34404,6,0,0,240,34,523,14,13,210944,3183104,0,206576,4096,0,5368709120,4096,512,10,0,10,0,10,0,3411968,1024,3404741,2,49504,524288,8192,1048576,4096,0,0,267000,760,307200,3099704,299008,6408,0,0,3407872,668,252304,84,0,0,219160,40,218896,264,0,0,219200,3432,0,0,0,0
10499,SocketSniff.exe,0,0,144,3,0,4,0,65535,0,184,0,0,0,64,0,0,0,224,332,3,0,0,224,259,267,8,0,36864,8192,57344,94736,61440,98304,4194304,4096,512,4,0,0,0,4,0,106496,4096,65839,2,0,1048576,4096,1048576,4096,0,0,103020,456,98304,4716,0,0,40448,6240,0,0,0,0,0,0,0,0,0,0,0,0,0,0,0,0,0,0
10500,SoundVolumeView.exe,0,0,144,3,0,4,0,65535,0,184,0,0,0,64,0,0,0,216,34404,5,0,0,240,35,523,8,0,123392,61440,0,125920,4096,0,5368709120,4096,512,4,0,0,0,5,2,208896,1024,205628,2,32768,1048576,4096,1048576,4096,0,0,148880,220,176128,30000,167936,4392,185856,8568,0,0,133248,28,0,0,0,0,0,0,0,0,131072,2072,0,0,0,0
10501,SpaceAgent.exe,0,0,144,3,0,4,0,65535,0,184,0,0,0,64,0,0,0,224,34404,6,0,0,240,34,523,14,13,87552,50688,0,89136,4096,0,5368709120,4096,512,10,0,10,0,10,0,155648,1024,150180,2,49504,524288,8192,1048576,4096,0,0,103064,280,118784,28872,114688,3132,0,0,151552,68,97824,84,0,0,94536,40,94272,264,0,0,94576,1576,0,0,0,0
10502,SpatialAudioLicenseSrv.exe,0,0,144,3,0,4,0,65535,0,184,0,0,0,64,0,0,0,248,332,7,0,0,224,258,267,14,13,127488,17920,512,119200,4096,135168,4194304,4096,512,10,0,10,0,10,0,167936,1024,202206,2,49600,262144,8192,1048576,4096,0,0,144004,580,155648,1840,0,0,0,0,159744,6620,19296,84,0,0,5468,24,5304,164,0,0,143360,640,130844,160,0,0
10503,SpecialFoldersView.exe,0,0,144,3,0,4,0,65535,0,184,0,0,0,64,0,0,0,232,34404,5,0,0,240,35,523,8,0,55296,32256,0,58032,4096,0,5368709120,4096,512,4,0,0,0,5,2,106496,1024,105596,2,32768,1048576,4096,1048576,4096,0,0,72984,200,94208,11632,90112,2292,88576,6240,0,0,63072,28,0,0,0,0,0,0,0,0,61440,1568,0,0,0,0
10504,Spectrum.exe,0,0,144,3,0,4,0,65535,0,184,0,0,0,64,0,0,0,240,34404,7,0,0,240,34,523,14,13,684544,302080,0,654224,4096,0,5368709120,4096,512,10,0,10,0,10,0,1007616,1024,1024830,3,49504,524288,8192,1048576,4096,0,0,921688,1360,995328,1312,958464,30648,0,0,999424,7516,820256,84,0,0,730752,40,692336,264,0,0,730792,3152,921360,128,0,0
10505,SpeechModelDownload.exe,0,0,144,3,0,4,0,65535,0,184,0,0,0,64,0,0,0,248,332,5,0,0,224,258,267,14,13,121344,16384,0,115040,4096,126976,4194304,4096,512,10,0,10,0,10,0,151552,1024,173613,2,49472,262144,8192,1048576,4096,0,0,131884,640,139264,1392,0,0,0,0,143360,5028,44144,84,0,0,4612,24,4448,164,0,0,131072,808,0,0,0,0
10506,SpeechUXWiz.exe,0,0,144,3,0,4,0,65535,0,184,0,0,0,64,0,0,0,240,34404,6,0,0,240,34,523,14,13,174080,371200,0,166928,4096,0,5368709120,4096,512,10,0,10,0,10,0,561152,1024,577439,2,49504,524288,8192,1048576,4096,0,0,238912,300,282624,272928,270336,8244,0,0,557056,2896,216016,84,0,0,189928,40,189664,264,0,0,189968,3424,0,0,0,0
10507,SpeedyFoxPortable_2.0.30_Rev_2_English.paf.exe,0,0,144,3,0,4,0,65535,0,184,0,0,0,64,0,0,0,216,332,5,0,0,224,271,267,6,0,26112,428544,16384,13784,4096,32768,4194304,4096,512,4,0,6,0,4,0,1994752,1024,0,2,34112,1048576,4096,1048576,4096,0,0,34052,160,1888256,104864,0,0,0,0,0,0,0,0,0,0,0,0,0,0,0,0,32768,688,0,0,0,0
10508,SrTasks.exe,0,0,144,3,0,4,0,65535,0,184,0,0,0,64,0,0,0,232,34404,6,0,0,240,34,523,14,13,40960,17408,0,43168,4096,0,5368709120,4096,512,10,0,10,0,10,0,73728,1024,76304,3,49504,524288,8192,1048576,4096,0,0,52196,260,65536,2072,61440,1488,0,0,69632,44,49776,84,0,0,0,0,45072,264,0,0,45336,912,0,0,0,0
10509,StartupSentinelPortable_1.9.0.28_English.paf.exe,0,0,144,3,0,4,0,65535,0,184,0,0,0,64,0,0,0,216,332,5,0,0,224,271,267,6,0,26112,428544,16384,13784,4096,32768,4194304,4096,512,4,0,6,0,4,0,2093056,1024,0,2,34112,1048576,4096,1048576,4096,0,0,34052,160,1986560,105152,0,0,0,0,0,0,0,0,0,0,0,0,0,0,0,0,32768,688,0,0,0,0
10510,SteamSetup.exe,0,0,144,3,0,4,0,65535,0,184,0,0,0,64,0,0,0,200,332,5,0,0,224,271,267,6,0,25088,141824,2048,13238,4096,32768,4194304,4096,512,4,0,6,0,4,0,483328,1024,1452805,2,34112,1048576,4096,1048576,4096,0,0,34052,160,405504,77128,0,0,1439848,6944,0,0,0,0,0,0,0,0,0,0,0,0,32768,692,0,0,0,0
10511,Supercopier.exe,0,0,144,3,0,4,0,65535,0,184,0,0,0,64,0,0,0,240,332,5,0,0,224,303,267,6,0,104448,35328,0,84180,4096,110592,4194304,4096,512,4,0,0,0,4,0,163840,1024,3249521,2,0,1048576,4096,1048576,4096,0,0,125356,100,159744,4050,0,0,3195568,8136,0,0,0,0,0,0,0,0,0,0,0,0,110592,512,0,0,0,0
10512,SyncAppvPublishingServer.exe,0,0,144,3,0,4,0,65535,0,184,0,0,0,64,0,0,0,232,34404,5,0,0,240,34,523,14,13,16896,11776,0,16832,4096,0,5368709120,4096,512,10,0,10,0,10,0,45056,1024,65638,2,49504,524288,8192,1048576,4096,0,0,29016,180,0,0,36864,1068,27648,8504,40960,76,26704,84,0,0,0,0,24656,264,0,0,24920,680,0,0,0,0
10513,SyncHost.exe,0,0,144,3,0,4,0,65535,0,184,0,0,0,64,0,0,0,232,332,5,0,0,224,258,267,14,13,28160,10240,0,29952,4096,32768,4194304,4096,512,10,0,10,0,6,1,49152,1024,87878,2,49472,262144,8192,1048576,4096,0,0,37316,200,40960,3248,0,0,0,0,45056,2032,6992,84,0,0,0,0,4696,64,0,0,36864,448,0,0,0,0
10514,SynkronPortable_1.6.2_Rev_2.paf.exe,0,0,144,3,0,4,0,65535,0,184,0,0,0,64,0,0,0,208,332,6,0,0,224,258,267,10,0,28672,445952,16896,14819,4096,32768,4194304,4096,512,5,0,6,0,5,0,2002944,1024,5812382,2,34112,1048576,4096,1048576,4096,0,0,39780,180,1884160,112152,0,0,5784560,7640,499712,2488,0,0,0,0,0,0,0,0,0,0,32768,720,0,0,0,0
10515,SysResetErr.exe,0,0,144,3,0,4,0,65535,0,184,0,0,0,64,0,0,0,248,34404,7,0,0,240,34,523,14,13,14336,22016,512,15216,4096,0,5368709120,4096,512,10,0,10,0,10,0,57344,1024,71826,2,49632,524288,8192,1048576,4096,0,0,33120,240,49152,3288,45056,1152,33792,8704,53248,300,29776,84,0,0,25704,40,25440,264,0,0,25744,864,0,0,0,0
10516,SystemExplorerPortable_7.1.0.paf.exe,0,0,144,3,0,4,0,65535,0,184,0,0,0,64,0,0,0,216,332,5,0,0,224,271,267,6,0,25088,141824,2048,13238,4096,32768,4194304,4096,512,4,0,6,0,4,0,483328,1024,0,2,34112,1048576,4096,1048576,4096,0,0,33980,160,364544,116792,0,0,0,0,0,0,0,0,0,0,0,0,0,0,0,0,32768,696,0,0,0,0
10517,SystemPropertiesAdvanced.exe,0,0,144,3,0,4,0,65535,0,184,0,0,0,64,0,0,0,248,332,5,0,0,224,258,267,14,13,3584,78848,0,5808,4096,8192,4194304,4096,512,10,0,10,0,10,0,98304,1024,113250,2,49472,262144,8192,1048576,4096,0,0,12436,180,16384,75560,0,0,0,0,94208,300,4368,84,0,0,0,0,4104,164,0,0,12288,144,0,0,0,0
10518,SystemPropertiesComputerName.exe,0,0,144,3,0,4,0,65535,0,184,0,0,0,64,0,0,0,248,332,5,0,0,224,258,267,14,13,3584,78848,0,5808,4096,8192,4194304,4096,512,10,0,10,0,10,0,98304,1024,129675,2,49472,262144,8192,1048576,4096,0,0,12436,180,16384,75592,0,0,0,0,94208,300,4368,84,0,0,0,0,4104,164,0,0,12288,144,0,0,0,0
10519,SystemPropertiesDataExecutionPrevention.exe,0,0,144,3,0,4,0,65535,0,184,0,0,0,64,0,0,0,248,332,5,0,0,224,258,267,14,13,3584,78848,0,5792,4096,8192,4194304,4096,512,10,0,10,0,10,0,98304,1024,146862,2,49472,262144,8192,1048576,4096,0,0,12436,180,16384,75688,0,0,0,0,94208,300,4352,84,0,0,0,0,4104,164,0,0,12288,144,0,0,0,0
10520,SystemPropertiesHardware.exe,0,0,144,3,0,4,0,65535,0,184,0,0,0,64,0,0,0,248,332,5,0,0,224,258,267,14,13,3584,78848,0,5808,4096,8192,4194304,4096,512,10,0,10,0,10,0,98304,1024,130540,2,49472,262144,8192,1048576,4096,0,0,12436,180,16384,75544,0,0,0,0,94208,300,4368,84,0,0,0,0,4104,164,0,0,12288,144,0,0,0,0
10521,SystemPropertiesPerformance.exe,0,0,144,3,0,4,0,65535,0,184,0,0,0,64,0,0,0,240,332,5,0,0,224,258,267,14,13,3584,78848,0,5872,4096,8192,4194304,4096,512,10,0,10,0,10,0,98304,1024,115661,2,49472,262144,8192,1048576,4096,0,0,12444,200,16384,75600,0,0,0,0,94208,308,4384,84,0,0,0,0,4104,164,0,0,12288,152,0,0,0,0
10522,SystemPropertiesProtection.exe,0,0,144,3,0,4,0,65535,0,184,0,0,0,64,0,0,0,248,332,5,0,0,224,258,267,14,13,3584,78848,0,5808,4096,8192,4194304,4096,512,10,0,10,0,10,0,98304,1024,94974,2,49472,262144,8192,1048576,4096,0,0,12436,180,16384,75584,0,0,0,0,94208,300,4368,84,0,0,0,0,4104,164,0,0,12288,144,0,0,0,0
10523,SystemPropertiesRemote.exe,0,0,144,3,0,4,0,65535,0,184,0,0,0,64,0,0,0,248,332,5,0,0,224,258,267,14,13,3584,78848,0,5808,4096,8192,4194304,4096,512,10,0,10,0,10,0,98304,1024,97629,2,49472,262144,8192,1048576,4096,0,0,12436,180,16384,75552,0,0,0,0,94208,300,4384,84,0,0,0,0,4104,164,0,0,12288,144,0,0,0,0
10524,SystemSettings.exe,0,0,144,3,0,4,0,65535,0,184,0,0,0,64,0,0,0,240,34404,7,0,0,240,34,523,14,13,14336,73216,512,15904,4096,0,5368709120,4096,512,10,0,10,0,10,0,106496,1024,159559,2,49632,524288,8192,1048576,4096,0,0,28548,460,40960,61016,36864,864,86528,9504,102400,56,26928,84,0,0,0,0,24592,264,0,0,24856,824,0,0,0,0
10525,SystemSettingsAdminFlows.exe,0,0,144,3,0,4,0,65535,0,184,0,0,0,64,0,0,0,240,34404,8,0,0,240,34,523,14,13,284160,202752,512,268816,4096,0,5368709120,4096,512,10,0,10,0,10,0,512000,1024,503613,2,49632,524288,8192,1048576,4096,0,0,401400,1060,450560,53376,430080,13320,483840,13032,507904,3776,356736,84,0,0,312024,40,311760,264,0,0,312064,3408,400488,256,0,0
10526,SystemSettingsBroker.exe,0,0,144,3,0,4,0,65535,0,184,0,0,0,64,0,0,0,256,34404,8,0,0,240,34,523,14,13,94720,101376,512,27776,4096,0,5368709120,4096,512,10,0,10,0,10,0,221184,1024,266266,2,49632,524288,8192,1048576,4096,0,0,137576,680,163840,50888,151552,7524,194560,10512,217088,1348,119792,84,0,0,109832,40,109568,264,0,0,111520,1336,136176,160,0,0
10527,SystemSettingsRemoveDevice.exe,0,0,144,3,0,4,0,65535,0,184,0,0,0,64,0,0,0,232,34404,7,0,0,240,34,523,14,13,16384,16384,512,17776,4096,0,5368709120,4096,512,10,0,10,0,10,0,49152,1024,76309,2,49632,524288,8192,1048576,4096,0,0,28920,460,40960,3552,36864,1032,31744,9000,45056,104,27184,84,0,0,0,0,24784,264,0,0,25048,872,0,0,0,0
10528,SystemUWPLauncher.exe,0,0,144,3,0,4,0,65535,0,184,0,0,0,64,0,0,0,248,332,6,0,0,224,258,267,14,13,50688,13824,0,48848,4096,57344,4194304,4096,512,10,0,10,0,10,0,81920,1024,82841,2,49472,262144,8192,1048576,4096,0,0,62072,740,73728,2040,0,0,0,0,77824,3476,14624,84,0,0,0,0,6440,164,0,0,61440,628,54052,96,0,0
10529,TCPConnectProblemView.exe,0,0,144,3,0,4,0,65535,0,184,0,0,0,64,0,0,0,240,332,4,0,0,224,259,267,8,0,56320,35328,0,58604,4096,61440,4194304,4096,512,4,0,0,0,4,0,106496,1024,118665,2,0,1048576,4096,1048576,4096,0,0,69292,220,86016,20364,0,0,92672,8568,0,0,62544,28,0,0,0,0,0,0,0,0,61440,1032,0,0,0,0
10530,TCPSVCS.EXE,0,0,144,3,0,4,0,65535,0,184,0,0,0,64,0,0,0,232,332,5,0,0,224,258,267,14,13,4096,5632,0,6752,4096,8192,4194304,4096,512,10,0,10,0,10,0,24576,1024,26531,3,49472,262144,36864,1048576,4096,0,0,12516,280,16384,1840,0,0,0,0,20480,432,4688,84,0,0,0,0,4104,164,0,0,12288,224,0,0,0,0
10531,TCPViewPortable_4.17_English_online.paf.exe,0,0,144,3,0,4,0,65535,0,184,0,0,0,64,0,0,0,216,332,5,0,0,224,271,267,6,0,26624,428544,16384,13888,4096,32768,4194304,4096,512,4,0,6,0,4,0,2224128,1024,981019,2,34112,1048576,4096,1048576,4096,0,0,34052,160,2117632,105664,0,0,965856,10520,0,0,0,0,0,0,0,0,0,0,0,0,32768,688,0,0,0,0
10532,TRACERT.EXE,0,0,144,3,0,4,0,65535,0,184,0,0,0,64,0,0,0,240,332,5,0,0,224,258,267,14,13,7680,8192,0,10000,4096,12288,4194304,4096,512,10,0,10,0,10,0,28672,1024,78609,3,49472,262144,8192,1048576,4096,0,0,16708,360,20480,2104,0,0,0,0,24576,528,4464,84,0,0,0,0,4104,164,0,0,16384,320,0,0,0,0
10533,TSTheme.exe,0,0,144,3,0,4,0,65535,0,184,0,0,0,64,0,0,0,224,332,5,0,0,224,258,267,14,13,32256,12800,0,30608,4096,36864,4194304,4096,512,10,0,10,0,10,0,57344,1024,105992,2,49472,262144,8192,1048576,4096,0,0,41452,140,45056,5112,0,0,0,0,53248,2280,7776,84,0,0,0,0,4688,164,0,0,40960,488,0,0,0,0
10534,TSWbPrxy.exe,0,0,144,3,0,4,0,65535,0,184,0,0,0,64,0,0,0,240,34404,6,0,0,240,34,523,14,13,37376,31744,0,36608,4096,0,5368709120,4096,512,10,0,10,0,6,1,86016,1024,99766,2,49504,524288,8192,1048576,4096,0,0,56928,180,69632,10656,65536,1752,0,0,81920,528,52848,84,0,0,0,0,47072,264,0,0,47336,1048,0,0,0,0
10535,TabTip32.exe,0,0,144,3,0,4,0,65535,0,184,0,0,0,64,0,0,0,248,332,7,0,0,224,258,267,14,13,5632,6656,512,6944,4096,12288,4194304,4096,512,10,0,10,0,10,0,36864,1024,44990,2,49600,262144,8192,1048576,4096,0,0,20704,300,28672,2096,0,0,12800,9096,32768,456,4512,84,0,0,0,0,4104,164,0,0,20480,220,9044,96,0,0
10536,TableTextCompare.exe,0,0,144,3,0,4,0,65535,0,184,0,0,0,64,0,0,0,232,332,4,0,0,224,259,267,8,0,40448,26112,0,43434,4096,45056,4194304,4096,512,4,0,0,0,4,0,81920,1024,130544,2,0,1048576,4096,1048576,4096,0,0,50796,200,65536,15340,0,0,67584,6240,0,0,45888,28,0,0,0,0,0,0,0,0,45056,800,0,0,0,0
10537,Tango_Logger.exe,0,0,144,3,0,4,0,65535,0,184,0,0,0,64,0,0,0,128,332,3,0,0,224,271,267,2,50,167936,73728,278528,445984,282624,450560,4194304,4096,512,4,0,0,0,4,0,524288,4096,0,3,0,1048576,4096,1048576,4096,0,0,519928,544,450560,69368,0,0,0,0,0,0,0,0,0,0,0,0,0,0,0,0,0,0,0,0,0,0
10538,TapiUnattend.exe,0,0,144,3,0,4,0,65535,0,184,0,0,0,64,0,0,0,232,332,5,0,0,224,258,267,14,13,6656,5632,0,8960,4096,12288,4194304,4096,512,10,0,10,0,10,0,28672,1024,72296,2,49472,262144,8192,1048576,4096,0,0,16556,100,20480,1848,0,0,0,0,24576,564,6048,84,0,0,0,0,4152,164,0,0,16384,168,0,0,0,0
10539,TaskSchedulerView.exe,0,0,144,3,0,4,0,65535,0,184,0,0,0,64,0,0,0,232,34404,5,0,0,240,35,523,8,0,95744,54272,0,98528,4096,0,5368709120,4096,512,4,0,0,0,5,2,167936,1024,173152,2,32768,1048576,4096,1048576,4096,0,0,116352,240,139264,26132,135168,3672,151040,8568,0,0,104544,28,0,0,0,0,0,0,0,0,102400,2056,0,0,0,0
10540,TcpLogView.exe,0,0,144,3,0,4,0,65535,0,184,0,0,0,64,0,0,0,216,34404,5,0,0,240,35,523,8,0,111104,57344,0,112752,4096,0,5368709120,4096,512,4,0,0,0,5,2,200704,1024,200340,2,32768,1048576,4096,1048576,4096,0,0,136808,200,172032,25520,163840,4176,169472,8568,0,0,121088,28,0,0,0,0,0,0,0,0,118784,2136,0,0,0,0
10541,TeamViewer_Setup.exe,0,0,144,3,0,4,0,65535,0,184,0,0,0,64,0,0,0,208,332,6,0,0,224,258,267,10,0,28160,445952,16896,14467,4096,32768,4194304,4096,512,5,0,6,0,5,0,1130496,1024,5845819,2,34112,1048576,4096,1048576,4096,0,0,39732,180,1097728,25184,0,0,5838560,6648,499712,2404,0,0,0,0,0,0,0,0,0,0,32768,720,0,0,0,0
10542,TexterPortable_0.6_Rev_2_English.paf.exe,0,0,144,3,0,4,0,65535,0,184,0,0,0,64,0,0,0,208,332,6,0,0,224,258,267,10,0,28672,445952,16896,14819,4096,32768,4194304,4096,512,5,0,6,0,5,0,1990656,1024,871300,2,34112,1048576,4096,1048576,4096,0,0,39780,180,1884160,102016,0,0,828120,7640,499712,2488,0,0,0,0,0,0,0,0,0,0,32768,720,0,0,0,0
10543,ThumbnailExtractionHost.exe,0,0,144,3,0,4,0,65535,0,184,0,0,0,64,0,0,0,248,332,6,0,0,224,258,267,14,13,18944,9728,0,19792,4096,24576,4194304,4096,512,10,0,10,0,6,0,45056,1024,46677,2,49472,262144,8192,1048576,4096,0,0,29056,260,36864,2352,0,0,0,0,40960,1624,6704,84,0,0,0,0,4536,64,0,0,28672,380,22208,128,0,0
10544,TiFileFetcher.exe,0,0,144,3,0,4,0,65535,0,184,0,0,0,64,0,0,0,240,34404,7,0,0,240,34,523,14,13,369664,90624,0,369648,4096,0,5368709120,4096,512,10,0,10,0,6,1,483328,1024,497776,2,49504,524288,8192,1048576,4096,0,0,441600,600,475136,1336,458752,10296,457728,8504,479232,700,428752,84,0,0,381064,40,376880,264,0,0,381104,1888,441396,64,0,0
10545,TiWorker.exe,0,0,144,3,0,4,0,65535,0,184,0,0,0,64,0,0,0,240,34404,6,0,0,240,34,523,14,13,78848,126976,0,80784,4096,0,5368709120,4096,512,10,0,10,0,10,0,225280,1024,237598,2,49504,524288,32768,1048576,4096,0,0,202508,520,217088,1328,212992,1416,0,0,221184,228,200464,84,0,0,0,0,86736,264,0,0,87000,1008,0,0,0,0
10546,TieringEngineService.exe,0,0,144,3,0,4,0,65535,0,184,0,0,0,64,0,0,0,240,34404,7,0,0,240,34,523,14,13,253440,58368,0,251440,4096,0,5368709120,4096,512,10,0,10,0,10,0,327680,1024,345426,2,49504,524288,8192,1048576,4096,0,0,289384,820,315392,7384,303104,5892,0,0,323584,496,274224,84,0,0,260680,40,260416,264,0,0,260720,2048,289264,64,0,0
10547,TileWorldPortable_1.3.2_English.paf.exe,0,0,144,3,0,4,0,65535,0,184,0,0,0,64,0,0,0,216,332,5,0,0,224,271,267,6,0,25088,141824,2048,13238,4096,32768,4194304,4096,512,4,0,6,0,4,0,462848,1024,1565124,2,34112,1048576,4096,1048576,4096,0,0,33980,160,356352,104832,0,0,1488168,13056,0,0,0,0,0,0,0,0,0,0,0,0,32768,696,0,0,0,0
10548,TimeZonesView.exe,0,0,144,3,0,4,0,65535,0,184,0,0,0,64,0,0,0,232,332,4,0,0,224,259,267,8,0,41472,31232,0,44364,4096,49152,4194304,4096,512,4,0,0,0,4,0,90112,1024,142004,2,0,1048576,4096,1048576,4096,0,0,55204,200,69632,19220,0,0,73728,11984,0,0,50080,28,0,0,0,0,0,0,0,0,49152,876,0,0,0,0
10549,TinyTaskPortable_1.77_English.paf.exe,0,0,144,3,0,4,0,65535,0,184,0,0,0,64,0,0,0,216,332,5,0,0,224,271,267,6,0,26112,428544,16384,13477,4096,32768,4194304,4096,512,4,0,6,0,4,0,2093056,1024,0,2,34112,1048576,4096,1048576,4096,0,0,34052,160,1986560,105064,0,0,0,0,0,0,0,0,0,0,0,0,0,0,0,0,32768,688,0,0,0,0
10550,Tipp10Portable_2.1.0_Rev_2.paf.exe,0,0,144,3,0,4,0,65535,0,184,0,0,0,64,0,0,0,208,332,6,0,0,224,258,267,10,0,28672,445952,16896,14819,4096,32768,4194304,4096,512,5,0,6,0,5,0,1990656,1024,4568967,2,34112,1048576,4096,1048576,4096,0,0,39780,180,1884160,102008,0,0,4530816,7640,499712,2488,0,0,0,0,0,0,0,0,0,0,32768,720,0,0,0,0
10551,TokenBrokerCookies.exe,0,0,144,3,0,4,0,65535,0,184,0,0,0,64,0,0,0,240,332,6,0,0,224,258,267,14,13,19456,9728,0,19664,4096,24576,4194304,4096,512,10,0,10,0,10,0,45056,1024,77611,2,49472,262144,8192,1048576,4096,0,0,29120,480,36864,1872,0,0,0,0,40960,1092,5296,84,0,0,0,0,4136,164,0,0,28672,444,23016,64,0,0
10552,Toucan_3.1.8.2.paf.exe,0,0,144,3,0,4,0,65535,0,184,0,0,0,64,0,0,0,216,332,5,0,0,224,271,267,6,0,26624,428544,16384,13888,4096,32768,4194304,4096,512,4,0,6,0,4,0,1998848,1024,6391235,2,34112,1048576,4096,1048576,4096,0,0,34052,160,1888256,110424,0,0,6331248,8608,0,0,0,0,0,0,0,0,0,0,0,0,32768,688,0,0,0,0
10553,TpmInit.exe,0,0,144,3,0,4,0,65535,0,184,0,0,0,64,0,0,0,232,332,5,0,0,224,258,267,14,13,27648,34816,0,28496,4096,32768,4194304,4096,512,10,0,10,0,10,0,73728,1024,121190,2,49472,262144,8192,1048576,4096,0,0,37328,180,40960,28568,0,0,0,0,69632,1584,7088,84,0,0,0,0,4112,164,0,0,36864,460,0,0,0,0
10554,TreeSizeFreePortable_4.53.paf.exe,0,0,144,3,0,4,0,65535,0,184,0,0,0,64,0,0,0,216,332,5,0,0,224,271,267,6,0,26624,428544,16384,13888,4096,32768,4194304,4096,512,4,0,6,0,4,0,2093056,1024,0,2,34112,1048576,4096,1048576,4096,0,0,34052,160,1986560,105096,0,0,0,0,0,0,0,0,0,0,0,0,0,0,0,0,32768,688,0,0,0,0
10555,TrustedInstaller.exe,0,0,144,3,0,4,0,65535,0,184,0,0,0,64,0,0,0,232,34404,6,0,0,240,34,523,14,13,99840,71168,0,101776,4096,0,5368709120,4096,512,10,0,10,0,10,0,184320,1024,187803,2,49504,524288,32768,1048576,4096,0,0,161132,560,176128,1344,172032,3588,0,0,180224,752,156672,84,0,0,0,0,109264,264,0,0,109528,1592,0,0,0,0
10556,TurnedOnTimesView.exe,0,0,144,3,0,4,0,65535,0,184,0,0,0,64,0,0,0,240,332,4,0,0,224,259,267,8,0,60416,53760,0,62888,4096,65536,4194304,4096,512,4,0,0,0,4,0,131072,1024,170983,2,0,1048576,4096,1048576,4096,0,0,80492,220,98304,30152,0,0,115200,8568,0,0,66544,28,0,0,0,0,0,0,0,0,65536,948,0,0,0,0
10557,TwinDistressPortable_1.1.0_English.paf.exe,0,0,144,3,0,4,0,65535,0,184,0,0,0,64,0,0,0,224,332,5,0,0,224,259,267,9,0,25600,431104,16896,13643,4096,32768,4194304,4096,512,5,0,6,0,5,0,1290240,1024,3645489,2,33792,1048576,4096,1048576,4096,0,0,35352,180,1187840,98312,0,0,3587408,4264,0,0,0,0,0,0,0,0,0,0,0,0,32768,704,0,0,0,0
10558,TypeFasterPortable_0.4.2_Rev_2_English.paf.exe,0,0,144,3,0,4,0,65535,0,184,0,0,0,64,0,0,0,216,332,5,0,0,224,271,267,6,0,26112,428544,16384,13477,4096,32768,4194304,4096,512,4,0,6,0,4,0,1978368,1024,2226734,2,34112,1048576,4096,1048576,4096,0,0,34044,160,1871872,104944,0,0,2211376,13120,0,0,0,0,0,0,0,0,0,0,0,0,32768,688,0,0,0,0
10559,TyperTaskPortable_1.20_Rev_3_English.paf.exe,0,0,144,3,0,4,0,65535,0,184,0,0,0,64,0,0,0,216,332,5,0,0,224,271,267,6,0,26112,428544,16384,13477,4096,32768,4194304,4096,512,4,0,6,0,4,0,2093056,1024,0,2,34112,1048576,4096,1048576,4096,0,0,34052,160,1986560,105096,0,0,0,0,0,0,0,0,0,0,0,0,0,0,0,0,32768,688,0,0,0,0
10560,TypingMaster_Typing_Tutor_Pro.exe,0,0,144,3,0,4,0,65535,0,184,0,0,0,64,0,0,0,240,332,5,0,0,224,303,267,6,0,104448,35328,0,84180,4096,110592,4194304,4096,512,4,0,0,0,4,0,163840,1024,3255623,2,0,1048576,4096,1048576,4096,0,0,125356,100,159744,4050,0,0,3195568,8136,0,0,0,0,0,0,0,0,0,0,0,0,110592,512,0,0,0,0
10561,UIMgrBroker.exe,0,0,144,3,0,4,0,65535,0,184,0,0,0,64,0,0,0,232,34404,6,0,0,240,34,523,14,13,20480,17408,0,21728,4096,0,5368709120,4096,512,10,0,10,0,10,0,53248,1024,91153,2,49504,524288,8192,1048576,4096,0,0,30532,540,45056,1784,40960,1248,0,0,49152,108,28304,84,0,0,0,0,24800,264,0,0,25064,1160,0,0,0,0
10562,UNPUXHost.exe,0,0,144,3,0,4,0,65535,0,184,0,0,0,64,0,0,0,248,34404,6,0,0,240,34,523,14,13,28672,71680,0,27920,4096,0,5368709120,4096,512,10,0,10,0,10,0,114688,1024,110904,2,49504,524288,8192,1048576,4096,0,0,40432,200,53248,54880,49152,1560,99328,8704,110592,104,36768,84,0,0,0,0,32896,264,0,0,33160,888,0,0,0,0
10563,UNPUXLauncher.exe,0,0,144,3,0,4,0,65535,0,184,0,0,0,64,0,0,0,256,34404,7,0,0,240,34,523,14,13,300032,179200,0,293824,4096,0,5368709120,4096,512,10,0,10,0,10,0,499712,1024,528936,2,49504,524288,8192,1048576,4096,0,0,407864,460,438272,54424,421888,10068,477696,8704,495616,1852,377344,84,0,0,318832,40,307312,264,0,0,318872,1872,407704,64,0,0
10564,UNetbootinPortable_702.paf.exe,0,0,144,3,0,4,0,65535,0,184,0,0,0,64,0,0,0,216,332,5,0,0,224,271,267,6,0,26112,428544,16384,13784,4096,32768,4194304,4096,512,4,0,6,0,4,0,2007040,1024,5360183,2,34112,1048576,4096,1048576,4096,0,0,34052,160,1888256,116456,0,0,5305720,16640,0,0,0,0,0,0,0,0,0,0,0,0,32768,688,0,0,0,0
10565,URLStringGrabber.exe,0,0,144,3,0,4,0,65535,0,184,0,0,0,64,0,0,0,232,332,3,0,0,224,259,267,8,0,32768,8192,49152,82544,53248,86016,4194304,4096,512,4,0,0,0,4,0,94208,4096,0,2,0,1048576,4096,1048576,4096,0,0,89992,612,86016,3976,0,0,0,0,0,0,0,0,0,0,0,0,0,0,0,0,0,0,0,0,0,0
10566,USBDeview.exe,0,0,144,3,0,4,0,65535,0,184,0,0,0,64,0,0,0,224,34404,5,0,0,240,35,523,8,0,128000,56832,0,130080,4096,0,5368709120,4096,512,4,0,0,0,5,2,204800,1024,197505,2,32768,1048576,4096,1048576,4096,0,0,150712,220,176128,26860,167936,4452,185856,8568,0,0,137584,28,0,0,0,0,0,0,0,0,135168,2280,0,0,0,0
10567,USBDriveLog.exe,0,0,144,3,0,4,0,65535,0,184,0,0,0,64,0,0,0,248,332,4,0,0,224,259,267,8,0,61440,37888,0,64346,4096,65536,4194304,4096,512,4,0,0,0,4,0,114688,1024,119928,2,0,1048576,4096,1048576,4096,0,0,74748,180,90112,22508,0,0,100352,8568,0,0,66544,28,0,0,0,0,0,0,0,0,65536,956,0,0,0,0
10568,USBLogView.exe,0,0,144,3,0,4,0,65535,0,184,0,0,0,64,0,0,0,240,332,4,0,0,224,259,267,8,0,48128,486400,0,50960,4096,53248,4194304,4096,512,4,0,0,0,4,0,544768,1024,596047,2,0,1048576,4096,1048576,4096,0,0,58524,200,69632,474996,0,0,535552,8552,0,0,54192,28,0,0,0,0,0,0,0,0,53248,892,0,0,0,0
10569,USBSudokuPortable_2.0_English.paf.exe,0,0,144,3,0,4,0,65535,0,184,0,0,0,64,0,0,0,208,332,6,0,0,224,258,267,10,0,28672,445952,16896,14819,4096,32768,4194304,4096,512,5,0,6,0,5,0,1351680,1024,407255,2,34112,1048576,4096,1048576,4096,0,0,39780,180,1245184,102032,0,0,367496,6728,499712,2488,0,0,0,0,0,0,0,0,0,0,32768,720,0,0,0,0
10570,UUID-GUIDGeneratorPortable_1.1_English.paf.exe,0,0,144,3,0,4,0,65535,0,184,0,0,0,64,0,0,0,208,332,6,0,0,224,258,267,10,0,28672,445952,16896,14819,4096,32768,4194304,4096,512,5,0,6,0,5,0,1351680,1024,827176,2,34112,1048576,4096,1048576,4096,0,0,39780,180,1245184,102136,0,0,795968,6728,499712,2488,0,0,0,0,0,0,0,0,0,0,32768,720,0,0,0,0
10571,UevTemplateConfigItemGenerator.exe,0,0,144,3,0,4,0,65535,0,184,0,0,0,64,0,0,0,128,332,3,0,0,224,258,267,48,0,8704,2560,0,16506,8192,24576,4194304,8192,512,4,0,0,0,6,0,40960,512,50325,3,34144,1048576,4096,1048576,4096,0,0,16424,79,24576,1928,0,0,0,0,32768,12,16216,56,0,0,0,0,0,0,0,0,8192,8,0,0,8200,72
10572,Ultimate_SAMP_KeyBinder.exe,0,0,144,3,0,4,0,65535,0,184,0,0,0,64,0,0,0,128,332,3,0,0,224,258,267,8,0,678912,64000,0,686846,8192,688128,4194304,8192,512,4,0,0,0,4,0,761856,512,0,2,34112,1048576,4096,1048576,4096,0,0,686768,75,688128,63360,0,0,0,0,753664,12,686576,28,0,0,0,0,0,0,0,0,8192,8,0,0,8200,72
10573,UltraDefragPortable_7.1.4.paf.exe,0,0,144,3,0,4,0,65535,0,184,0,0,0,64,0,0,0,200,332,5,0,0,224,271,267,6,0,26112,428544,16384,13581,4096,32768,4194304,4096,512,4,0,6,0,4,0,2007040,1024,3763065,2,34112,1048576,4096,1048576,4096,0,0,34052,160,1888256,116464,0,0,3692176,13136,0,0,0,0,0,0,0,0,0,0,0,0,32768,684,0,0,0,0
10574,UltraISO_cn.exe,0,0,80,2,0,4,15,65535,0,184,0,0,0,64,26,0,0,256,332,8,0,0,224,33167,267,2,25,37888,84992,0,40000,4096,45056,4194304,4096,512,1,0,6,0,4,0,151552,1024,0,2,32768,1048576,16384,1048576,4096,0,0,53248,2384,69632,80800,0,0,0,0,65536,0,0,0,0,0,61440,24,0,0,0,0,0,0,0,0,0,0
10575,UninstallView.exe,0,0,144,3,0,4,0,65535,0,184,0,0,0,64,0,0,0,232,34404,5,0,0,240,35,523,8,0,120320,65024,0,122768,4096,0,5368709120,4096,512,4,0,0,0,5,2,208896,1024,216844,2,32768,1048576,4096,1048576,4096,0,0,147672,220,176128,28908,167936,4848,186368,8568,0,0,129280,28,0,0,0,0,0,0,0,0,126976,2208,0,0,0,0
10576,UpdateNotificationMgr.exe,0,0,144,3,0,4,0,65535,0,184,0,0,0,64,0,0,0,240,34404,7,0,0,240,34,523,14,13,292352,107520,0,286096,4096,0,5368709120,4096,512,10,0,10,0,10,0,421888,1024,458902,2,49504,524288,8192,1048576,4096,0,0,383856,400,413696,1712,397312,9420,398336,8704,417792,728,352816,84,0,0,0,0,299120,264,0,0,303008,1632,383568,64,0,0
10577,UpgradeResultsUI.exe,0,0,144,3,0,4,0,65535,0,184,0,0,0,64,0,0,0,256,34404,8,0,0,240,34,523,14,13,24576,19456,512,23856,4096,0,5368709120,4096,512,10,0,10,0,10,0,65536,1024,51015,2,49632,524288,8192,1048576,4096,0,0,40264,400,57344,2096,49152,1296,0,0,61440,84,37344,84,0,0,33048,40,32784,264,0,0,33088,952,40040,96,0,0
10578,UserAccountBroker.exe,0,0,144,3,0,4,0,65535,0,184,0,0,0,64,0,0,0,248,332,6,0,0,224,258,267,14,13,20480,9728,512,21792,4096,24576,4194304,4096,512,10,0,10,0,10,0,45056,1024,67106,2,49600,262144,8192,1048576,4096,0,0,33268,380,36864,2320,0,0,30208,9200,40960,1520,5776,84,0,0,4572,24,4408,164,0,0,32768,496,0,0,0,0
10579,UserAccountControlSettings.exe,0,0,144,3,0,4,0,65535,0,184,0,0,0,64,0,0,0,232,332,6,0,0,224,258,267,14,13,27136,61440,0,28992,4096,32768,4194304,4096,512,10,0,10,0,10,0,106496,1024,92190,2,49472,262144,8192,1048576,4096,0,0,37316,300,45056,53768,0,0,0,0,102400,1500,5712,84,0,0,0,0,4152,164,0,0,36864,448,30980,64,0,0
10580,UserAssistView.exe,0,0,144,3,0,4,0,65535,0,184,0,0,0,64,0,0,0,232,332,3,0,0,224,259,267,8,0,28672,8192,49152,78224,53248,81920,4194304,4096,512,4,0,0,0,4,0,90112,4096,0,2,0,1048576,4096,1048576,4096,0,0,85784,516,81920,3864,0,0,0,0,0,0,0,0,0,0,0,0,0,0,0,0,0,0,0,0,0,0
10581,UserOOBEBroker.exe,0,0,144,3,0,4,0,65535,0,184,0,0,0,64,0,0,0,248,34404,6,0,0,240,34,523,14,13,27648,25600,0,25632,4096,0,5368709120,4096,512,10,0,10,0,10,0,69632,1024,84043,2,49504,524288,8192,1048576,4096,0,0,46176,300,61440,2288,57344,1932,0,0,65536,608,41808,84,0,0,36296,40,36032,264,0,0,36336,1016,0,0,0,0
10582,UserProfilesView.exe,0,0,144,3,0,4,0,65535,0,184,0,0,0,64,0,0,0,232,332,3,0,0,224,259,267,8,0,28672,8192,49152,79696,53248,81920,4194304,4096,512,4,0,0,0,4,0,90112,4096,100735,2,0,1048576,4096,1048576,4096,0,0,85852,576,81920,3932,0,0,32768,6240,0,0,0,0,0,0,0,0,0,0,0,0,0,0,0,0,0,0
10583,UsoClient.exe,0,0,144,3,0,4,0,65535,0,184,0,0,0,64,0,0,0,240,34404,6,0,0,240,34,523,14,13,28160,20992,0,19056,4096,0,5368709120,4096,512,10,0,10,0,10,0,65536,1024,62523,2,49504,524288,8192,1048576,4096,0,0,43368,500,57344,984,53248,1956,0,0,61440,116,39200,84,0,0,0,0,32896,264,0,0,33160,864,0,0,0,0
10584,Utilman.exe,0,0,144,3,0,4,0,65535,0,184,0,0,0,64,0,0,0,248,332,6,0,0,224,258,267,14,13,64512,26112,512,59920,4096,69632,4194304,4096,512,10,0,10,0,10,0,102400,1024,154392,2,49600,262144,8192,1048576,4096,0,0,79000,300,90112,6240,0,0,0,0,98304,3972,11504,84,0,0,0,0,4568,164,0,0,77824,1172,0,0,0,0
10585,VMMapPortable_3.31_English_online.paf.exe,0,0,144,3,0,4,0,65535,0,184,0,0,0,64,0,0,0,216,332,5,0,0,224,271,267,6,0,26112,428544,16384,13784,4096,32768,4194304,4096,512,4,0,6,0,4,0,2224128,1024,970420,2,34112,1048576,4096,1048576,4096,0,0,34052,160,2117632,105632,0,0,939720,16640,0,0,0,0,0,0,0,0,0,0,0,0,32768,688,0,0,0,0
10586,VNCPassView.exe,0,0,144,3,0,4,0,65535,0,184,0,0,0,64,0,0,0,224,332,4,0,0,224,259,267,8,0,32768,20480,0,35560,4096,36864,4194304,4096,512,4,0,0,0,4,0,65536,1024,70880,2,0,1048576,4096,1048576,4096,0,0,40516,180,53248,9308,0,0,0,0,0,0,37632,28,0,0,0,0,0,0,0,0,36864,728,0,0,0,0
10587,VaultCmd.exe,0,0,144,3,0,4,0,65535,0,184,0,0,0,64,0,0,0,256,34404,6,0,0,240,34,523,14,13,15872,14848,0,16080,4096,0,5368709120,4096,512,10,0,10,0,10,0,49152,1024,91872,3,49504,524288,8192,1048576,4096,0,0,24872,540,40960,2080,36864,756,0,0,45056,36,23120,84,0,0,0,0,20496,264,0,0,20760,856,0,0,0,0
10588,VaultPasswordView.exe,0,0,144,3,0,4,0,65535,0,184,0,0,0,64,0,0,0,216,34404,5,0,0,240,35,523,8,0,113152,58368,0,4416,4096,0,5368709120,4096,512,4,0,0,0,5,2,188416,1024,231463,2,32768,1048576,4096,1048576,4096,0,0,138128,200,163840,23952,155648,6660,0,0,0,0,120896,28,0,0,0,0,0,0,0,0,118784,1984,0,0,0,0
10589,VeraCryptPortable_1.24_Update_7.paf.exe,0,0,144,3,0,4,0,65535,0,184,0,0,0,64,0,0,0,200,332,5,0,0,224,271,267,6,0,26112,428544,16384,13581,4096,32768,4194304,4096,512,4,0,6,0,4,0,2105344,1024,8412487,2,34112,1048576,4096,1048576,4096,0,0,34052,160,1986560,118480,0,0,8362032,13136,0,0,0,0,0,0,0,0,0,0,0,0,32768,684,0,0,0,0
10590,VideoCacheView.exe,0,0,144,3,0,4,0,65535,0,184,0,0,0,64,0,0,0,224,34404,5,0,0,240,35,523,8,0,172032,53760,0,174864,4096,0,5368709120,4096,512,4,0,0,0,5,2,249856,1024,243268,2,32768,1048576,4096,1048576,4096,0,0,195424,200,229376,20060,221184,5544,226816,8568,0,0,178336,28,0,0,0,0,0,0,0,0,176128,2120,0,0,0,0
10591,VirtuaWinPortable_4.5_Rev_2_English.paf.exe,0,0,144,3,0,4,0,65535,0,184,0,0,0,64,0,0,0,216,332,5,0,0,224,271,267,6,0,26112,428544,16384,13784,4096,32768,4194304,4096,512,4,0,6,0,4,0,1994752,1024,491030,2,34112,1048576,4096,1048576,4096,0,0,34052,160,1888256,104848,0,0,449872,16640,0,0,0,0,0,0,0,0,0,0,0,0,32768,688,0,0,0,0
10592,VirtualMagnifyingGlassPortable_3.6.paf.exe,0,0,144,3,0,4,0,65535,0,184,0,0,0,64,0,0,0,208,332,6,0,0,224,258,267,10,0,28672,445952,16896,14819,4096,32768,4194304,4096,512,5,0,6,0,5,0,1363968,1024,1208771,2,34112,1048576,4096,1048576,4096,0,0,39780,180,1245184,112296,0,0,1168480,7168,499712,2488,0,0,0,0,0,0,0,0,0,0,32768,720,0,0,0,0
10593,VirtualVolumesViewPortable_1.4.paf.exe,0,0,144,3,0,4,0,65535,0,184,0,0,0,64,0,0,0,216,332,5,0,0,224,271,267,6,0,26112,428544,16384,13784,4096,32768,4194304,4096,512,4,0,6,0,4,0,2007040,1024,4478977,2,34112,1048576,4096,1048576,4096,0,0,34052,160,1888256,116536,0,0,4410744,8608,0,0,0,0,0,0,0,0,0,0,0,0,32768,688,0,0,0,0
10594,WFS.exe,0,0,144,3,0,4,0,65535,0,184,0,0,0,64,0,0,0,240,34404,7,0,0,240,34,523,14,13,439808,492032,0,417200,4096,0,5368709120,4096,512,10,0,10,0,10,0,954368,1024,961643,2,49504,524288,8192,1048576,4096,0,0,612136,440,667648,271616,643072,16692,0,0,942080,8264,544928,84,0,0,485808,40,446496,264,0,0,485848,7976,609856,192,0,0
10595,WMIADAP.exe,0,0,144,3,0,4,0,65535,0,184,0,0,0,64,0,0,0,240,332,6,0,0,224,258,267,14,13,107520,20480,0,81840,4096,114688,4194304,4096,512,10,0,10,0,10,0,143360,1024,173295,2,49472,262144,65536,1048576,4096,101936,9211,119600,640,131072,2192,0,0,0,0,135168,6816,13776,84,0,0,4684,24,4520,164,0,0,118784,812,101428,160,0,0
10596,WMPDMC.exe,0,0,144,3,0,4,0,65535,0,184,0,0,0,64,0,0,0,248,34404,7,0,0,240,34,523,14,13,921600,621056,0,915312,4096,0,5368709120,4096,512,10,0,10,0,10,0,1560576,1024,1585209,2,49504,524288,8192,1048576,4096,0,0,1129008,420,1204224,328056,1163264,35436,0,0,1536000,21452,1091536,84,0,0,1021720,40,1021456,264,0,0,1021760,4792,1128208,160,0,0
10597,WNetWatcher.exe,0,0,144,3,0,4,0,65535,0,184,0,0,0,64,0,0,0,248,332,3,0,0,224,259,267,8,0,389120,16384,737280,1128032,741376,1130496,4194304,4096,512,4,0,0,0,4,0,1146880,4096,425111,2,0,1048576,4096,1048576,4096,0,0,1144644,632,1130496,14148,0,0,403456,8568,0,0,0,0,0,0,0,0,0,0,0,0,0,0,0,0,0,0
10598,WPDShextAutoplay.exe,0,0,144,3,0,4,0,65535,0,184,0,0,0,64,0,0,0,224,332,5,0,0,224,258,267,14,13,16384,8704,0,16928,4096,20480,4194304,4096,512,10,0,10,0,10,0,36864,1024,80309,2,49472,262144,8192,1048576,4096,0,0,25012,200,28672,2208,0,0,0,0,32768,1232,5632,84,0,0,0,0,4200,164,0,0,24576,432,0,0,0,0
10599,WSCollect.exe,0,0,144,3,0,4,0,65535,0,184,0,0,0,64,0,0,0,232,34404,6,0,0,240,34,523,14,13,11776,82944,0,13808,4096,0,5368709120,4096,512,10,0,10,0,10,0,110592,1024,114807,3,49504,524288,8192,1048576,4096,0,0,20392,320,32768,72304,28672,756,0,0,106496,280,19216,84,0,0,0,0,17376,264,0,0,17640,584,0,0,0,0
10600,WSManHTTPConfig.exe,0,0,144,3,0,4,0,65535,0,184,0,0,0,64,0,0,0,256,332,5,0,0,224,258,267,14,13,24576,8704,0,22928,4096,28672,4194304,4096,512,10,0,10,0,10,0,45056,1024,71601,3,49472,262144,8192,1048576,4096,26224,2072,33148,360,36864,1824,0,0,0,0,40960,1260,12352,84,0,0,0,0,4176,164,0,0,32768,376,0,0,0,0
10601,WSReset.exe,0,0,144,3,0,4,0,65535,0,184,0,0,0,64,0,0,0,232,34404,6,0,0,240,34,523,14,13,10240,84480,0,11776,4096,0,5368709120,4096,512,10,0,10,0,10,0,110592,1024,147298,3,49504,524288,8192,1048576,4096,0,0,22216,180,32768,72312,28672,600,0,0,106496,100,20848,84,0,0,0,0,16656,264,0,0,16920,648,0,0,0,0
10602,WUDFCompanionHost.exe,0,0,144,3,0,4,0,65535,0,184,0,0,0,64,0,0,0,240,34404,8,0,0,240,34,523,14,13,96768,52224,0,98896,4096,0,5368709120,4096,512,10,0,10,0,10,0,172032,1024,158425,2,49504,524288,8192,1048576,4096,135264,132,135396,600,163840,1280,151552,3972,146432,10304,167936,952,130624,84,0,0,0,0,102416,264,0,0,105976,1488,134812,128,0,0
10603,WUDFHost.exe,0,0,144,3,0,4,0,65535,0,184,0,0,0,64,0,0,0,240,34404,7,0,0,240,34,523,14,13,182784,76288,0,32592,4096,0,5368709120,4096,512,10,0,10,0,6,2,274432,1024,308588,2,49504,524288,8192,1048576,4096,241744,92,241836,600,266240,2864,253952,7464,0,0,270336,1356,210432,84,0,0,0,0,190384,264,0,0,193448,1360,240620,96,0,0
10604,WakeMeOnLan.exe,0,0,144,3,0,4,0,65535,0,184,0,0,0,64,0,0,0,232,34404,5,0,0,240,35,523,8,0,84480,1043968,0,86624,4096,0,5368709120,4096,512,4,0,0,0,5,2,1142784,1024,1160519,2,32768,1048576,4096,1048576,4096,0,0,102896,220,122880,1019752,118784,3648,1129472,8568,0,0,92160,28,0,0,0,0,0,0,0,0,90112,1920,0,0,0,0
10605,WallpaperHost.exe,0,0,144,3,0,4,0,65535,0,184,0,0,0,64,0,0,0,240,34404,6,0,0,240,34,523,14,13,11776,11264,0,13200,4096,0,5368709120,4096,512,10,0,10,0,10,0,40960,1024,59210,2,49504,524288,8192,1048576,4096,0,0,19416,200,32768,2288,28672,720,0,0,36864,52,18000,84,0,0,0,0,16400,264,0,0,16664,552,0,0,0,0
10606,WebBrowserBookmarksView.exe,0,0,144,3,0,4,0,65535,0,184,0,0,0,64,0,0,0,232,332,4,0,0,224,259,267,8,0,274944,70144,0,276540,4096,282624,4194304,4096,512,4,0,0,0,4,0,360448,1024,395045,2,0,1048576,4096,1048576,4096,0,0,316148,200,335872,24568,0,0,346112,8568,0,0,283920,28,0,0,0,0,0,0,0,0,282624,1236,0,0,0,0
10607,WebCache.exe,0,0,144,3,0,4,0,65535,0,184,0,0,0,64,0,0,0,240,34404,6,0,0,240,34,523,14,13,3072,7168,0,5344,4096,0,5368709120,4096,512,10,0,10,0,6,1,28672,1024,54391,2,49504,524288,8192,1048576,4096,0,0,9868,220,20480,960,16384,228,0,0,24576,32,9024,84,0,0,0,0,8208,264,0,0,8472,368,0,0,0,0
10608,WebCacheImageInfo.exe,0,0,144,3,0,4,0,65535,0,184,0,0,0,64,0,0,0,248,332,3,0,0,224,259,267,8,0,65536,12288,102400,169984,106496,172032,4194304,4096,512,4,0,0,0,4,0,184320,4096,87414,2,0,1048576,4096,1048576,4096,0,0,180600,588,172032,8568,0,0,74240,8568,0,0,0,0,0,0,0,0,0,0,0,0,0,0,0,0,0,0
10609,WebCamImageSave.exe,0,0,144,3,0,4,0,65535,0,184,0,0,0,64,0,0,0,248,332,4,0,0,224,259,267,8,0,43520,28672,0,46188,4096,49152,4194304,4096,512,4,0,0,0,4,0,86016,1024,131727,2,0,1048576,4096,1048576,4096,0,0,56068,180,69632,15972,0,0,0,0,0,0,50048,28,0,0,0,0,0,0,0,0,49152,856,0,0,0,0
10610,WebCookiesSniffer.exe,0,0,144,3,0,4,0,65535,0,184,0,0,0,64,0,0,0,216,34404,5,0,0,240,35,523,8,0,105472,64512,0,107664,4096,0,5368709120,4096,512,4,0,0,0,5,2,253952,1024,195569,2,32768,1048576,4096,1048576,4096,0,0,129224,260,225280,25304,221184,4056,171008,11984,0,0,112768,28,0,0,0,0,0,0,0,0,110592,2032,0,0,0,0
10611,WebSiteSniffer.exe,0,0,144,3,0,4,0,65535,0,184,0,0,0,64,0,0,0,232,34404,5,0,0,240,35,523,8,0,122880,68096,0,125232,4096,0,5368709120,4096,512,4,0,0,0,5,2,274432,1024,266100,2,32768,1048576,4096,1048576,4096,0,0,146560,260,245760,26816,237568,4236,192000,11984,0,0,129168,28,0,0,0,0,0,0,0,0,126976,2072,0,0,0,0
10612,WebVideoCap.exe,0,0,144,3,0,4,0,65535,0,184,0,0,0,64,0,0,0,232,332,3,0,0,224,259,267,8,0,20480,4096,45056,68000,49152,69632,4194304,4096,512,4,0,0,0,4,0,73728,4096,0,2,0,1048576,4096,1048576,4096,0,0,72708,444,69632,3076,0,0,0,0,0,0,0,0,0,0,0,0,0,0,0,0,0,0,0,0,0,0
10613,WerFault.exe,0,0,144,3,0,4,0,65535,0,184,0,0,0,64,0,0,0,240,332,7,0,0,224,258,267,14,13,303616,133120,512,290304,4096,311296,4194304,4096,512,10,0,10,0,10,0,454656,1024,507871,2,49600,262144,8192,1048576,4096,0,0,321416,1360,339968,92272,0,0,436224,8504,434176,19260,51680,84,0,0,0,0,5392,164,0,0,319488,1924,306036,352,0,0
10614,WerFaultSecure.exe,0,0,144,3,0,4,0,65535,0,184,0,0,0,64,0,0,0,248,332,6,0,0,224,258,267,14,13,47104,91136,0,47104,4096,53248,4194304,4096,512,10,0,10,0,10,0,155648,1024,205861,2,49472,262144,8192,1048576,4096,0,0,58056,660,69632,79336,0,0,137728,10008,151552,2832,10016,84,0,0,0,0,4280,164,0,0,57344,708,50808,64,0,0
10615,WhatChangedPortable_1.07_Rev_2_English.paf.exe,0,0,144,3,0,4,0,65535,0,184,0,0,0,64,0,0,0,216,332,5,0,0,224,271,267,6,0,26112,428544,16384,13477,4096,32768,4194304,4096,512,4,0,6,0,4,0,2093056,1024,0,2,34112,1048576,4096,1048576,4096,0,0,34052,160,1986560,105112,0,0,0,0,0,0,0,0,0,0,0,0,0,0,0,0,32768,688,0,0,0,0
10616,WhatInStartup.exe,0,0,144,3,0,4,0,65535,0,184,0,0,0,64,0,0,0,216,34404,5,0,0,240,35,523,8,0,79872,44032,0,82576,4096,0,5368709120,4096,512,4,0,0,0,5,2,139264,1024,189924,2,32768,1048576,4096,1048576,4096,0,0,98984,220,118784,19244,114688,3264,124928,6240,0,0,88064,28,0,0,0,0,0,0,0,0,86016,1984,0,0,0,0
10617,WhatIsHang.exe,0,0,144,3,0,4,0,65535,0,184,0,0,0,64,0,0,0,232,34404,5,0,0,240,35,523,8,0,82944,39936,0,85728,4096,0,5368709120,4096,512,4,0,0,0,5,2,143360,1024,131385,2,32768,1048576,4096,1048576,4096,0,0,101896,180,122880,17592,118784,2964,123904,6240,0,0,92000,28,0,0,0,0,0,0,0,0,90112,1808,0,0,0,0
10618,WhoDatPortable_0.9.1_English.paf.exe,0,0,144,3,0,4,0,65535,0,184,0,0,0,64,0,0,0,208,332,6,0,0,224,258,267,10,0,28672,445952,16896,14819,4096,32768,4194304,4096,512,5,0,6,0,5,0,1368064,1024,6019772,2,34112,1048576,4096,1048576,4096,0,0,39780,180,1261568,102016,0,0,5997968,7168,499712,2488,0,0,0,0,0,0,0,0,0,0,32768,720,0,0,0,0
10619,WhoIsConnectedSniffer.exe,0,0,144,3,0,4,0,65535,0,184,0,0,0,64,0,0,0,224,34404,5,0,0,240,35,523,8,0,94720,1048576,0,96736,4096,0,5368709120,4096,512,4,0,0,0,5,2,1216512,1024,1195416,2,32768,1048576,4096,1048576,4096,0,0,117760,220,200704,1014852,196608,3840,1144320,8568,0,0,104576,28,0,0,0,0,0,0,0,0,102400,2016,0,0,0,0
10620,WhoisCL.exe,0,0,144,3,0,4,0,65535,0,184,0,0,0,64,0,0,0,240,332,4,0,0,224,259,267,8,0,53248,27648,0,26228,4096,57344,4194304,4096,512,4,0,0,0,4,0,102400,1024,125969,3,0,1048576,4096,1048576,4096,0,0,68100,80,90112,9716,0,0,81920,11984,0,0,57872,28,0,0,0,0,66608,64,0,0,57344,420,0,0,0,0
10621,WifiHistoryView.exe,0,0,144,3,0,4,0,65535,0,184,0,0,0,64,0,0,0,232,332,4,0,0,224,259,267,8,0,61952,48640,0,64704,4096,69632,4194304,4096,512,4,0,0,0,4,0,126976,1024,159927,2,0,1048576,4096,1048576,4096,0,0,78364,220,94208,32640,0,0,111616,8568,0,0,70672,28,0,0,0,0,0,0,0,0,69632,988,0,0,0,0
10622,Win32WebViewHost.exe,0,0,144,3,0,4,0,65535,0,184,0,0,0,64,0,0,0,240,34404,6,0,0,240,34,523,14,13,69120,30208,0,70576,4096,0,5368709120,4096,512,10,0,10,0,10,0,114688,1024,120335,2,49504,524288,8192,1048576,4096,0,0,89032,640,106496,1072,102400,3492,0,0,110592,1532,86240,84,0,0,79848,40,79584,264,0,0,79888,1272,0,0,0,0
10623,WinBioDataModelOOBE.exe,0,0,144,3,0,4,0,65535,0,184,0,0,0,64,0,0,0,248,34404,6,0,0,240,34,523,14,13,39424,22016,0,40784,4096,0,5368709120,4096,512,10,0,10,0,10,0,77824,1024,90359,2,49504,524288,8192,1048576,4096,0,0,54480,440,69632,2328,65536,2232,0,0,73728,912,52192,84,0,0,48664,40,48400,264,0,0,48704,976,0,0,0,0
10624,WinBoardPortable_4.8.0.paf.exe,0,0,144,3,0,4,0,65535,0,184,0,0,0,64,0,0,0,216,332,5,0,0,224,271,267,6,0,25088,141824,2048,13238,4096,32768,4194304,4096,512,4,0,6,0,4,0,471040,1024,2672357,2,34112,1048576,4096,1048576,4096,0,0,33980,160,352256,114936,0,0,2620448,13056,0,0,0,0,0,0,0,0,0,0,0,0,32768,696,0,0,0,0
10625,WinBox.exe,0,0,144,3,0,4,0,65535,0,184,0,0,0,64,0,0,0,240,332,5,0,0,224,303,267,6,0,104448,35328,0,84180,4096,110592,4194304,4096,512,4,0,0,0,4,0,163840,1024,3263640,2,0,1048576,4096,1048576,4096,0,0,125356,100,159744,4050,0,0,3195568,8136,0,0,0,0,0,0,0,0,0,0,0,0,110592,512,0,0,0,0
10626,WinCrashReport.exe,0,0,144,3,0,4,0,65535,0,184,0,0,0,64,0,0,0,240,34404,5,0,0,240,35,523,8,0,205312,75776,0,141328,4096,0,5368709120,4096,512,4,0,0,0,5,2,311296,1024,354702,2,32768,1048576,4096,1048576,4096,0,0,244704,220,290816,18528,278528,9216,282112,11984,0,0,215600,28,0,0,0,0,0,0,0,0,212992,2408,0,0,0,0
10627,WinDefLogView.exe,0,0,144,3,0,4,0,65535,0,184,0,0,0,64,0,0,0,240,332,4,0,0,224,259,267,8,0,60416,37888,0,63084,4096,65536,4194304,4096,512,4,0,0,0,4,0,114688,1024,148841,2,0,1048576,4096,1048576,4096,0,0,74692,180,90112,21616,0,0,99328,8568,0,0,66512,28,0,0,0,0,0,0,0,0,65536,924,0,0,0,0
10628,WinDefThreatsView.exe,0,0,144,3,0,4,0,65535,0,184,0,0,0,64,0,0,0,224,34404,5,0,0,240,35,523,8,0,84992,53248,0,87376,4096,0,5368709120,4096,512,4,0,0,0,5,2,155648,1024,197041,2,32768,1048576,4096,1048576,4096,0,0,105232,240,126976,25972,122880,3444,0,0,0,0,92144,28,0,0,0,0,0,0,0,0,90112,1936,0,0,0,0
10629,WinDirStatPortable_1.1.2.80_Rev_3.paf.exe,0,0,144,3,0,4,0,65535,0,184,0,0,0,64,0,0,0,208,332,6,0,0,224,258,267,10,0,28672,445952,16896,14819,4096,32768,4194304,4096,512,5,0,6,0,5,0,1363968,1024,1012414,2,34112,1048576,4096,1048576,4096,0,0,39780,180,1245184,112192,0,0,963840,6728,499712,2488,0,0,0,0,0,0,0,0,0,0,32768,720,0,0,0,0
10630,WinFontsView.exe,0,0,144,3,0,4,0,65535,0,184,0,0,0,64,0,0,0,248,332,3,0,0,224,259,267,8,0,28672,8192,53248,84096,57344,86016,4194304,4096,512,4,0,0,0,4,0,94208,4096,0,2,0,1048576,4096,1048576,4096,0,0,92148,520,86016,6132,0,0,0,0,0,0,0,0,0,0,0,0,0,0,0,0,0,0,0,0,0,0
10631,WinLogOnView.exe,0,0,144,3,0,4,0,65535,0,184,0,0,0,64,0,0,0,240,332,4,0,0,224,259,267,8,0,55808,36352,0,58334,4096,61440,4194304,4096,512,4,0,0,0,4,0,110592,1024,117921,2,0,1048576,4096,1048576,4096,0,0,69564,220,86016,21844,0,0,93184,8568,0,0,62416,28,0,0,0,0,0,0,0,0,61440,916,0,0,0,0
10632,WinMTRPortable_0.92_Rev_2_English.paf.exe,0,0,144,3,0,4,0,65535,0,184,0,0,0,64,0,0,0,208,332,6,0,0,224,258,267,10,0,28672,445952,16896,14819,4096,32768,4194304,4096,512,5,0,6,0,5,0,1351680,1024,1885393,2,34112,1048576,4096,1048576,4096,0,0,39780,180,1245184,102024,0,0,1841984,7168,499712,2488,0,0,0,0,0,0,0,0,0,0,32768,720,0,0,0,0
10633,WinMailPassRec.exe,0,0,144,3,0,4,0,65535,0,184,0,0,0,64,0,0,0,224,34404,5,0,0,240,35,523,8,0,88576,50176,0,90928,4096,0,5368709120,4096,512,4,0,0,0,5,2,155648,1024,199568,2,32768,1048576,4096,1048576,4096,0,0,107648,220,131072,22264,126976,4008,0,0,0,0,96224,28,0,0,0,0,0,0,0,0,94208,1904,0,0,0,0
10634,WinMgmt.exe,0,0,144,3,0,4,0,65535,0,184,0,0,0,64,0,0,0,240,332,6,0,0,224,258,267,14,13,8704,82944,0,10608,4096,16384,4194304,4096,512,10,0,10,0,10,0,110592,1024,119208,3,49472,1048576,16384,1048576,4096,0,0,33100,400,40960,64496,0,0,0,0,106496,732,4896,84,0,0,0,0,4104,164,0,0,32768,328,12476,128,0,0
10635,WinObjPortable_3.13_English_online.paf.exe,0,0,144,3,0,4,0,65535,0,184,0,0,0,64,0,0,0,216,332,5,0,0,224,271,267,6,0,26112,428544,16384,13784,4096,32768,4194304,4096,512,4,0,6,0,4,0,2224128,1024,1019845,2,34112,1048576,4096,1048576,4096,0,0,34052,160,2117632,105648,0,0,966776,8608,0,0,0,0,0,0,0,0,0,0,0,0,32768,688,0,0,0,0
10636,WinPenguinsPortable_0.76_English.paf.exe,0,0,144,3,0,4,0,65535,0,184,0,0,0,64,0,0,0,208,332,6,0,0,224,258,267,10,0,28672,445952,16896,14819,4096,32768,4194304,4096,512,5,0,6,0,5,0,1990656,1024,1457809,2,34112,1048576,4096,1048576,4096,0,0,39780,180,1884160,102072,0,0,1438424,7640,499712,2488,0,0,0,0,0,0,0,0,0,0,32768,720,0,0,0,0
10637,WinPrefetchView.exe,0,0,144,3,0,4,0,65535,0,184,0,0,0,64,0,0,0,216,34404,5,0,0,240,35,523,8,0,65536,39936,0,68016,4096,0,5368709120,4096,512,4,0,0,0,5,2,180224,1024,141280,2,32768,1048576,4096,1048576,4096,0,0,80640,200,159744,18860,155648,2808,106496,8568,0,0,71552,28,0,0,0,0,0,0,0,0,69632,1848,0,0,0,0
10638,WinUpdatesView.exe,0,0,144,3,0,4,0,65535,0,184,0,0,0,64,0,0,0,232,34404,5,0,0,240,35,523,8,0,88064,57344,0,90528,4096,0,5368709120,4096,512,4,0,0,0,5,2,163840,1024,203716,2,32768,1048576,4096,1048576,4096,0,0,108096,240,131072,31232,126976,3564,146432,8568,0,0,96288,28,0,0,0,0,0,0,0,0,94208,1976,0,0,0,0
10639,WinWGetPortable_0.20.2020-1.21.2_English.paf.exe,0,0,144,3,0,4,0,65535,0,184,0,0,0,64,0,0,0,216,332,5,0,0,224,271,267,6,0,26112,428544,16384,13784,4096,32768,4194304,4096,512,4,0,6,0,4,0,1994752,1024,2541100,2,34112,1048576,4096,1048576,4096,0,0,34052,160,1888256,104880,0,0,2525456,8608,0,0,0,0,0,0,0,0,0,0,0,0,32768,688,0,0,0,0
10640,Windows.Media.BackgroundPlayback.exe,0,0,144,3,0,4,0,65535,0,184,0,0,0,64,0,0,0,248,332,5,0,0,224,258,267,14,13,6144,6144,0,8496,4096,12288,4194304,4096,512,10,0,10,0,10,0,28672,1024,66203,2,49472,262144,8192,1048576,4096,0,0,16592,240,20480,1376,0,0,0,0,24576,608,4864,84,0,0,0,0,4104,164,0,0,16384,204,0,0,0,0
10641,Windows.WARP.JITService.exe,0,0,144,3,0,4,0,65535,0,184,0,0,0,64,0,0,0,240,332,5,0,0,224,258,267,14,13,17920,8192,0,18128,4096,24576,4194304,4096,512,10,0,10,0,10,0,40960,1024,61678,2,49472,262144,8192,1048576,4096,0,0,29104,500,0,0,0,0,0,0,36864,1220,6880,84,0,0,0,0,4136,164,0,0,28672,428,21528,128,0,0
10642,WindowsActionDialog.exe,0,0,144,3,0,4,0,65535,0,184,0,0,0,64,0,0,0,248,34404,7,0,0,240,34,523,14,13,35328,26624,512,35072,4096,0,5368709120,4096,512,10,0,10,0,10,0,81920,1024,117415,2,49632,524288,8192,1048576,4096,0,0,58576,360,73728,1752,69632,2208,0,0,77824,264,53376,84,0,0,0,0,45824,264,0,0,46088,1096,0,0,0,0
10643,WindowsErrorLookupToolPortable_3.0.7_English.paf.exe,0,0,144,3,0,4,0,65535,0,184,0,0,0,64,0,0,0,208,332,6,0,0,224,258,267,10,0,28672,445952,16896,14819,4096,32768,4194304,4096,512,5,0,6,0,5,0,1351680,1024,0,2,34112,1048576,4096,1048576,4096,0,0,39780,180,1245184,102192,0,0,0,0,499712,2488,0,0,0,0,0,0,0,0,0,0,32768,720,0,0,0,0
10644,WindowsInternal.ComposableShell.Experiences.TextInput.InputApp.exe,0,0,144,3,0,4,0,65535,0,184,0,0,0,64,0,0,0,248,34404,6,0,0,240,34,523,14,13,575488,383488,0,557168,4096,0,5368709120,4096,512,6,2,0,0,6,2,974848,1024,971141,2,53600,1048576,4096,1048576,4096,873040,168,873208,600,958464,1336,929792,28008,0,0,962560,8840,720688,84,0,0,0,0,720784,264,0,0,581632,1936,0,0,0,0
10645,WindowsUpdateElevatedInstaller.exe,0,0,144,3,0,4,0,65535,0,184,0,0,0,64,0,0,0,240,34404,6,0,0,240,34,523,14,13,27136,20992,0,5600,4096,0,5368709120,4096,512,10,0,10,0,10,0,65536,1024,54396,2,49504,524288,8192,1048576,4096,0,0,42320,420,57344,2168,53248,1920,0,0,61440,92,38096,84,0,0,0,0,32896,264,0,0,33160,792,0,0,0,0
10646,WinsockServicesView.exe,0,0,144,3,0,4,0,65535,0,184,0,0,0,64,0,0,0,240,332,4,0,0,224,259,267,8,0,39936,34304,0,42914,4096,45056,4194304,4096,512,4,0,0,0,4,0,90112,1024,125848,2,0,1048576,4096,1048576,4096,0,0,51324,200,65536,21888,0,0,75264,6240,0,0,45968,28,0,0,0,0,0,0,0,0,45056,872,0,0,0,0
10647,WirelessConnectionInfo.exe,0,0,144,3,0,4,0,65535,0,184,0,0,0,64,0,0,0,232,332,4,0,0,224,259,267,8,0,44032,34304,0,46832,4096,49152,4194304,4096,512,4,0,0,0,4,0,94208,1024,119632,2,0,1048576,4096,1048576,4096,0,0,55676,200,69632,22316,0,0,79360,8568,0,0,50064,28,0,0,0,0,0,0,0,0,49152,868,0,0,0,0
10648,WirelessNetView.exe,0,0,144,3,0,4,0,65535,0,184,0,0,0,64,0,0,0,232,332,3,0,0,224,259,267,8,0,36864,12288,65536,105968,69632,106496,4194304,4096,512,4,0,0,0,4,0,118784,4096,85977,2,0,1048576,4096,1048576,4096,0,0,114488,516,106496,7992,0,0,46592,11984,0,0,0,0,0,0,0,0,0,0,0,0,0,0,0,0,0,0
10649,WiseDataRecoveryPortable_5.2.1.paf.exe,0,0,144,3,0,4,0,65535,0,184,0,0,0,64,0,0,0,216,332,5,0,0,224,271,267,6,0,26112,428544,16384,13784,4096,32768,4194304,4096,512,4,0,6,0,4,0,2105344,1024,0,2,34112,1048576,4096,1048576,4096,0,0,34052,160,1986560,118536,0,0,0,0,0,0,0,0,0,0,0,0,0,0,0,0,32768,688,0,0,0,0
10650,WiseDiskCleanerPortable_10.8.4.paf.exe,0,0,144,3,0,4,0,65535,0,184,0,0,0,64,0,0,0,216,332,5,0,0,224,271,267,6,0,26624,428544,16384,13888,4096,32768,4194304,4096,512,4,0,6,0,4,0,2109440,1024,0,2,34112,1048576,4096,1048576,4096,0,0,34052,160,1986560,121992,0,0,0,0,0,0,0,0,0,0,0,0,0,0,0,0,32768,688,0,0,0,0
10651,WiseProgramUninstallerPortable_2.6.1.paf.exe,0,0,144,3,0,4,0,65535,0,184,0,0,0,64,0,0,0,216,332,5,0,0,224,271,267,6,0,26112,428544,16384,13784,4096,32768,4194304,4096,512,4,0,6,0,4,0,2105344,1024,0,2,34112,1048576,4096,1048576,4096,0,0,34052,160,1986560,118608,0,0,0,0,0,0,0,0,0,0,0,0,0,0,0,0,32768,688,0,0,0,0
10652,WiseRegistryCleanerPortable_10.7.2.paf.exe,0,0,144,3,0,4,0,65535,0,184,0,0,0,64,0,0,0,216,332,5,0,0,224,271,267,6,0,26624,428544,16384,13888,4096,32768,4194304,4096,512,4,0,6,0,4,0,2109440,1024,0,2,34112,1048576,4096,1048576,4096,0,0,34052,160,1986560,122032,0,0,0,0,0,0,0,0,0,0,0,0,0,0,0,0,32768,688,0,0,0,0
10653,WizFilePortable_3.07.paf.exe,0,0,144,3,0,4,0,65535,0,184,0,0,0,64,0,0,0,216,332,5,0,0,224,271,267,6,0,26624,428544,16384,13888,4096,32768,4194304,4096,512,4,0,6,0,4,0,2105344,1024,0,2,34112,1048576,4096,1048576,4096,0,0,34052,160,1986560,118440,0,0,0,0,0,0,0,0,0,0,0,0,0,0,0,0,32768,688,0,0,0,0
10654,WizTreePortable_4.08.paf.exe,0,0,144,3,0,4,0,65535,0,184,0,0,0,64,0,0,0,216,332,5,0,0,224,271,267,6,0,26624,428544,16384,13888,4096,32768,4194304,4096,512,4,0,6,0,4,0,2105344,1024,0,2,34112,1048576,4096,1048576,4096,0,0,34052,160,1986560,118440,0,0,0,0,0,0,0,0,0,0,0,0,0,0,0,0,32768,688,0,0,0,0
10655,WmiApSrv.exe,0,0,144,3,0,4,0,65535,0,184,0,0,0,64,0,0,0,240,34404,7,0,0,240,34,523,14,13,117760,83968,0,105776,4096,0,5368709120,4096,512,10,0,10,0,10,0,217088,1024,250238,2,49504,524288,8192,1048576,4096,172944,9612,182556,580,208896,2080,196608,7848,0,0,212992,656,138400,84,0,0,124504,40,124240,264,0,0,124544,1432,171652,256,0,0
10656,WorkFolders.exe,0,0,144,3,0,4,0,65535,0,184,0,0,0,64,0,0,0,232,34404,6,0,0,240,34,523,14,13,23040,83456,0,22256,4096,0,5368709120,4096,512,10,0,10,0,10,0,118784,1024,166656,2,49504,524288,8192,1048576,4096,0,0,42432,200,53248,61320,49152,1560,0,0,114688,464,37840,84,0,0,0,0,31392,264,0,0,31656,632,0,0,0,0
10657,WpcMon.exe,0,0,144,3,0,4,0,65535,0,184,0,0,0,64,0,0,0,240,34404,8,0,0,240,34,523,14,13,563712,521728,512,513744,4096,0,5368709120,4096,512,10,0,10,0,10,0,1110016,1024,1147434,2,49632,524288,8192,1048576,4096,0,0,862184,620,1032192,61880,995328,30792,1079808,18464,1097728,8316,656752,84,0,0,596856,40,596592,264,0,0,596896,2832,852552,448,0,0
10658,WpcTok.exe,0,0,144,3,0,4,0,65535,0,184,0,0,0,64,0,0,0,256,34404,7,0,0,240,34,523,14,13,152064,123392,0,140016,4096,0,5368709120,4096,512,10,0,10,0,10,0,299008,1024,332360,3,49504,524288,8192,1048576,4096,0,0,233144,760,290816,1024,274432,8424,0,0,294912,2040,183648,84,0,0,0,0,165520,264,0,0,165784,1800,233024,64,0,0
10659,WpcUapApp.exe,0,0,144,3,0,4,0,65535,0,184,0,0,0,64,0,0,0,232,34404,5,0,0,240,34,523,14,13,201728,150016,0,184544,4096,0,5368709120,4096,512,6,0,0,0,6,0,364544,1024,361829,2,49504,1048576,4096,1048576,4096,313168,144,313312,420,0,0,344064,14376,350720,8504,360448,3976,252096,84,0,0,0,0,252192,264,0,0,208896,1392,0,0,0,0
10660,XBox.TCUI.exe,0,0,144,3,0,4,0,65535,0,184,0,0,0,64,0,0,0,128,332,3,0,0,224,34,267,48,0,113664,2560,0,121754,8192,122880,4194304,8192,512,4,0,0,0,6,2,139264,512,125860,2,38240,1048576,4096,1048576,4096,0,0,121671,79,122880,1684,0,0,0,0,131072,12,121500,56,0,0,0,0,0,0,0,0,8192,8,0,0,8200,72
10661,XGpuEjectDialog.exe,0,0,144,3,0,4,0,65535,0,184,0,0,0,64,0,0,0,224,34404,5,0,0,240,34,523,14,13,155136,132096,0,141840,4096,0,5368709120,4096,512,6,0,0,0,6,0,299008,1024,352580,2,49504,1048576,4096,1048576,4096,0,0,249488,320,0,0,278528,11544,286208,8504,290816,4120,196944,84,0,0,0,0,197040,264,0,0,159744,1168,0,0,0,0
10662,XNResourceEditorPortable_3.0.0.1_English.paf.exe,0,0,144,3,0,4,0,65535,0,184,0,0,0,64,0,0,0,224,332,5,0,0,224,259,267,9,0,25600,431104,16896,13643,4096,32768,4194304,4096,512,5,0,6,0,5,0,1290240,1024,1150980,2,33792,1048576,4096,1048576,4096,0,0,35352,180,1187840,98360,0,0,1124560,4264,0,0,0,0,0,0,0,0,0,0,0,0,32768,704,0,0,0,0
10663,X_Proxy.exe,0,0,144,3,0,4,0,65535,0,184,0,0,0,64,0,0,0,240,332,5,0,0,224,303,267,6,0,104448,35328,0,84180,4096,110592,4194304,4096,512,4,0,0,0,4,0,163840,1024,3263641,2,0,1048576,4096,1048576,4096,0,0,125356,100,159744,4050,0,0,3195568,8136,0,0,0,0,0,0,0,0,0,0,0,0,110592,512,0,0,0,0
10664,XblGameSaveTask.exe,0,0,144,3,0,4,0,65535,0,184,0,0,0,64,0,0,0,248,34404,6,0,0,240,34,523,14,13,17920,15872,0,18976,4096,0,5368709120,4096,512,10,0,10,0,10,0,53248,1024,71093,3,49504,524288,8192,1048576,4096,0,0,30360,420,45056,1072,40960,1188,0,0,49152,112,28016,84,0,0,0,0,25184,264,0,0,25448,872,0,0,0,0
10665,XenonPortable_1.5.0.2.paf.exe,0,0,144,3,0,4,0,65535,0,184,0,0,0,64,0,0,0,208,332,6,0,0,224,258,267,10,0,28672,445952,16896,14819,4096,32768,4194304,4096,512,5,0,6,0,5,0,1363968,1024,0,2,34112,1048576,4096,1048576,4096,0,0,39780,180,1245184,112192,0,0,0,0,499712,2488,0,0,0,0,0,0,0,0,0,0,32768,720,0,0,0,0
10666,XnViewPortable_2.50.4.paf.exe,0,0,144,3,0,4,0,65535,0,184,0,0,0,64,0,0,0,216,332,5,0,0,224,271,267,6,0,26624,428544,16384,13888,4096,32768,4194304,4096,512,4,0,6,0,4,0,2007040,1024,0,2,34112,1048576,4096,1048576,4096,0,0,34052,160,1888256,116416,0,0,0,0,0,0,0,0,0,0,0,0,0,0,0,0,32768,688,0,0,0,0
10667,XyePortable_0.12.1_English.paf.exe,0,0,144,3,0,4,0,65535,0,184,0,0,0,64,0,0,0,200,332,5,0,0,224,271,267,6,0,25088,141824,2048,13386,4096,32768,4194304,4096,512,4,0,6,0,4,0,458752,1024,3531778,2,34112,1048576,4096,1048576,4096,0,0,34052,160,352256,104784,0,0,3489560,13056,0,0,0,0,0,0,0,0,0,0,0,0,32768,692,0,0,0,0
10668,YUMI-UEFIPortable_0.0.4.4_English.paf.exe,0,0,144,3,0,4,0,65535,0,184,0,0,0,64,0,0,0,216,332,5,0,0,224,271,267,6,0,26624,428544,16384,13888,4096,32768,4194304,4096,512,4,0,6,0,4,0,1994752,1024,6446375,2,34112,1048576,4096,1048576,4096,0,0,34052,160,1888256,104848,0,0,6435992,8608,0,0,0,0,0,0,0,0,0,0,0,0,32768,688,0,0,0,0
10669,YUMIPortable_2.0.9.4_English.paf.exe,0,0,144,3,0,4,0,65535,0,184,0,0,0,64,0,0,0,216,332,5,0,0,224,271,267,6,0,26624,428544,16384,13888,4096,32768,4194304,4096,512,4,0,6,0,4,0,1994752,1024,2078263,2,34112,1048576,4096,1048576,4096,0,0,34052,160,1888256,104792,0,0,2009864,8608,0,0,0,0,0,0,0,0,0,0,0,0,32768,688,0,0,0,0
10670,ZSoftUninstallerPortable_2.5_Rev_3.paf.exe,0,0,144,3,0,4,0,65535,0,184,0,0,0,64,0,0,0,208,332,6,0,0,224,258,267,10,0,28672,445952,16896,14819,4096,32768,4194304,4096,512,5,0,6,0,5,0,1372160,1024,0,2,34112,1048576,4096,1048576,4096,0,0,39780,180,1261568,105600,0,0,0,0,499712,2488,0,0,0,0,0,0,0,0,0,0,32768,720,0,0,0,0
10671,ZintPortable_2.10.0_English.paf.exe,0,0,144,3,0,4,0,65535,0,184,0,0,0,64,0,0,0,216,332,5,0,0,224,271,267,6,0,26112,428544,16384,13784,4096,32768,4194304,4096,512,4,0,6,0,4,0,1994752,1024,5704581,2,34112,1048576,4096,1048576,4096,0,0,34052,160,1888256,104896,0,0,5687256,8608,0,0,0,0,0,0,0,0,0,0,0,0,32768,688,0,0,0,0
10672,ZumaSetupen.exe,0,0,144,3,0,4,0,65535,0,184,0,0,0,64,0,0,0,248,332,4,0,0,224,259,267,8,0,270336,94208,0,186814,4096,274432,4194304,4096,4096,4,0,0,0,4,0,385024,4096,6376320,2,0,1048576,4096,1048576,4096,0,0,320924,200,352256,30348,0,0,6355936,5440,0,0,0,0,0,0,0,0,298440,64,0,0,274432,832,0,0,0,0
10673,_isdel.exe,0,0,144,3,0,4,0,65535,0,184,0,0,0,64,0,0,0,200,332,4,0,0,224,271,267,5,10,12288,16896,0,6080,4096,16384,4194304,4096,512,4,0,0,0,4,0,40960,1024,84262,2,0,4096,4096,4096,4096,19024,69,17496,60,36864,1000,0,0,0,0,0,0,0,0,0,0,0,0,0,0,0,0,16384,276,0,0,0,0
10674,acehtml5pro.exe,0,0,80,2,0,4,15,65535,0,184,0,0,0,64,26,0,0,512,332,3,0,0,224,271,267,5,0,40960,8192,77824,120208,81920,122880,4194304,4096,512,4,0,0,0,4,0,131072,4096,0,2,0,1048576,8192,1048576,4096,0,0,129200,420,122880,6320,0,0,0,0,0,0,0,0,0,0,0,0,0,0,0,0,0,0,0,0,0,0
10675,aitstatic.exe,0,0,144,3,0,4,0,65535,0,184,0,0,0,64,0,0,0,256,34404,7,0,0,240,34,523,14,13,130560,2734592,0,130432,4096,0,5368709120,4096,512,10,0,10,0,6,1,2879488,1024,2920226,3,49504,524288,8192,1048576,4096,1088288,164,1088452,180,2834432,2728,2826240,3360,2862592,8720,2838528,39112,1080864,84,0,0,0,0,135200,264,0,0,135728,1376,1088016,96,0,0
10676,alg.exe,0,0,144,3,0,4,0,65535,0,184,0,0,0,64,0,0,0,240,34404,7,0,0,240,34,523,14,13,57856,38400,0,55408,4096,0,5368709120,4096,512,10,0,10,0,10,0,114688,1024,103338,2,49504,524288,8192,1048576,4096,0,0,82936,500,102400,8144,94208,3348,0,0,110592,500,73264,84,0,0,0,0,67072,264,0,0,67336,1080,81900,192,0,0
10677,appidcertstorecheck.exe,0,0,144,3,0,4,0,65535,0,184,0,0,0,64,0,0,0,248,34404,7,0,0,240,34,523,14,13,7680,12288,0,9776,4096,0,5368709120,4096,512,10,0,10,0,10,0,40960,1024,36946,3,49504,524288,8192,1048576,4096,0,0,15728,420,32768,1880,24576,396,0,0,36864,68,14112,84,0,0,0,0,12304,264,0,0,12568,664,15340,64,0,0
10678,appidpolicyconverter.exe,0,0,144,3,0,4,0,65535,0,184,0,0,0,64,0,0,0,248,34404,7,0,0,240,34,523,14,13,95232,64000,0,87856,4096,0,5368709120,4096,512,10,0,10,0,10,0,180224,1024,195110,3,49504,524288,8192,1048576,4096,0,0,148176,620,172032,1856,159744,4980,0,0,176128,488,117904,84,0,0,0,0,103760,264,0,0,104024,1368,147800,128,0,0
10679,appidtel.exe,0,0,144,3,0,4,0,65535,0,184,0,0,0,64,0,0,0,248,332,5,0,0,224,258,267,14,13,14336,6656,0,14288,4096,20480,4194304,4096,512,10,0,10,0,10,0,36864,1024,63023,3,49472,262144,8192,1048576,4096,0,0,24820,100,28672,1072,0,0,0,0,32768,1168,8400,84,0,0,0,0,5456,164,0,0,24576,240,0,0,0,0
10680,aspnet_regiis.exe,0,0,144,3,0,4,0,65535,0,184,0,0,0,64,0,0,0,248,332,5,0,0,224,258,267,12,10,15360,8704,0,15776,4096,20480,4194304,4096,512,6,0,10,0,6,0,49152,1024,69044,3,49472,1048576,8192,1048576,4096,0,0,37272,120,40960,1904,0,0,25088,15952,45056,1268,5136,84,0,0,0,0,5224,64,0,0,36864,404,0,0,0,0
10681,aspnet_state.exe,0,0,144,3,0,4,0,65535,0,184,0,0,0,64,0,0,0,272,332,5,0,0,224,290,267,12,10,22528,7680,0,21104,4096,28672,4194304,4096,512,6,0,10,0,6,0,49152,1024,79827,3,49472,1048576,8192,1048576,4096,25840,356,37368,180,40960,1928,0,0,31232,15952,45056,1440,5888,84,0,0,0,0,5976,64,0,0,36864,500,0,0,0,0
10682,aspnet_wp.exe,0,0,144,3,0,4,0,65535,0,184,0,0,0,64,0,0,0,280,332,6,0,0,224,290,267,12,10,20992,8192,0,18112,4096,28672,4194304,4096,512,6,0,10,0,6,0,49152,1024,58700,3,49472,1048576,8192,1048576,4096,24000,819,33248,100,40960,1876,0,0,30208,15880,45056,1296,5584,84,0,0,0,0,5488,64,0,0,32768,476,23804,64,0,0
10683,at.exe,0,0,144,3,0,4,0,65535,0,184,0,0,0,64,0,0,0,248,332,5,0,0,224,258,267,14,13,14336,14848,0,16528,4096,20480,4194304,4096,512,10,0,10,0,10,0,40960,1024,53703,3,49472,262144,8192,1048576,4096,0,0,29088,440,32768,2080,0,0,0,0,36864,1256,4896,84,0,0,0,0,4104,164,0,0,28672,412,0,0,0,0
10684,attrib.exe,0,0,144,3,0,4,0,65535,0,184,0,0,0,64,0,0,0,248,332,5,0,0,224,258,267,14,13,10240,8704,0,12736,4096,16384,4194304,4096,512,10,0,10,0,10,0,36864,1024,43775,3,49472,262144,8192,1048576,4096,0,0,20912,220,28672,2024,0,0,0,0,32768,972,4688,84,0,0,0,0,4152,164,0,0,20480,428,0,0,0,0
10685,audit.exe,0,0,144,3,0,4,0,65535,0,184,0,0,0,64,0,0,0,240,34404,7,0,0,240,34,523,14,13,42496,39424,0,42928,4096,0,5368709120,4096,512,10,0,10,0,10,0,106496,1024,99551,2,49504,524288,8192,1048576,4096,0,0,72264,680,94208,4120,86016,1596,0,0,102400,128,68848,84,0,0,49592,40,49328,264,0,0,49632,1432,71640,224,0,0
10686,auditpol.exe,0,0,144,3,0,4,0,65535,0,184,0,0,0,64,0,0,0,240,332,5,0,0,224,258,267,14,13,17920,10752,0,18704,4096,24576,4194304,4096,512,10,0,10,0,10,0,45056,1024,53004,3,49472,1048576,24576,1048576,4096,0,0,29176,440,36864,2040,0,0,0,0,40960,1536,6192,84,0,0,0,0,4160,164,0,0,28672,500,0,0,0,0
10687,autochk.exe,0,0,144,3,0,4,0,65535,0,184,0,0,0,64,0,0,0,224,332,5,0,0,224,258,267,14,13,561152,310784,0,35344,4096,565248,4194304,4096,512,10,0,10,0,10,0,884736,1024,908712,1,16704,262144,8192,1048576,4096,0,0,582300,40,589824,277112,0,0,0,0,868352,14412,21184,84,0,0,0,0,6632,164,0,0,581632,660,0,0,0,0
10688,autoconv.exe,0,0,144,3,0,4,0,65535,0,184,0,0,0,64,0,0,0,224,332,5,0,0,224,258,267,14,13,543232,309760,0,26736,4096,548864,4194304,4096,512,10,0,10,0,10,0,868352,1024,916893,1,16704,262144,8192,1048576,4096,0,0,565820,40,573440,277168,0,0,0,0,851968,14064,20144,84,0,0,0,0,6360,164,0,0,565248,564,0,0,0,0
10689,autofmt.exe,0,0,144,3,0,4,0,65535,0,184,0,0,0,64,0,0,0,232,332,5,0,0,224,258,267,14,13,523264,308736,0,25552,4096,528384,4194304,4096,512,10,0,10,0,10,0,847872,1024,868427,1,16704,262144,8192,1048576,4096,0,0,545332,40,552960,277144,0,0,0,0,831488,13268,20016,84,0,0,0,0,6408,164,0,0,544768,556,0,0,0,0
10690,baaupdate.exe,0,0,144,3,0,4,0,65535,0,184,0,0,0,64,0,0,0,256,34404,6,0,0,240,34,523,14,13,11264,101888,0,12736,4096,0,5368709120,4096,512,10,0,10,0,10,0,131072,1024,124917,2,49504,524288,8192,1048576,4096,19248,2128,21376,180,32768,91008,28672,504,0,0,126976,44,17952,84,0,0,0,0,16448,264,0,0,16712,744,0,0,0,0
10691,backgroundTaskHost.exe,0,0,144,3,0,4,0,65535,0,184,0,0,0,64,0,0,0,232,332,5,0,0,224,258,267,14,13,3584,5120,0,5984,4096,8192,4194304,4096,512,10,0,10,0,10,0,24576,1024,69464,2,49472,262144,24576,1048576,4096,0,0,12448,200,16384,1832,0,0,9216,8504,20480,320,4448,84,0,0,0,0,4104,164,0,0,12288,156,0,0,0,0
10692,bcdboot.exe,0,0,144,3,0,4,0,65535,0,184,0,0,0,64,0,0,0,232,34404,6,0,0,240,34,523,14,13,138752,103936,0,140304,4096,0,5368709120,4096,512,10,0,10,0,6,0,253952,1024,259370,3,49504,524288,8192,1048576,4096,0,0,220028,160,237568,11488,233472,3816,0,0,249856,1940,213424,84,0,0,0,0,154704,264,0,0,154968,1824,0,0,0,0
10693,bcdedit.exe,0,0,144,3,0,4,0,65535,0,184,0,0,0,64,0,0,0,256,34404,7,0,0,240,34,523,14,13,190464,274944,0,180976,4096,0,5368709120,4096,512,10,0,10,0,6,0,483328,1024,497970,3,49504,524288,8192,1048576,4096,296352,676,297028,480,319488,156032,311296,5052,464896,8720,479232,3388,289216,84,0,0,0,0,223824,264,0,0,224088,1928,0,0,0,0
10694,bdechangepin.exe,0,0,144,3,0,4,0,65535,0,184,0,0,0,64,0,0,0,240,34404,6,0,0,240,34,523,14,13,30208,342528,0,30624,4096,0,5368709120,4096,512,10,0,10,0,10,0,389120,1024,414401,2,49504,524288,8192,1048576,4096,59168,2132,61300,240,81920,300712,77824,1416,0,0,385024,940,55680,84,0,0,0,0,44016,264,0,0,44280,2072,0,0,0,0
10695,bdeunlock.exe,0,0,144,3,0,4,0,65535,0,184,0,0,0,64,0,0,0,248,34404,7,0,0,240,34,523,14,13,152576,127488,512,153984,4096,0,5368709120,4096,512,10,0,10,0,10,0,303104,1024,311137,2,49632,524288,8192,1048576,4096,181072,2128,183200,340,200704,96448,196608,1320,279552,11432,299008,372,178832,84,0,0,0,0,164864,264,0,0,165128,1464,0,0,0,0
10696,bfsvc.exe,0,0,144,3,0,4,0,65535,0,184,0,0,0,64,0,0,0,240,34404,6,0,0,240,34,523,14,13,47104,32256,0,48992,4096,0,5368709120,4096,512,10,0,10,0,6,0,98304,1024,90020,3,49504,524288,8192,1048576,4096,0,0,74452,180,90112,2072,86016,1452,0,0,94208,48,71760,84,0,0,0,0,53264,264,0,0,53528,1152,0,0,0,0
10697,bitsadmin.exe,0,0,144,3,0,4,0,65535,0,184,0,0,0,64,0,0,0,232,332,6,0,0,224,258,267,14,13,162816,101376,0,152560,4096,167936,4194304,4096,512,10,0,10,0,10,0,278528,1024,222097,3,49472,262144,8192,1048576,4096,0,0,254628,400,266240,2056,0,0,0,0,270336,7684,83840,84,0,0,0,0,5176,164,0,0,253952,672,166112,128,0,0
10698,bootcfg.exe,0,0,144,3,0,4,0,65535,0,184,0,0,0,64,0,0,0,240,332,5,0,0,224,258,267,14,13,69632,12800,0,71808,4096,73728,4194304,4096,512,10,0,10,0,10,0,94208,1024,123990,3,49472,1048576,8192,1048576,4096,0,0,78444,680,86016,2112,0,0,0,0,90112,3196,6464,84,0,0,0,0,4104,164,0,0,77824,616,0,0,0,0
10699,bootim.exe,0,0,144,3,0,4,0,65535,0,184,0,0,0,64,0,0,0,232,34404,6,0,0,240,34,523,14,13,13312,13312,0,15008,4096,0,5368709120,4096,512,10,0,10,0,10,0,45056,1024,44970,2,49504,524288,8192,1048576,4096,0,0,24296,460,36864,2248,32768,732,0,0,40960,52,22848,84,0,0,0,0,20496,264,0,0,20760,768,0,0,0,0
10700,bootsect.exe,0,0,144,3,0,4,0,65535,0,184,0,0,0,64,0,0,0,240,34404,6,0,0,240,34,523,14,13,27648,76288,0,30048,4096,0,5368709120,4096,512,10,0,10,0,6,0,118784,1024,139043,3,49504,524288,8192,1048576,4096,0,0,57092,100,98304,15904,94208,1008,99328,8720,114688,1944,54784,84,0,0,0,0,44096,264,0,0,44360,904,0,0,0,0
10701,bridgeunattend.exe,0,0,144,3,0,4,0,65535,0,184,0,0,0,64,0,0,0,224,34404,6,0,0,240,34,523,14,13,9216,11776,0,10688,4096,0,5368709120,4096,512,10,0,10,0,10,0,40960,1024,59984,3,49504,524288,8192,1048576,4096,0,0,20808,100,32768,1784,28672,756,0,0,36864,76,18368,84,0,0,0,0,16512,264,0,0,16776,472,0,0,0,0
10702,browser_broker.exe,0,0,144,3,0,4,0,65535,0,184,0,0,0,64,0,0,0,248,34404,7,0,0,240,34,523,14,13,18944,20480,512,8192,4096,0,5368709120,4096,512,10,0,10,0,10,0,57344,1024,102806,2,49632,524288,8192,1048576,4096,0,0,35304,540,49152,3752,45056,1776,38400,8736,53248,56,31680,84,0,0,0,0,28688,264,0,0,28952,952,0,0,0,0
10703,browserexport.exe,0,0,144,3,0,4,0,65535,0,184,0,0,0,64,0,0,0,248,34404,6,0,0,240,34,523,14,13,94720,54272,0,89072,4096,0,5368709120,4096,512,10,0,10,0,10,0,167936,1024,189864,2,49504,524288,8192,1048576,4096,0,0,136288,720,159744,1040,151552,4212,0,0,163840,352,117808,84,0,0,103688,40,103424,264,0,0,103728,2024,0,0,0,0
10704,bthudtask.exe,0,0,144,3,0,4,0,65535,0,184,0,0,0,64,0,0,0,240,332,6,0,0,224,258,267,14,13,5120,32256,0,7200,4096,12288,4194304,4096,512,10,0,10,0,10,0,57344,1024,92110,3,49472,262144,8192,1048576,4096,0,0,16576,100,24576,28520,0,0,0,0,53248,416,4640,84,0,0,0,0,4104,164,0,0,16384,188,8812,128,0,0
10705,cacls.exe,0,0,144,3,0,4,0,65535,0,184,0,0,0,64,0,0,0,232,332,5,0,0,224,258,267,14,13,18432,8704,0,20320,4096,24576,4194304,4096,512,10,0,10,0,10,0,40960,1024,54080,3,49472,262144,8192,1048576,4096,0,0,29144,480,32768,2024,0,0,0,0,36864,1080,5424,84,0,0,0,0,4216,164,0,0,28672,468,0,0,0,0
10706,calc.exe,0,0,144,3,0,4,0,65535,0,184,0,0,0,64,0,0,0,248,332,5,0,0,224,258,267,14,13,4096,21504,0,6960,4096,8192,4194304,4096,512,10,0,10,0,10,0,40960,1024,56977,2,49472,262144,8192,1048576,4096,0,0,12444,160,16384,18184,0,0,0,0,36864,356,4384,84,0,0,0,0,4104,164,0,0,12288,152,0,0,0,0
10707,canon_l11121e_Driver_for_Windows_64_bit.exe,0,0,144,3,0,4,0,65535,0,184,0,0,0,64,0,0,0,240,332,5,0,0,224,259,267,8,0,151552,77824,0,84959,4096,155648,4194304,4096,4096,4,0,0,0,4,0,11517952,4096,11503071,2,0,32000,4096,32000,4096,183088,52,179220,140,253952,40124,0,0,11456512,7744,0,0,0,0,0,0,0,0,165088,64,0,0,155648,700,0,0,0,0
10708,canon_lbp2900b_driver_for_windows_32_bit.exe,0,0,144,3,0,4,0,65535,0,184,0,0,0,64,0,0,0,240,332,5,0,0,224,259,267,8,0,151552,77824,0,84959,4096,155648,4194304,4096,4096,4,0,0,0,4,0,9670656,4096,9650465,2,0,32000,4096,32000,4096,183088,52,179220,140,253952,40124,0,0,9609216,7744,0,0,0,0,0,0,0,0,165088,64,0,0,155648,700,0,0,0,0
10709,certreq.exe,0,0,144,3,0,4,0,65535,0,184,0,0,0,64,0,0,0,248,332,6,0,0,224,258,267,14,13,379392,53248,0,375504,4096,385024,4194304,4096,512,10,0,10,0,6,2,450560,1024,478868,3,49472,262144,8192,1048576,4096,0,0,403252,1100,421888,3640,0,0,0,0,425984,21548,102272,84,0,0,0,0,12008,164,0,0,401408,1840,381856,192,0,0
10710,certutil.exe,0,0,144,3,0,4,0,65535,0,184,0,0,0,64,0,0,0,248,332,6,0,0,224,258,267,14,13,1139712,140288,0,1101488,4096,1146880,4194304,4096,512,10,0,10,0,10,0,1298432,1024,1322950,3,49472,262144,8192,1048576,4096,0,0,1203156,500,1224704,4160,0,0,0,0,1232896,65456,245392,84,0,0,0,0,13560,164,0,0,1200128,3024,1140500,416,0,0
10711,change.exe,0,0,144,3,0,4,0,65535,0,184,0,0,0,64,0,0,0,224,34404,6,0,0,240,34,523,14,13,7168,14848,0,9456,4096,0,5368709120,4096,512,10,0,10,0,10,0,40960,1024,64345,3,49504,524288,8192,1048576,4096,0,0,15268,100,32768,2096,28672,360,0,0,36864,32,14208,84,0,0,0,0,12304,264,0,0,12568,552,0,0,0,0
10712,changepk.exe,0,0,144,3,0,4,0,65535,0,184,0,0,0,64,0,0,0,240,34404,7,0,0,240,34,523,14,13,19456,74240,512,19264,4096,0,5368709120,4096,512,10,0,10,0,10,0,110592,1024,119970,2,49632,524288,8192,1048576,4096,0,0,33304,320,45056,61080,40960,1104,92672,9544,106496,60,31008,84,0,0,0,0,28688,264,0,0,28952,744,0,0,0,0
10713,charmap.exe,0,0,144,3,0,4,0,65535,0,184,0,0,0,64,0,0,0,248,332,5,0,0,224,258,267,14,13,64000,243712,0,65264,4096,69632,4194304,4096,512,10,0,10,0,10,0,319488,1024,180900,2,49472,262144,16384,1048576,4096,0,0,209948,300,217088,93648,0,0,0,0,311296,5588,6528,84,0,0,0,0,4200,164,0,0,208896,1048,0,0,0,0
10714,chesstitans.exe,0,0,80,2,0,4,15,65535,0,184,0,0,0,64,26,0,0,256,332,8,0,0,224,33167,267,2,25,40448,17920,0,42488,4096,45056,4194304,4096,512,1,0,6,0,4,0,81920,1024,0,2,33088,1048576,16384,1048576,4096,0,0,53248,2384,69632,11264,0,0,0,0,0,0,0,0,0,0,61440,24,0,0,0,0,0,0,0,0,0,0
10715,chglogon.exe,0,0,144,3,0,4,0,65535,0,184,0,0,0,64,0,0,0,224,34404,6,0,0,240,34,523,14,13,11776,14848,0,13824,4096,0,5368709120,4096,512,10,0,10,0,10,0,45056,1024,41533,3,49504,524288,8192,1048576,4096,0,0,19932,120,36864,2048,32768,504,0,0,40960,68,18656,84,0,0,0,0,16400,264,0,0,16664,656,0,0,0,0
10716,chgport.exe,0,0,144,3,0,4,0,65535,0,184,0,0,0,64,0,0,0,240,34404,6,0,0,240,34,523,14,13,13824,16384,0,15584,4096,0,5368709120,4096,512,10,0,10,0,10,0,49152,1024,79608,3,49504,524288,8192,1048576,4096,0,0,23980,120,40960,2040,36864,588,0,0,45056,60,22544,84,0,0,0,0,20496,264,0,0,20760,736,0,0,0,0
10717,chgusr.exe,0,0,144,3,0,4,0,65535,0,184,0,0,0,64,0,0,0,232,34404,6,0,0,240,34,523,14,13,11264,15872,0,13216,4096,0,5368709120,4096,512,10,0,10,0,10,0,45056,1024,35133,3,49504,524288,8192,1048576,4096,0,0,19852,120,36864,2072,32768,504,0,0,40960,72,18608,84,0,0,0,0,16400,264,0,0,16664,656,0,0,0,0
10718,chkdsk.exe,0,0,144,3,0,4,0,65535,0,184,0,0,0,64,0,0,0,232,332,5,0,0,224,290,267,14,13,12800,9728,0,15728,4096,20480,4194304,4096,512,10,0,10,0,10,0,40960,1024,40865,3,49472,262144,8192,1048576,4096,0,0,25044,200,32768,2032,0,0,0,0,36864,1180,4752,84,0,0,0,0,4104,164,0,0,24576,464,0,0,0,0
10719,chkntfs.exe,0,0,144,3,0,4,0,65535,0,184,0,0,0,64,0,0,0,240,332,5,0,0,224,258,267,14,13,9728,9216,0,12240,4096,16384,4194304,4096,512,10,0,10,0,10,0,36864,1024,55326,3,49472,262144,8192,1048576,4096,0,0,20944,160,28672,2320,0,0,0,0,32768,964,4784,84,0,0,0,0,4152,164,0,0,20480,460,0,0,0,0
10720,choice.exe,0,0,144,3,0,4,0,65535,0,184,0,0,0,64,0,0,0,232,332,5,0,0,224,258,267,14,13,20480,7680,0,22576,4096,24576,4194304,4096,512,10,0,10,0,10,0,40960,1024,81582,3,49472,262144,8192,1048576,4096,0,0,29048,160,32768,2048,0,0,0,0,36864,1076,4672,84,0,0,0,0,4104,164,0,0,28672,372,0,0,0,0
10721,cipher.exe,0,0,144,3,0,4,0,65535,0,184,0,0,0,64,0,0,0,240,332,6,0,0,224,258,267,14,13,28672,20480,0,30400,4096,32768,4194304,4096,512,10,0,10,0,10,0,65536,1024,84055,3,49472,262144,8192,1048576,4096,0,0,45704,260,57344,2040,0,0,0,0,61440,1900,5760,84,0,0,0,0,4104,164,0,0,45056,644,32516,96,0,0
10722,cleanmgr.exe,0,0,144,3,0,4,0,65535,0,184,0,0,0,64,0,0,0,232,332,5,0,0,224,258,267,14,13,35840,175616,0,37696,4096,40960,4194304,4096,512,10,0,10,0,10,0,225280,1024,262795,2,49472,262144,8192,1048576,4096,0,0,45848,640,53248,165672,0,0,0,0,221184,2016,6464,84,0,0,0,0,4144,164,0,0,45056,788,0,0,0,0
10723,cliconfg.exe,0,0,144,3,0,4,0,65535,0,184,0,0,0,64,0,0,0,232,332,5,0,0,224,258,267,14,13,4096,24064,0,6080,4096,8192,4194304,4096,512,10,0,10,0,10,0,45056,1024,47543,2,49472,262144,8192,1048576,4096,0,0,12488,80,16384,20568,0,0,0,0,40960,372,4432,84,0,0,0,0,4104,164,0,0,12288,196,0,0,0,0
10724,clip.exe,0,0,144,3,0,4,0,65535,0,184,0,0,0,64,0,0,0,224,332,5,0,0,224,258,267,14,13,16896,7680,0,19392,4096,24576,4194304,4096,512,10,0,10,0,10,0,40960,1024,85332,3,49472,262144,8192,1048576,4096,0,0,29048,180,32768,2080,0,0,0,0,36864,992,4592,84,0,0,0,0,4104,164,0,0,28672,372,0,0,0,0
10725,cmdkey.exe,0,0,144,3,0,4,0,65535,0,184,0,0,0,64,0,0,0,240,332,6,0,0,224,258,267,14,13,8704,10752,0,10560,4096,16384,4194304,4096,512,10,0,10,0,10,0,36864,1024,81169,3,49472,262144,8192,1048576,4096,0,0,20788,400,28672,2096,0,0,0,0,32768,672,4672,84,0,0,0,0,4120,164,0,0,20480,304,12300,64,0,0
10726,cmdl32.exe,0,0,144,3,0,4,0,65535,0,184,0,0,0,64,0,0,0,240,332,5,0,0,224,258,267,14,13,34816,11264,0,36640,4096,40960,4194304,4096,512,10,0,10,0,6,0,61440,1024,66386,2,49472,262144,8192,1048576,4096,0,0,45692,220,53248,3032,0,0,0,0,57344,2336,13552,84,0,0,0,0,4160,64,0,0,45056,632,0,0,0,0
10727,cmmon32.exe,0,0,144,3,0,4,0,65535,0,184,0,0,0,64,0,0,0,224,332,5,0,0,224,258,267,14,13,26112,10752,0,28096,4096,32768,4194304,4096,512,10,0,10,0,6,0,49152,1024,71105,2,49472,262144,8192,1048576,4096,0,0,37404,120,40960,3016,0,0,0,0,45056,1508,13088,84,0,0,0,0,4144,64,0,0,36864,536,0,0,0,0
10728,cmstp.exe,0,0,144,3,0,4,0,65535,0,184,0,0,0,64,0,0,0,224,332,5,0,0,224,258,267,14,13,68608,14336,0,70352,4096,73728,4194304,4096,512,10,0,10,0,6,0,90112,1024,105452,2,49472,262144,8192,1048576,4096,0,0,78364,180,81920,3496,0,0,0,0,86016,3640,23200,84,0,0,0,0,4112,64,0,0,77824,536,0,0,0,0
10729,cofire.exe,0,0,144,3,0,4,0,65535,0,184,0,0,0,64,0,0,0,224,34404,6,0,0,240,34,523,14,13,11264,13312,0,13264,4096,0,5368709120,4096,512,10,0,10,0,10,0,40960,1024,81117,3,49504,524288,8192,1048576,4096,0,0,20884,180,32768,2632,28672,432,0,0,36864,32,19744,84,0,0,0,0,16400,264,0,0,16664,672,0,0,0,0
10730,colorcpl.exe,0,0,144,3,0,4,0,65535,0,184,0,0,0,64,0,0,0,224,332,5,0,0,224,258,267,14,13,3584,82432,0,5792,4096,8192,4194304,4096,512,10,0,10,0,10,0,102400,1024,103224,2,49472,262144,8192,1048576,4096,0,0,12420,80,16384,79432,0,0,0,0,98304,300,4336,84,0,0,0,0,4104,164,0,0,12288,128,0,0,0,0
10731,comp.exe,0,0,144,3,0,4,0,65535,0,184,0,0,0,64,0,0,0,240,332,5,0,0,224,258,267,14,13,13312,9728,0,15552,4096,20480,4194304,4096,512,10,0,10,0,10,0,40960,1024,47872,3,49472,262144,4096,1048576,4096,0,0,25052,100,32768,2024,0,0,0,0,36864,1392,4576,84,0,0,0,0,4152,164,0,0,24576,472,0,0,0,0
10732,compact.exe,0,0,144,3,0,4,0,65535,0,184,0,0,0,64,0,0,0,232,332,5,0,0,224,258,267,14,13,30208,25088,0,31856,4096,36864,4194304,4096,512,10,0,10,0,10,0,69632,1024,73251,3,49472,262144,8192,1048576,4096,0,0,53796,520,61440,2032,0,0,0,0,65536,1884,8816,84,0,0,0,0,4120,164,0,0,53248,544,0,0,0,0
10733,comrepl.exe,0,0,144,3,0,4,0,65535,0,184,0,0,0,64,0,0,0,248,332,5,0,0,224,258,267,14,13,7680,6656,0,9392,4096,12288,4194304,4096,512,10,0,10,0,10,0,28672,1024,72079,3,49472,262144,8192,1048576,4096,0,0,16668,220,20480,2048,0,0,0,0,24576,540,4640,84,0,0,0,0,4104,164,0,0,16384,280,0,0,0,0
10734,conadvpass.exe,0,0,144,3,0,4,0,65535,0,184,0,0,0,64,0,0,0,216,332,4,0,0,224,271,267,6,0,1024,3584,0,4252,4096,8192,4194304,4096,512,4,0,0,0,4,0,20480,1024,0,2,0,1048576,4096,1048576,4096,0,0,8300,100,16384,1896,0,0,0,0,0,0,0,0,0,0,0,0,0,0,0,0,8192,92,0,0,0,0
10735,consent.exe,0,0,144,3,0,4,0,65535,0,184,0,0,0,64,0,0,0,240,34404,8,0,0,240,34,523,14,13,67584,83968,0,17872,4096,0,5368709120,4096,512,10,0,10,0,10,0,176128,1024,177810,2,49632,524288,8192,1048576,4096,0,0,89888,860,118784,50680,106496,3480,150528,8712,172032,180,79216,84,0,0,0,0,73936,264,0,0,74288,2344,88856,224,0,0
10736,control.exe,0,0,144,3,0,4,0,65535,0,184,0,0,0,64,0,0,0,240,332,5,0,0,224,258,267,14,13,9216,104960,0,8272,4096,16384,4194304,4096,512,10,0,10,0,10,0,131072,1024,175787,2,49472,262144,8192,1048576,4096,0,0,20720,260,24576,100456,0,0,0,0,126976,548,4896,84,0,0,0,0,4104,164,0,0,20480,236,0,0,0,0
10737,convert.exe,0,0,144,3,0,4,0,65535,0,184,0,0,0,64,0,0,0,240,332,5,0,0,224,258,267,14,13,10240,8704,0,13152,4096,16384,4194304,4096,512,10,0,10,0,10,0,36864,1024,39250,3,49472,262144,8192,1048576,4096,0,0,20876,160,28672,1784,0,0,0,0,32768,988,4752,84,0,0,0,0,4152,164,0,0,20480,392,0,0,0,0
10738,convertvhd.exe,0,0,144,3,0,4,0,65535,0,184,0,0,0,64,0,0,0,240,34404,6,0,0,240,34,523,14,13,135680,85504,0,132768,4096,0,5368709120,4096,512,10,0,10,0,10,0,241664,1024,279295,2,49504,524288,8192,1048576,4096,0,0,175132,600,233472,1032,225280,6564,217088,8504,237568,200,162704,84,0,0,144088,40,143824,264,0,0,144128,1376,0,0,0,0
10739,coredpussvr.exe,0,0,144,3,0,4,0,65535,0,184,0,0,0,64,0,0,0,240,34404,7,0,0,240,34,523,14,13,50176,24576,0,47696,4096,0,5368709120,4096,512,10,0,10,0,10,0,94208,1024,94238,2,49504,524288,8192,1048576,4096,0,0,68616,520,86016,1024,77824,2796,0,0,90112,280,63184,84,0,0,0,0,58272,264,0,0,58536,1152,68520,64,0,0
10740,cports.exe,0,0,144,3,0,4,0,65535,0,184,0,0,0,64,0,0,0,224,34404,5,0,0,240,35,523,8,0,143872,57344,0,145376,4096,0,5368709120,4096,512,4,0,0,0,5,2,233472,1024,216828,2,32768,1048576,4096,1048576,4096,0,0,169984,220,208896,23504,200704,4812,202240,8568,0,0,154000,28,0,0,0,0,0,0,0,0,151552,2256,0,0,0,0
10741,credwiz.exe,0,0,144,3,0,4,0,65535,0,184,0,0,0,64,0,0,0,240,332,5,0,0,224,258,267,14,13,16384,15872,0,17968,4096,20480,4194304,4096,512,10,0,10,0,10,0,40960,1024,34816,2,49472,262144,8192,1048576,4096,0,0,25116,420,28672,5736,0,0,0,0,36864,1368,6032,84,0,0,0,0,4208,164,0,0,24576,536,0,0,0,0
10742,csrss.exe,0,0,144,3,0,4,0,65535,0,184,0,0,0,64,0,0,0,232,34404,6,0,0,240,34,523,14,13,2048,6656,0,4112,4096,0,5368709120,4096,512,10,0,10,0,10,0,28672,1024,44381,1,16736,262144,32768,1048576,4096,0,0,9316,60,20480,2048,16384,120,8704,9088,24576,28,8656,84,0,0,0,0,8208,264,0,0,8472,144,0,0,0,0
10743,ctfmon.exe,0,0,144,3,0,4,0,65535,0,184,0,0,0,64,0,0,0,224,332,5,0,0,224,258,267,14,13,3584,5632,0,5200,4096,8192,4194304,4096,512,10,0,10,0,10,0,24576,1024,50446,2,49472,262144,8192,1048576,4096,0,0,12432,80,16384,2800,0,0,0,0,20480,312,4336,84,0,0,0,0,4104,164,0,0,12288,140,0,0,0,0
10744,cttune.exe,0,0,144,3,0,4,0,65535,0,184,0,0,0,64,0,0,0,248,332,5,0,0,224,258,267,14,13,57856,253440,0,59264,4096,65536,4194304,4096,512,10,0,10,0,10,0,327680,1024,336376,2,49472,262144,8192,1048576,4096,0,0,70480,440,77824,241992,0,0,0,0,323584,3240,7552,84,0,0,0,0,4488,164,0,0,69632,844,0,0,0,0
10745,cttunesvr.exe,0,0,144,3,0,4,0,65535,0,184,0,0,0,64,0,0,0,224,332,5,0,0,224,258,267,14,13,22528,12800,0,24112,4096,28672,4194304,4096,512,10,0,10,0,6,0,49152,1024,95496,2,49472,262144,8192,1048576,4096,0,0,33184,140,36864,6464,0,0,0,0,45056,1564,6576,84,0,0,0,0,4576,64,0,0,32768,412,0,0,0,0
10746,curl.exe,0,0,144,3,0,4,0,65535,0,184,0,0,0,64,0,0,0,248,332,5,0,0,224,258,267,14,11,279040,108032,0,266352,4096,286720,4194304,4096,512,6,0,0,0,6,0,405504,1024,398610,3,49472,1048576,4096,1048576,4096,0,0,368036,700,380928,1456,0,0,0,0,385024,17536,366976,84,0,0,0,0,367064,64,0,0,286720,860,0,0,0,0
10747,cvtres.exe,0,0,144,3,0,4,0,65535,0,184,0,0,0,64,0,0,0,240,332,5,0,0,224,290,267,12,10,16896,9216,0,18112,4096,24576,4194304,4096,512,6,0,10,0,6,0,40960,1024,51688,3,49472,1048576,8192,1048576,4096,0,0,29120,80,32768,4076,0,0,27136,16040,36864,1336,4208,28,0,0,0,0,5624,64,0,0,28672,444,0,0,0,0
10748,dasHost.exe,0,0,144,3,0,4,0,65535,0,184,0,0,0,64,0,0,0,240,34404,6,0,0,240,34,523,14,13,54784,41472,0,56672,4096,0,5368709120,4096,512,10,0,10,0,10,0,114688,1024,140477,3,49504,524288,8192,1048576,4096,0,0,89676,480,106496,1800,102400,2520,0,0,110592,1424,87120,84,0,0,0,0,74368,264,0,0,74632,1064,0,0,0,0
10749,dccw.exe,0,0,144,3,0,4,0,65535,0,184,0,0,0,64,0,0,0,248,332,5,0,0,224,258,267,14,13,64000,577024,0,65536,4096,69632,4194304,4096,512,10,0,10,0,10,0,655360,1024,660000,2,49472,262144,8192,1048576,4096,0,0,74724,280,81920,562304,0,0,0,0,647168,4432,14064,84,0,0,0,0,6696,164,0,0,73728,992,0,0,0,0
10750,dcomcnfg.exe,0,0,144,3,0,4,0,65535,0,184,0,0,0,64,0,0,0,240,332,5,0,0,224,258,267,14,13,4096,5632,0,6368,4096,8192,4194304,4096,512,10,0,10,0,10,0,24576,1024,70616,2,49472,262144,8192,1048576,4096,0,0,12452,100,16384,2408,0,0,0,0,20480,376,4416,84,0,0,0,0,4104,164,0,0,12288,160,0,0,0,0
10751,ddodiag.exe,0,0,144,3,0,4,0,65535,0,184,0,0,0,64,0,0,0,232,332,5,0,0,224,258,267,14,13,22016,10752,0,24672,4096,28672,4194304,4096,512,10,0,10,0,10,0,49152,1024,86640,2,49472,262144,8192,1048576,4096,0,0,37076,100,40960,1904,0,0,0,0,45056,1252,17168,84,0,0,0,0,4752,164,0,0,36864,208,0,0,0,0
10752,desktopimgdownldr.exe,0,0,144,3,0,4,0,65535,0,184,0,0,0,64,0,0,0,240,34404,7,0,0,240,34,523,14,13,50688,27648,0,48368,4096,0,5368709120,4096,512,10,0,10,0,10,0,98304,1024,119980,3,49504,524288,8192,1048576,4096,0,0,70968,520,90112,1056,81920,2724,0,0,94208,228,63200,84,0,0,0,0,57776,264,0,0,58040,1192,70856,64,0,0
10753,desktoptwitter.exe,0,0,144,3,0,4,0,65535,0,184,0,0,0,64,0,0,0,216,332,5,0,0,224,271,267,6,0,23040,119808,1024,12491,4096,28672,4194304,4096,512,4,0,6,0,4,0,204800,1024,0,2,32768,1048576,4096,1048576,4096,0,0,29604,180,184320,16896,0,0,0,0,0,0,0,0,0,0,0,0,0,0,0,0,28672,652,0,0,0,0
10754,dfgPortable_2.22.33_Update_1_online.paf.exe,0,0,144,3,0,4,0,65535,0,184,0,0,0,64,0,0,0,200,332,5,0,0,224,271,267,6,0,26112,428544,16384,13581,4096,32768,4194304,4096,512,4,0,6,0,4,0,2240512,1024,1096208,2,34112,1048576,4096,1048576,4096,0,0,34052,160,2117632,119416,0,0,1062208,16632,0,0,0,0,0,0,0,0,0,0,0,0,32768,684,0,0,0,0
10755,dfrgui.exe,0,0,144,3,0,4,0,65535,0,184,0,0,0,64,0,0,0,232,332,5,0,0,224,258,267,14,13,75776,484864,0,77360,4096,81920,4194304,4096,512,10,0,10,0,10,0,573440,1024,607714,2,49472,262144,8192,1048576,4096,0,0,86840,240,94208,473840,0,0,0,0,569344,3268,16976,84,0,0,0,0,4264,164,0,0,86016,820,0,0,0,0
10756,dialer.exe,0,0,144,3,0,4,0,65535,0,184,0,0,0,64,0,0,0,240,332,5,0,0,224,258,267,14,13,20480,14336,0,22224,4096,24576,4194304,4096,512,10,0,10,0,10,0,45056,1024,89792,2,49472,262144,8192,1048576,4096,0,0,29216,160,32768,4512,0,0,0,0,40960,1920,5520,84,0,0,0,0,4104,164,0,0,28672,540,0,0,0,0
10757,diskpart.exe,0,0,144,3,0,4,0,65535,0,184,0,0,0,64,0,0,0,240,332,5,0,0,224,258,267,14,13,133632,16896,0,132272,4096,139264,4194304,4096,512,10,0,10,0,10,0,159744,1024,177713,3,49472,262144,8192,1048576,4096,0,0,143852,160,147456,2120,0,0,0,0,151552,6832,9584,84,0,0,0,0,4176,164,0,0,143360,488,0,0,0,0
10758,diskperf.exe,0,0,144,3,0,4,0,65535,0,184,0,0,0,64,0,0,0,248,332,5,0,0,224,258,267,14,13,12288,9728,0,13616,4096,16384,4194304,4096,512,10,0,10,0,10,0,32768,1024,48614,3,49472,262144,8192,1048576,4096,0,0,20860,440,24576,2104,0,0,0,0,28672,664,5552,84,0,0,0,0,4104,164,0,0,20480,376,0,0,0,0
10759,diskraid.exe,0,0,144,3,0,4,0,65535,0,184,0,0,0,64,0,0,0,248,34404,6,0,0,240,34,523,14,13,279040,60928,0,280992,4096,0,5368709120,4096,512,10,0,10,0,10,0,356352,1024,364248,3,49504,524288,8192,1048576,4096,328304,188,328492,180,348160,2112,344064,3924,0,0,352256,608,321808,84,0,0,0,0,286736,264,0,0,287000,712,0,0,0,0
10760,dispdiag.exe,0,0,144,3,0,4,0,65535,0,184,0,0,0,64,0,0,0,256,34404,7,0,0,240,34,523,14,13,73216,52224,0,68928,4096,0,5368709120,4096,512,10,0,10,0,10,0,143360,1024,182752,3,49504,524288,8192,1048576,4096,0,0,113008,800,135168,1776,126976,2976,0,0,139264,256,100896,84,0,0,78728,40,78464,264,0,0,78768,1544,112704,128,0,0
10761,djoin.exe,0,0,144,3,0,4,0,65535,0,184,0,0,0,64,0,0,0,232,34404,7,0,0,240,34,523,14,13,26112,81408,0,27440,4096,0,5368709120,4096,512,10,0,10,0,10,0,126976,1024,104555,3,49504,524288,8192,1048576,4096,0,0,51576,620,102400,18288,94208,1008,0,0,122880,188,49424,84,0,0,0,0,32784,264,0,0,33048,1336,51448,64,0,0
10762,dllexp.exe,0,0,144,3,0,4,0,65535,0,184,0,0,0,64,0,0,0,232,34404,5,0,0,240,35,523,8,0,69632,32256,0,72416,4096,0,5368709120,4096,512,4,0,0,0,5,2,118784,1024,174062,2,32768,1048576,4096,1048576,4096,0,0,82712,220,102400,14112,98304,2928,102912,11984,0,0,75472,28,0,0,0,0,0,0,0,0,73728,1664,0,0,0,0
10763,dllhost.exe,0,0,144,3,0,4,0,65535,0,184,0,0,0,64,0,0,0,256,332,5,0,0,224,258,267,14,13,5120,5120,0,6240,4096,12288,4194304,4096,512,10,0,10,0,10,0,28672,1024,42344,2,49216,262144,16384,1048576,4096,0,0,16620,320,20480,1000,0,0,10752,8504,24576,360,4400,84,0,0,0,0,4104,164,0,0,16384,232,0,0,0,0
10764,dllhst3g.exe,0,0,144,3,0,4,0,65535,0,184,0,0,0,64,0,0,0,256,332,5,0,0,224,290,267,14,13,5120,5120,0,6240,4096,12288,4194304,4096,512,10,0,10,0,10,0,28672,1024,29714,2,49472,262144,16384,1048576,4096,0,0,16620,320,20480,1008,0,0,0,0,24576,360,4400,84,0,0,0,0,4104,164,0,0,16384,232,0,0,0,0
10765,dmcertinst.exe,0,0,144,3,0,4,0,65535,0,184,0,0,0,64,0,0,0,240,34404,7,0,0,240,34,523,14,13,106496,62976,0,96016,4096,0,5368709120,4096,512,10,0,10,0,10,0,188416,1024,176228,2,49504,524288,8192,1048576,4096,0,0,149912,800,180224,1064,167936,6060,0,0,184320,484,135024,84,0,0,111544,40,111280,264,0,0,111584,2112,149072,256,0,0
10766,dmcfghost.exe,0,0,144,3,0,4,0,65535,0,184,0,0,0,64,0,0,0,232,34404,7,0,0,240,34,523,14,13,13312,25600,0,11152,4096,0,5368709120,4096,512,10,0,10,0,10,0,61440,1024,43983,2,49504,524288,8192,1048576,4096,0,0,31616,580,49152,5896,40960,900,0,0,57344,464,29040,84,0,0,0,0,23232,264,0,0,23496,1048,31312,128,0,0
10767,dmclient.exe,0,0,144,3,0,4,0,65535,0,184,0,0,0,64,0,0,0,232,34404,7,0,0,240,34,523,14,13,74752,47104,0,74208,4096,0,5368709120,4096,512,10,0,10,0,10,0,143360,1024,181284,3,49504,524288,8192,1048576,4096,0,0,113792,740,135168,1328,126976,2376,0,0,139264,760,104656,84,0,0,85976,40,85712,264,0,0,86016,1440,113160,192,0,0
10768,dnscacheugc.exe,0,0,144,3,0,4,0,65535,0,184,0,0,0,64,0,0,0,240,34404,6,0,0,240,34,523,14,13,14848,18432,0,16800,4096,0,5368709120,4096,512,10,0,10,0,10,0,49152,1024,89315,3,49504,524288,8192,1048576,4096,0,0,29508,340,40960,2080,36864,840,0,0,45056,80,28000,84,0,0,0,0,20560,264,0,0,20824,712,0,0,0,0
10769,doskey.exe,0,0,144,3,0,4,0,65535,0,184,0,0,0,64,0,0,0,240,332,5,0,0,224,258,267,14,13,8192,7680,0,10800,4096,12288,4194304,4096,512,10,0,10,0,10,0,28672,1024,40352,3,49472,262144,8192,1048576,4096,0,0,16756,100,20480,2040,0,0,0,0,24576,812,4576,84,0,0,0,0,4104,164,0,0,16384,368,0,0,0,0
10770,dotNETInspectorPortable_1.5.0_English.paf.exe,0,0,144,3,0,4,0,65535,0,184,0,0,0,64,0,0,0,208,332,6,0,0,224,258,267,10,0,28672,445952,16896,14819,4096,32768,4194304,4096,512,5,0,6,0,5,0,1351680,1024,3189072,2,34112,1048576,4096,1048576,4096,0,0,39780,180,1245184,102096,0,0,3148984,7168,499712,2488,0,0,0,0,0,0,0,0,0,0,32768,720,0,0,0,0
10771,dpapimig.exe,0,0,144,3,0,4,0,65535,0,184,0,0,0,64,0,0,0,240,332,5,0,0,224,258,267,14,13,8704,64000,0,10416,4096,16384,4194304,4096,512,10,0,10,0,10,0,90112,1024,128012,2,49472,262144,8192,1048576,4096,0,0,20968,380,28672,56384,0,0,0,0,86016,760,5056,84,0,0,0,0,4200,164,0,0,20480,484,0,0,0,0
10772,dplaysvr.exe,0,0,144,3,0,4,0,65535,0,184,0,0,0,64,0,0,0,232,332,5,0,0,224,8450,267,14,13,3584,4096,0,5456,4096,8192,268435456,4096,512,10,0,10,0,10,0,24576,1024,20047,2,16704,262144,4096,1048576,4096,7408,67,12364,60,16384,1296,0,0,0,0,20480,280,4320,84,0,0,0,0,4104,164,0,0,12288,72,0,0,0,0
10773,dpnsvr.exe,0,0,144,3,0,4,0,65535,0,184,0,0,0,64,0,0,0,232,332,5,0,0,224,8450,267,14,13,3584,4096,0,5456,4096,8192,268435456,4096,512,10,0,10,0,10,0,24576,1024,20047,2,16704,262144,4096,1048576,4096,7408,67,12364,60,16384,1296,0,0,0,0,20480,280,4320,84,0,0,0,0,4104,164,0,0,12288,72,0,0,0,0
10774,driverquery.exe,0,0,144,3,0,4,0,65535,0,184,0,0,0,64,0,0,0,232,332,5,0,0,224,258,267,14,13,54272,12288,0,52704,4096,61440,4194304,4096,512,10,0,10,0,10,0,81920,1024,121051,3,49472,262144,8192,1048576,4096,0,0,66236,420,73728,2088,0,0,0,0,77824,2928,6272,84,0,0,0,0,4112,164,0,0,65536,696,0,0,0,0
10775,drvcfg.exe,0,0,144,3,0,4,0,65535,0,184,0,0,0,64,0,0,0,248,34404,7,0,0,240,34,523,14,13,49664,29696,0,49504,4096,0,5368709120,4096,512,10,0,10,0,10,0,102400,1024,89934,3,49504,524288,8192,1048576,4096,0,0,74856,560,94208,1736,86016,1776,0,0,98304,176,68848,84,0,0,0,0,57440,264,0,0,57704,1104,72332,256,0,0
10776,drvinst.exe,0,0,144,3,0,4,0,65535,0,184,0,0,0,64,0,0,0,240,34404,7,0,0,240,34,523,14,13,116736,52736,0,116544,4096,0,5368709120,4096,512,10,0,10,0,10,0,188416,1024,181880,3,49504,524288,8192,1048576,4096,0,0,157920,400,180224,2016,172032,3492,0,0,184320,180,148160,84,0,0,0,0,123056,264,0,0,123320,2104,155692,224,0,0
10777,dstokenclean.exe,0,0,144,3,0,4,0,65535,0,184,0,0,0,64,0,0,0,232,34404,6,0,0,240,34,523,14,13,4608,9216,0,6336,4096,0,5368709120,4096,512,10,0,10,0,10,0,36864,1024,34311,3,49504,524288,8192,1048576,4096,0,0,14676,260,28672,1120,24576,372,0,0,32768,52,13664,84,0,0,0,0,12304,264,0,0,12568,432,0,0,0,0
10778,dtdump.exe,0,0,144,3,0,4,0,65535,0,184,0,0,0,64,0,0,0,256,332,5,0,0,224,258,267,14,13,57344,26112,0,55344,4096,61440,4194304,4096,512,10,0,10,0,10,0,94208,1024,122827,3,49472,262144,8192,1048576,4096,0,0,78292,380,81920,1000,0,0,0,0,86016,4700,20064,84,0,0,0,0,7280,164,0,0,77824,464,0,0,0,0
10779,dusmtask.exe,0,0,144,3,0,4,0,65535,0,184,0,0,0,64,0,0,0,248,34404,6,0,0,240,34,523,14,13,22016,16384,0,20416,4096,0,5368709120,4096,512,10,0,10,0,10,0,57344,1024,75617,2,49504,524288,8192,1048576,4096,0,0,35508,440,49152,1000,45056,1368,0,0,53248,104,32192,84,0,0,29064,40,28800,264,0,0,29104,840,0,0,0,0
10780,dvdplay.exe,0,0,144,3,0,4,0,65535,0,184,0,0,0,64,0,0,0,224,332,5,0,0,224,258,267,14,13,4096,5632,0,5632,4096,8192,4194304,4096,512,10,0,10,0,10,0,24576,1024,65195,2,49472,262144,8192,1048576,4096,0,0,12432,80,16384,3048,0,0,0,0,20480,320,4544,84,0,0,0,0,4104,164,0,0,12288,140,0,0,0,0
10781,dwm.exe,0,0,144,3,0,4,0,65535,0,184,0,0,0,64,0,0,0,256,34404,7,0,0,240,34,523,14,13,22016,41472,0,11648,4096,0,5368709120,4096,512,10,0,10,0,10,0,81920,1024,68771,2,49504,524288,8192,1048576,4096,0,0,38208,680,69632,7896,61440,1884,0,0,77824,152,32304,84,0,0,29160,40,28896,264,0,0,29200,1208,37448,256,0,0
10782,dxdiag.exe,0,0,144,3,0,4,0,65535,0,184,0,0,0,64,0,0,0,224,332,5,0,0,224,258,267,14,13,262656,58880,0,173744,4096,270336,4194304,4096,512,10,0,10,0,10,0,335872,1024,342242,2,49472,262144,8192,1048576,4096,0,0,283308,200,290816,29784,0,0,0,0,323584,11568,58912,84,0,0,0,0,4392,164,0,0,282624,676,0,0,0,0
10783,dxgiadaptercache.exe,0,0,144,3,0,4,0,65535,0,184,0,0,0,64,0,0,0,240,34404,6,0,0,240,34,523,14,13,30208,18944,0,28320,4096,0,5368709120,4096,512,10,0,10,0,10,0,65536,1024,104091,2,49504,524288,8192,1048576,4096,0,0,44772,520,57344,1056,53248,1776,0,0,61440,92,40624,84,0,0,0,0,36992,264,0,0,37256,928,0,0,0,0
10784,easinvoker.exe,0,0,144,3,0,4,0,65535,0,184,0,0,0,64,0,0,0,232,34404,8,0,0,240,34,523,14,13,35840,32768,512,37248,4096,0,5368709120,4096,512,10,0,10,0,10,0,90112,1024,81909,2,49632,524288,8192,1048576,4096,0,0,62616,500,81920,2256,73728,1584,67584,9576,86016,340,59264,84,0,0,0,0,47648,264,0,0,47912,1480,62312,96,0,0
10785,edpnotify.exe,0,0,144,3,0,4,0,65535,0,184,0,0,0,64,0,0,0,232,332,7,0,0,224,258,267,14,13,36864,12288,512,34336,4096,40960,4194304,4096,512,10,0,10,0,10,0,69632,1024,57432,2,49600,262144,8192,1048576,4096,0,0,49772,580,61440,1056,0,0,0,0,65536,2536,8640,84,0,0,4844,24,4680,164,0,0,49152,616,40068,128,0,0
10786,efsui.exe,0,0,144,3,0,4,0,65535,0,184,0,0,0,64,0,0,0,232,332,5,0,0,224,258,267,14,13,5632,6144,0,7680,4096,12288,4194304,4096,512,10,0,10,0,10,0,28672,1024,58724,2,49472,262144,32768,1048576,4096,0,0,16652,300,20480,1976,0,0,0,0,24576,460,4656,84,0,0,0,0,4104,164,0,0,16384,264,0,0,0,0
10787,esentutl.exe,0,0,144,3,0,4,0,65535,0,184,0,0,0,64,0,0,0,240,332,6,0,0,224,290,267,14,13,295424,39424,0,294064,4096,303104,4194304,4096,512,10,0,10,0,6,1,352256,1024,335149,3,49472,262144,8192,1048576,4096,0,0,316284,620,327680,1752,0,0,0,0,331776,16984,77424,84,0,0,6212,24,6048,64,0,0,315392,888,299012,64,0,0
10788,eudcedit.exe,0,0,144,3,0,4,0,65535,0,184,0,0,0,64,0,0,0,240,332,5,0,0,224,258,267,14,13,177664,137216,0,169840,4096,184320,4194304,4096,512,10,0,10,0,10,0,327680,1024,341878,2,49472,262144,8192,1048576,4096,0,0,203000,280,212992,95800,0,0,0,0,311296,16108,24480,84,0,0,0,0,14480,164,0,0,200704,2292,0,0,0,0
10789,eventcreate.exe,0,0,144,3,0,4,0,65535,0,184,0,0,0,64,0,0,0,232,332,5,0,0,224,258,267,14,13,23552,10240,0,26144,4096,28672,4194304,4096,512,10,0,10,0,10,0,49152,1024,60630,3,49472,262144,8192,1048576,4096,0,0,33316,640,40960,2160,0,0,0,0,45056,1360,5232,84,0,0,0,0,4104,164,0,0,32768,544,0,0,0,0
10790,eventvwr.exe,0,0,144,3,0,4,0,65535,0,184,0,0,0,64,0,0,0,232,332,5,0,0,224,258,267,14,13,8192,72704,0,10512,4096,12288,4194304,4096,512,10,0,10,0,10,0,94208,1024,97855,2,49472,262144,32768,1048576,4096,0,0,16632,120,20480,68496,0,0,0,0,90112,676,4720,84,0,0,0,0,4192,164,0,0,16384,244,0,0,0,0
10791,expand.exe,0,0,144,3,0,4,0,65535,0,184,0,0,0,64,0,0,0,248,332,6,0,0,224,258,267,14,13,36864,24064,0,38608,4096,40960,4194304,4096,512,10,0,10,0,6,0,73728,1024,110300,3,49472,262144,8192,1048576,4096,0,0,53796,160,61440,6344,0,0,0,0,69632,3392,19376,84,0,0,0,0,4104,64,0,0,53248,544,40740,96,0,0
10792,extrac32.exe,0,0,144,3,0,4,0,65535,0,184,0,0,0,64,0,0,0,240,332,5,0,0,224,258,267,14,13,20992,8192,0,22640,4096,28672,4194304,4096,512,10,0,10,0,10,0,45056,1024,34876,2,49472,262144,8192,1048576,4096,0,0,33164,120,36864,2312,0,0,0,0,40960,1272,8016,84,0,0,0,0,4104,164,0,0,32768,392,0,0,0,0
10793,faview.exe,0,0,144,3,0,4,0,65535,0,184,0,0,0,64,0,0,0,232,332,3,0,0,224,259,267,8,0,36864,8192,53248,89952,57344,94208,4194304,4096,512,4,0,0,0,4,0,102400,4096,83332,2,0,1048576,4096,1048576,4096,0,0,98992,568,94208,4784,0,0,39936,6240,0,0,0,0,0,0,0,0,0,0,0,0,0,0,0,0,0,0
10794,fc.exe,0,0,144,3,0,4,0,65535,0,184,0,0,0,64,0,0,0,240,332,5,0,0,224,258,267,14,13,12800,9216,0,15104,4096,20480,4194304,4096,512,10,0,10,0,10,0,40960,1024,41396,3,49472,262144,8192,1048576,4096,0,0,25036,100,32768,2032,0,0,0,0,36864,1056,4656,84,0,0,0,0,4152,164,0,0,24576,456,0,0,0,0
10795,fg761p.exe,0,0,144,3,0,4,0,65535,0,184,0,0,0,64,0,0,0,312,332,6,0,0,224,271,267,14,0,4078592,2517504,0,2037203,4096,4083712,4194304,4096,512,5,1,0,0,5,1,13545472,1024,4886657,2,32768,1048576,4096,1048576,4096,0,0,6615149,149,5611520,1001944,0,0,4871168,6032,0,0,0,0,0,0,13495552,24,0,0,0,0,0,0,0,0,0,0
10796,fhmanagew.exe,0,0,144,3,0,4,0,65535,0,184,0,0,0,64,0,0,0,232,34404,6,0,0,240,34,523,14,13,17408,122880,0,18320,4096,0,5368709120,4096,512,10,0,10,0,10,0,159744,1024,169352,2,49504,524288,8192,1048576,4096,0,0,30472,200,45056,109832,40960,888,0,0,155648,112,28000,84,0,0,0,0,24784,264,0,0,25048,928,0,0,0,0
10797,find.exe,0,0,144,3,0,4,0,65535,0,184,0,0,0,64,0,0,0,240,332,5,0,0,224,258,267,14,13,6656,7680,0,9024,4096,12288,4194304,4096,512,10,0,10,0,10,0,28672,1024,52636,3,49472,262144,8192,1048576,4096,0,0,16736,100,20480,2040,0,0,0,0,24576,692,4528,84,0,0,0,0,4152,164,0,0,16384,348,0,0,0,0
10798,findstr.exe,0,0,144,3,0,4,0,65535,0,184,0,0,0,64,0,0,0,240,332,6,0,0,224,258,267,14,13,18944,46080,0,20864,4096,24576,4194304,4096,512,10,0,10,0,10,0,77824,1024,79983,3,49472,262144,20480,1048576,4096,0,0,61928,480,69632,2056,0,0,0,0,73728,1684,4832,84,0,0,0,0,4128,164,0,0,61440,484,22796,64,0,0
10799,finger.exe,0,0,144,3,0,4,0,65535,0,184,0,0,0,64,0,0,0,248,332,5,0,0,224,258,267,14,13,5632,7680,0,8048,4096,12288,4194304,4096,512,10,0,10,0,10,0,28672,1024,63196,3,49472,262144,8192,1048576,4096,0,0,16704,340,20480,2088,0,0,0,0,24576,548,4496,84,0,0,0,0,4104,164,0,0,16384,316,0,0,0,0
10800,fixmapi.exe,0,0,144,3,0,4,0,65535,0,184,0,0,0,64,0,0,0,224,332,5,0,0,224,258,267,14,13,8704,7168,0,10256,4096,16384,4194304,4096,512,10,0,10,0,10,0,32768,1024,72096,2,49472,262144,8192,1048576,4096,0,0,20792,120,24576,2296,0,0,0,0,28672,648,6032,84,0,0,0,0,4456,164,0,0,20480,308,0,0,0,0
10801,fltMC.exe,0,0,144,3,0,4,0,65535,0,184,0,0,0,64,0,0,0,248,332,5,0,0,224,258,267,14,13,14848,9216,0,15488,4096,20480,4194304,4096,512,10,0,10,0,10,0,36864,1024,60129,3,49472,262144,8192,1048576,4096,0,0,24972,440,28672,2064,0,0,0,0,32768,980,6592,84,0,0,0,0,4104,164,0,0,24576,392,0,0,0,0
10802,fodhelper.exe,0,0,144,3,0,4,0,65535,0,184,0,0,0,64,0,0,0,240,34404,7,0,0,240,34,523,14,13,31232,16384,512,32448,4096,0,5368709120,4096,512,10,0,10,0,10,0,69632,1024,50932,2,49632,524288,8192,1048576,4096,0,0,46984,360,61440,2320,57344,1344,0,0,65536,144,44960,84,0,0,0,0,41248,264,0,0,41512,976,0,0,0,0
10803,fontview.exe,0,0,144,3,0,4,0,65535,0,184,0,0,0,64,0,0,0,248,332,5,0,0,224,258,267,14,13,22016,93184,0,23328,4096,28672,4194304,4096,512,10,0,10,0,10,0,131072,1024,119917,2,49472,262144,8192,1048576,4096,0,0,33420,340,40960,82288,0,0,0,0,126976,1732,5232,84,0,0,0,0,4104,164,0,0,32768,648,0,0,0,0
10804,forfiles.exe,0,0,144,3,0,4,0,65535,0,184,0,0,0,64,0,0,0,224,332,5,0,0,224,258,267,14,13,31744,9216,0,34240,4096,36864,4194304,4096,512,10,0,10,0,10,0,53248,1024,79129,3,49472,262144,8192,1048576,4096,0,0,41392,160,45056,2136,0,0,0,0,49152,1900,5168,84,0,0,0,0,4104,164,0,0,40960,428,0,0,0,0
10805,freegate-38819-1.exe,0,0,144,3,0,4,0,65535,0,184,0,0,0,64,0,0,0,296,332,6,0,0,224,271,267,6,0,1187840,724992,0,696275,4096,1191936,4194304,4096,4096,4,0,0,0,4,0,6234112,4096,2942752,2,0,1048576,4096,1048576,4096,0,0,1917037,149,1740800,174840,0,0,2883584,6936,0,0,0,0,0,0,0,0,0,0,0,0,0,0,0,0,0,0
10806,fsavailux.exe,0,0,144,3,0,4,0,65535,0,184,0,0,0,64,0,0,0,232,34404,6,0,0,240,34,523,14,13,6144,10752,0,8416,4096,0,5368709120,4096,512,10,0,10,0,10,0,36864,1024,77478,2,49504,524288,8192,1048576,4096,0,0,14644,200,28672,2624,24576,288,0,0,32768,32,13680,84,0,0,0,0,12304,264,0,0,12568,632,0,0,0,0
10807,fsquirt.exe,0,0,144,3,0,4,0,65535,0,184,0,0,0,64,0,0,0,232,332,5,0,0,224,258,267,14,13,53248,74752,0,51088,4096,57344,4194304,4096,512,10,0,10,0,10,0,139264,1024,173659,2,49472,262144,8192,1048576,4096,0,0,62372,340,69632,63904,0,0,0,0,135168,2952,7056,84,0,0,0,0,4304,164,0,0,61440,928,0,0,0,0
10808,fsutil.exe,0,0,144,3,0,4,0,65535,0,184,0,0,0,64,0,0,0,248,332,6,0,0,224,258,267,14,13,125952,22016,0,124656,4096,131072,4194304,4096,512,10,0,10,0,10,0,163840,1024,162891,3,49472,262144,8192,1048576,4096,0,0,140192,740,151552,2032,0,0,0,0,155648,6044,14528,84,0,0,0,0,4136,164,0,0,139264,924,129404,192,0,0
10809,ftp.exe,0,0,144,3,0,4,0,65535,0,184,0,0,0,64,0,0,0,232,332,5,0,0,224,258,267,14,13,36352,43008,0,38512,4096,40960,4194304,4096,512,10,0,10,0,10,0,90112,1024,50744,3,49472,262144,8192,1048576,4096,0,0,74408,500,81920,1984,0,0,0,0,86016,3220,6640,84,0,0,0,0,4104,164,0,0,73728,676,0,0,0,0
10810,fvenotify.exe,0,0,144,3,0,4,0,65535,0,184,0,0,0,64,0,0,0,240,34404,6,0,0,240,34,523,14,13,59392,115712,0,60400,4096,0,5368709120,4096,512,10,0,10,0,10,0,192512,1024,185063,2,49504,524288,8192,1048576,4096,79744,2128,81872,200,94208,91040,90112,696,0,0,188416,220,78032,84,0,0,0,0,65920,264,0,0,66184,1120,0,0,0,0
10811,fveprompt.exe,0,0,144,3,0,4,0,65535,0,184,0,0,0,64,0,0,0,232,34404,6,0,0,240,34,523,14,13,50688,113152,0,52160,4096,0,5368709120,4096,512,10,0,10,0,10,0,184320,1024,197779,2,49504,524288,8192,1048576,4096,70384,2128,72512,160,86016,90992,81920,528,0,0,180224,240,69136,84,0,0,0,0,57808,264,0,0,58072,776,0,0,0,0
10812,getmac.exe,0,0,144,3,0,4,0,65535,0,184,0,0,0,64,0,0,0,232,332,5,0,0,224,258,267,14,13,51712,13312,0,50432,4096,57344,4194304,4096,512,10,0,10,0,10,0,77824,1024,80865,3,49472,262144,8192,1048576,4096,0,0,62128,660,69632,2064,0,0,0,0,73728,3148,6432,84,0,0,0,0,4112,164,0,0,61440,684,0,0,0,0
10813,gpresult.exe,0,0,144,3,0,4,0,65535,0,184,0,0,0,64,0,0,0,240,332,5,0,0,224,258,267,14,13,174592,20992,0,163664,4096,180224,4194304,4096,512,10,0,10,0,10,0,208896,1024,211406,3,49472,262144,8192,1048576,4096,0,0,185224,640,192512,2064,0,0,0,0,196608,8292,25216,84,0,0,0,0,5640,164,0,0,184320,900,0,0,0,0
10814,gpscript.exe,0,0,144,3,0,4,0,65535,0,184,0,0,0,64,0,0,0,240,332,5,0,0,224,258,267,14,13,26112,13312,0,26912,4096,32768,4194304,4096,512,10,0,10,0,10,0,53248,1024,98212,2,49472,262144,32768,1048576,4096,0,0,41428,420,45056,1800,0,0,0,0,49152,1952,12640,84,0,0,0,0,5496,164,0,0,40960,464,0,0,0,0
10815,gpupdate.exe,0,0,144,3,0,4,0,65535,0,184,0,0,0,64,0,0,0,240,332,5,0,0,224,258,267,14,13,15872,11776,0,17136,4096,20480,4194304,4096,512,10,0,10,0,10,0,40960,1024,42250,3,49472,262144,8192,1048576,4096,0,0,29052,280,32768,2096,0,0,0,0,36864,1220,9024,84,0,0,0,0,5456,164,0,0,28672,376,0,0,0,0
10816,grepWinPortable_2.0.10.paf.exe,0,0,144,3,0,4,0,65535,0,184,0,0,0,64,0,0,0,216,332,5,0,0,224,271,267,6,0,26624,428544,16384,13888,4096,32768,4194304,4096,512,4,0,6,0,4,0,2007040,1024,1237353,2,34112,1048576,4096,1048576,4096,0,0,34052,160,1888256,116432,0,0,1210256,8608,0,0,0,0,0,0,0,0,0,0,0,0,32768,688,0,0,0,0
10817,grpconv.exe,0,0,144,3,0,4,0,65535,0,184,0,0,0,64,0,0,0,240,332,5,0,0,224,258,267,14,13,28672,11264,0,30000,4096,32768,4194304,4096,512,10,0,10,0,10,0,49152,1024,97392,2,49472,262144,8192,1048576,4096,0,0,37424,300,40960,3848,0,0,0,0,45056,1392,5968,84,0,0,0,0,4184,164,0,0,36864,556,0,0,0,0
10818,hdwwiz.exe,0,0,144,3,0,4,0,65535,0,184,0,0,0,64,0,0,0,240,332,5,0,0,224,258,267,14,13,8192,56832,0,9808,4096,12288,4194304,4096,512,10,0,10,0,10,0,77824,1024,74838,2,49472,262144,8192,1048576,4096,0,0,16632,80,20480,52312,0,0,0,0,73728,612,5024,84,0,0,0,0,4104,164,0,0,16384,244,0,0,0,0
10819,help.exe,0,0,144,3,0,4,0,65535,0,184,0,0,0,64,0,0,0,232,332,5,0,0,224,258,267,14,13,4096,5120,0,6768,4096,8192,4194304,4096,512,10,0,10,0,10,0,24576,1024,48309,3,49472,262144,8192,1048576,4096,0,0,12476,60,16384,2032,0,0,0,0,20480,368,4560,84,0,0,0,0,4104,164,0,0,12288,184,0,0,0,0
10820,hh.exe,0,0,144,3,0,4,0,65535,0,184,0,0,0,64,0,0,0,232,34404,6,0,0,240,34,523,14,13,4608,13824,0,6128,4096,0,5368709120,4096,512,10,0,10,0,10,0,36864,1024,25808,2,49504,524288,8192,1048576,4096,0,0,14220,80,24576,7368,20480,264,0,0,32768,32,13312,84,0,0,0,0,12304,264,0,0,12568,368,0,0,0,0
10821,hvsievaluator.exe,0,0,144,3,0,4,0,65535,0,184,0,0,0,64,0,0,0,256,34404,6,0,0,240,34,523,14,13,84992,48640,0,82784,4096,0,5368709120,4096,512,10,0,10,0,10,0,147456,1024,193367,3,49504,524288,8192,1048576,4096,0,0,119984,740,135168,4752,131072,2472,132608,8720,143360,448,112864,84,0,0,0,0,91728,264,0,0,91992,1392,0,0,0,0
10822,icacls.exe,0,0,144,3,0,4,0,65535,0,184,0,0,0,64,0,0,0,248,332,5,0,0,224,258,267,14,13,19968,9216,0,22304,4096,24576,4194304,4096,512,10,0,10,0,10,0,40960,1024,76774,3,49472,262144,8192,1048576,4096,0,0,29160,440,32768,1984,0,0,0,0,36864,1420,6096,84,0,0,0,0,4104,164,0,0,28672,484,0,0,0,0
10823,iconsext.exe,0,0,144,3,0,4,0,65535,0,184,0,0,0,64,0,0,0,232,332,3,0,0,224,271,267,6,0,24576,8192,45056,70208,49152,73728,4194304,4096,512,4,0,0,0,4,0,81920,4096,0,2,0,1048576,4096,1048576,4096,0,0,77764,464,73728,4036,0,0,0,0,0,0,0,0,0,0,0,0,0,0,0,0,0,0,0,0,0,0
10824,icsunattend.exe,0,0,144,3,0,4,0,65535,0,184,0,0,0,64,0,0,0,232,332,5,0,0,224,258,267,14,13,8704,6656,0,10400,4096,16384,4194304,4096,512,10,0,10,0,10,0,32768,1024,33637,3,49472,262144,8192,1048576,4096,0,0,20732,260,24576,1784,0,0,0,0,28672,660,5072,84,0,0,0,0,4120,164,0,0,20480,248,0,0,0,0
10825,ie4uinit.exe,0,0,144,3,0,4,0,65535,0,184,0,0,0,64,0,0,0,232,34404,7,0,0,240,34,523,14,13,150016,80384,0,150416,4096,0,5368709120,4096,512,10,0,10,0,10,0,249856,1024,271365,2,49504,524288,8192,1048576,4096,0,0,205896,380,237568,5472,225280,6684,0,0,245760,1256,197264,84,0,0,161032,40,160768,264,0,0,161072,3200,205752,64,0,0
10826,ie4ushowIE.exe,0,0,144,3,0,4,0,65535,0,184,0,0,0,64,0,0,0,224,34404,7,0,0,240,34,523,14,13,46592,29696,0,47008,4096,0,5368709120,4096,512,10,0,10,0,6,1,98304,1024,95439,2,49504,524288,8192,1048576,4096,0,0,69304,240,90112,1000,81920,2160,0,0,94208,200,65408,84,0,0,0,0,53648,264,0,0,53912,1776,68904,96,0,0
10827,ieUnatt.exe,0,0,144,3,0,4,0,65535,0,184,0,0,0,64,0,0,0,248,332,5,0,0,224,258,267,14,13,104448,21504,0,99056,4096,110592,4194304,4096,512,10,0,10,0,10,0,139264,1024,160781,3,49472,262144,8192,1048576,4096,103968,4076,119684,180,126976,2328,0,0,0,0,131072,5264,39280,84,0,0,0,0,4952,164,0,0,118784,896,0,0,0,0
10828,iecv.exe,0,0,144,3,0,4,0,65535,0,184,0,0,0,64,0,0,0,232,332,3,0,0,224,259,267,8,0,32768,24576,106496,142096,110592,143360,4194304,4096,512,4,0,0,0,4,0,167936,4096,128479,2,0,1048576,4096,1048576,4096,0,0,165812,564,143360,22452,0,0,56320,11984,0,0,0,0,0,0,0,0,0,0,0,0,0,0,0,0,0,0
10829,iediagcmd.exe,0,0,144,3,0,4,0,65535,0,184,0,0,0,64,0,0,0,240,34404,7,0,0,240,34,523,14,13,87040,428032,0,90388,4096,0,5368709120,4096,512,10,0,10,0,6,1,540672,1024,524662,3,49504,524288,8192,1048576,4096,0,0,439360,180,450560,82408,446464,420,0,0,536576,56,100176,84,0,0,0,0,100272,264,0,0,98304,464,0,0,99196,72
10830,iehv.exe,0,0,144,3,0,4,0,65535,0,184,0,0,0,64,0,0,0,248,332,3,0,0,224,259,267,8,0,32768,8192,57344,92864,61440,94208,4194304,4096,512,4,0,0,0,4,0,102400,4096,0,2,0,1048576,4096,1048576,4096,0,0,98376,568,94208,4168,0,0,0,0,0,0,0,0,0,0,0,0,0,0,0,0,0,0,0,0,0,0
10831,ieinstal.exe,0,0,144,3,0,4,0,65535,0,184,0,0,0,64,0,0,0,232,34404,6,0,0,240,34,523,14,13,56320,445440,0,58016,4096,0,5368709120,4096,512,10,0,10,0,10,0,516096,1024,565746,2,49504,524288,8192,1048576,4096,0,0,79736,260,94208,413880,90112,2616,0,0,512000,1184,76368,84,0,0,0,0,70016,264,0,0,70280,1792,0,0,0,0
10832,ielowutil.exe,0,0,144,3,0,4,0,65535,0,184,0,0,0,64,0,0,0,224,34404,6,0,0,240,34,523,14,13,7680,217600,0,9680,4096,0,5368709120,4096,512,10,0,10,0,10,0,241664,1024,228891,2,49504,524288,8192,1048576,4096,0,0,15216,160,28672,208016,24576,540,0,0,237568,44,14096,84,0,0,0,0,12352,264,0,0,12616,696,0,0,0,0
10833,iepv.exe,0,0,144,3,0,4,0,65535,0,184,0,0,0,64,0,0,0,224,332,4,0,0,224,259,267,8,0,70656,29696,0,73492,4096,77824,4194304,4096,512,4,0,0,0,4,0,147456,1024,146893,2,0,1048576,4096,1048576,4096,0,0,83908,220,131072,14852,0,0,0,0,0,0,0,0,0,0,0,0,0,0,0,0,77824,936,0,0,0,0
10834,iexplore.exe,0,0,144,3,0,4,0,65535,0,184,0,0,0,64,0,0,0,248,34404,7,0,0,240,34,523,14,13,18944,791552,0,9440,4096,0,5368709120,4096,512,10,0,10,0,10,0,831488,1024,851829,2,49504,1048576,57344,1048576,4096,0,0,31800,200,49152,775560,40960,1692,809472,17232,827392,96,27440,84,0,0,24856,40,24592,264,0,0,24912,872,31592,96,0,0
10835,iexpress.exe,0,0,144,3,0,4,0,65535,0,184,0,0,0,64,0,0,0,224,332,5,0,0,224,258,267,14,13,51200,108544,0,52800,4096,57344,4194304,4096,512,10,0,10,0,10,0,172032,1024,210468,2,49472,262144,8192,1048576,4096,0,0,70284,200,77824,87992,0,0,0,0,167936,3904,6912,84,0,0,0,0,4136,164,0,0,69632,648,0,0,0,0
10836,ifreevpn.exe,0,0,80,2,0,4,15,65535,0,184,0,0,0,64,26,0,0,256,332,8,0,0,224,33167,267,2,25,37888,141824,0,39716,4096,45056,4194304,4096,512,1,0,6,0,4,0,208896,1024,0,2,32768,1048576,16384,1048576,4096,0,0,53248,2384,69632,137320,0,0,0,0,65536,0,0,0,0,0,61440,24,0,0,0,0,0,0,0,0,0,0
10837,ilasm.exe,0,0,144,3,0,4,0,65535,0,184,0,0,0,64,0,0,0,280,332,5,0,0,224,290,267,12,10,246272,33280,0,227872,4096,253952,4194304,4096,512,6,0,10,0,6,0,3547136,1024,334209,3,49472,4194304,8192,4194304,4096,0,0,3523224,180,3526656,1904,0,0,280576,15960,3530752,15544,82400,84,0,0,0,0,82488,64,0,0,3522560,660,0,0,0,0
10838,imecfmui.exe,0,0,144,3,0,4,0,65535,0,184,0,0,0,64,0,0,0,224,332,6,0,0,224,258,267,14,13,126464,114176,0,112336,4096,131072,4194304,4096,512,10,0,10,0,10,0,258048,1024,285030,2,49472,262144,8192,1048576,4096,0,0,140240,200,151552,94744,0,0,0,0,249856,6276,15904,84,0,0,6460,24,6296,164,0,0,139264,972,130264,96,0,0
10839,imjpuexc.exe,0,0,144,3,0,4,0,65535,0,184,0,0,0,64,0,0,0,240,332,6,0,0,224,258,267,14,13,248320,98304,0,223072,4096,253952,4194304,4096,512,10,0,10,0,10,0,364544,1024,310392,3,49472,262144,8192,1048576,4096,0,0,316684,960,331776,12528,0,0,0,0,348160,13076,35808,84,0,0,10020,24,9856,164,0,0,315392,1288,251464,192,0,0
10840,immersivetpmvscmgrsvr.exe,0,0,144,3,0,4,0,65535,0,184,0,0,0,64,0,0,0,240,34404,7,0,0,240,34,523,14,13,89088,49664,0,80320,4096,0,5368709120,4096,512,10,0,10,0,10,0,155648,1024,187738,2,49504,524288,8192,1048576,4096,0,0,123896,660,147456,2464,135168,5112,0,0,151552,244,107216,84,0,0,0,0,94768,264,0,0,95032,1656,123760,64,0,0
10841,instnm.exe,0,0,144,3,0,4,0,65535,0,184,0,0,0,64,0,0,0,240,332,5,0,0,224,258,267,14,13,3584,4608,0,6112,4096,8192,4194304,4096,512,10,0,10,0,10,0,24576,1024,19333,3,49472,262144,8192,1048576,4096,0,0,12452,80,16384,1048,0,0,0,0,20480,332,4368,84,0,0,0,0,4104,164,0,0,12288,160,0,0,0,0
10842,iotstartup.exe,0,0,144,3,0,4,0,65535,0,184,0,0,0,64,0,0,0,240,34404,6,0,0,240,34,523,14,13,97792,43520,0,92112,4096,0,5368709120,4096,512,10,0,10,0,10,0,159744,1024,182778,3,49504,524288,8192,1048576,4096,0,0,130128,460,151552,1016,143360,4668,139264,8736,155648,276,119184,84,0,0,0,0,103200,264,0,0,103464,1208,0,0,0,0
10843,ipconfig.exe,0,0,144,3,0,4,0,65535,0,184,0,0,0,64,0,0,0,248,332,5,0,0,224,258,267,14,13,18944,9728,0,20976,4096,24576,4194304,4096,512,10,0,10,0,10,0,45056,1024,73944,3,49472,262144,8192,1048576,4096,0,0,29196,520,36864,2112,0,0,0,0,40960,1040,6592,84,0,0,0,0,4696,164,0,0,28672,520,0,0,0,0
10844,ipnetinfo.exe,0,0,144,3,0,4,0,65535,0,184,0,0,0,64,0,0,0,240,332,3,0,0,224,259,267,8,0,40960,8192,61440,105328,65536,106496,4194304,4096,512,4,0,0,0,4,0,114688,4096,108988,2,0,1048576,4096,1048576,4096,0,0,110716,516,106496,4220,0,0,46592,8552,0,0,0,0,0,0,0,0,0,0,0,0,0,0,0,0,0,0
10845,irftp.exe,0,0,144,3,0,4,0,65535,0,184,0,0,0,64,0,0,0,232,34404,6,0,0,240,34,523,14,13,81408,134656,0,80992,4096,0,5368709120,4096,512,10,0,10,0,10,0,229376,1024,224953,2,49504,524288,8192,1048576,4096,0,0,112828,300,159744,63280,155648,3420,0,0,225280,1528,102032,84,0,0,0,0,92480,264,0,0,92744,2984,0,0,0,0
10846,iscsicli.exe,0,0,144,3,0,4,0,65535,0,184,0,0,0,64,0,0,0,240,332,6,0,0,224,258,267,14,13,33792,132608,0,35744,4096,40960,4194304,4096,512,10,0,10,0,10,0,188416,1024,154843,3,49472,262144,8192,1048576,4096,0,0,61956,500,73728,107720,0,0,0,0,184320,1628,9488,84,0,0,0,0,4120,164,0,0,61440,512,37508,64,0,0
10847,iscsicpl.exe,0,0,144,3,0,4,0,65535,0,184,0,0,0,64,0,0,0,240,332,5,0,0,224,258,267,14,13,4096,115712,0,6592,4096,8192,4194304,4096,512,10,0,10,0,10,0,135168,1024,177485,2,49472,262144,8192,1048576,4096,0,0,12508,140,16384,112464,0,0,0,0,131072,372,4416,84,0,0,0,0,4104,164,0,0,12288,216,0,0,0,0
10848,isoburn.exe,0,0,144,3,0,4,0,65535,0,184,0,0,0,64,0,0,0,240,332,5,0,0,224,258,267,14,13,40448,66048,0,41392,4096,45056,4194304,4096,512,10,0,10,0,10,0,118784,1024,140958,2,49472,262144,8192,1048576,4096,0,0,49812,400,57344,56088,0,0,0,0,114688,2592,7488,84,0,0,4652,24,4488,164,0,0,49152,656,0,0,0,0
10849,jPortableBrowserSwitch_1.0_English.paf.exe,0,0,144,3,0,4,0,65535,0,184,0,0,0,64,0,0,0,208,332,6,0,0,224,258,267,10,0,28672,445952,16896,14819,4096,32768,4194304,4096,512,5,0,6,0,5,0,1351680,1024,711288,2,34112,1048576,4096,1048576,4096,0,0,39780,180,1245184,102096,0,0,671648,7176,499712,2488,0,0,0,0,0,0,0,0,0,0,32768,720,0,0,0,0
10850,java.exe,0,0,144,3,0,4,0,65535,0,184,0,0,0,64,0,0,0,240,332,5,0,0,224,258,267,10,0,94208,73216,0,32122,4096,98304,4194304,4096,512,5,1,0,0,5,1,188416,1024,212160,3,33088,327680,4096,1048576,4096,0,0,124780,100,143360,32944,0,0,168448,5512,180224,4352,98784,28,0,0,0,0,123216,64,0,0,98304,420,0,0,0,0
10851,javaw.exe,0,0,144,3,0,4,0,65535,0,184,0,0,0,64,0,0,0,224,332,5,0,0,224,258,267,10,0,94208,73216,0,32896,4096,98304,4194304,4096,512,5,1,0,0,5,1,192512,1024,232100,2,33088,327680,4096,1048576,4096,0,0,124796,100,147456,32944,0,0,168448,5512,184320,4356,98784,28,0,0,0,0,123224,64,0,0,98304,420,0,0,0,0
10852,javaws.exe,0,0,144,3,0,4,0,65535,0,184,0,0,0,64,0,0,0,224,332,5,0,0,224,258,267,10,0,126464,132096,0,58775,4096,131072,4194304,4096,512,5,1,0,0,5,1,274432,1024,239680,2,33088,1048576,4096,1048576,4096,0,0,145664,120,225280,32928,0,0,208896,5512,262144,6612,131728,28,0,0,0,0,142312,64,0,0,131072,580,145340,96,0,0
10853,k4etna2us17.exe,0,0,80,2,0,4,15,65535,0,184,0,0,0,64,26,0,0,256,332,10,0,0,224,33167,267,2,25,151552,27648,0,154592,4096,159744,4194304,4096,512,5,0,6,0,5,0,233472,1024,11010675,2,33088,1048576,16384,1048576,4096,204800,113,196608,1608,217088,14336,0,0,10990072,7432,0,0,0,0,0,0,212992,24,0,0,0,0,196964,236,200704,3646,0,0
10854,kktt.exe,0,0,80,2,0,4,15,65535,0,184,0,0,0,64,26,0,0,256,332,8,0,0,224,33167,267,2,25,37376,17408,0,39512,4096,45056,4194304,4096,512,1,0,6,0,4,0,81920,1024,0,2,32768,1048576,16384,1048576,4096,0,0,53248,2384,69632,10752,0,0,0,0,0,0,0,0,0,0,61440,24,0,0,0,0,0,0,0,0,0,0
10855,klist.exe,0,0,144,3,0,4,0,65535,0,184,0,0,0,64,0,0,0,248,34404,6,0,0,240,34,523,14,13,20480,17408,0,22576,4096,0,5368709120,4096,512,10,0,10,0,10,0,53248,1024,45182,3,49504,524288,8192,1048576,4096,0,0,32372,580,45056,1336,40960,720,0,0,49152,32,30640,84,0,0,0,0,24592,264,0,0,24856,1000,0,0,0,0
10856,ksetup.exe,0,0,144,3,0,4,0,65535,0,184,0,0,0,64,0,0,0,248,34404,6,0,0,240,34,523,14,13,19968,20992,0,22128,4096,0,5368709120,4096,512,10,0,10,0,10,0,57344,1024,50070,3,49504,524288,8192,1048576,4096,0,0,32340,440,49152,1296,45056,1020,0,0,53248,212,30496,84,0,0,0,0,24592,264,0,0,24856,1088,0,0,0,0
10857,ktmutil.exe,0,0,144,3,0,4,0,65535,0,184,0,0,0,64,0,0,0,232,332,5,0,0,224,258,267,14,13,7680,7680,0,10064,4096,12288,4194304,4096,512,10,0,10,0,10,0,28672,1024,72140,3,49472,262144,8192,1048576,4096,0,0,16680,140,20480,2088,0,0,0,0,24576,696,4624,84,0,0,0,0,4104,164,0,0,16384,292,0,0,0,0
10858,label.exe,0,0,144,3,0,4,0,65535,0,184,0,0,0,64,0,0,0,232,332,5,0,0,224,258,267,14,13,7168,7680,0,9552,4096,12288,4194304,4096,512,10,0,10,0,10,0,28672,1024,15863,3,49472,262144,8192,1048576,4096,0,0,16724,120,20480,2024,0,0,0,0,24576,644,4400,84,0,0,0,0,4104,164,0,0,16384,336,0,0,0,0
10859,lantern-installer.exe,0,0,144,3,0,4,0,65535,0,184,0,0,0,64,0,0,0,216,332,5,0,0,224,271,267,6,0,24576,164864,1024,12557,4096,28672,4194304,4096,512,4,0,6,0,4,0,610304,1024,7521749,2,32768,1048576,4096,1048576,4096,0,0,29912,160,229376,377472,0,0,7460640,4896,0,0,0,0,0,0,0,0,0,0,0,0,28672,640,0,0,0,0
10860,licensingdiag.exe,0,0,144,3,0,4,0,65535,0,184,0,0,0,64,0,0,0,232,34404,7,0,0,240,34,523,14,13,147968,79360,0,149168,4096,0,5368709120,4096,512,10,0,10,0,10,0,249856,1024,275754,3,49504,524288,8192,1048576,4096,0,0,216616,700,237568,6848,229376,1872,0,0,245760,408,213488,84,0,0,0,0,157104,264,0,0,157368,1336,216420,96,0,0
10861,lodctr.exe,0,0,144,3,0,4,0,65535,0,184,0,0,0,64,0,0,0,240,332,5,0,0,224,258,267,14,13,34304,11264,0,36208,4096,40960,4194304,4096,512,10,0,10,0,10,0,57344,1024,57465,3,49472,262144,8192,1048576,4096,0,0,45460,400,49152,2040,0,0,0,0,53248,1660,13360,84,0,0,0,0,5104,164,0,0,45056,400,0,0,0,0
10862,logagent.exe,0,0,144,3,0,4,0,65535,0,184,0,0,0,64,0,0,0,240,332,5,0,0,224,258,267,14,13,75264,15360,0,73424,4096,81920,4194304,4096,512,10,0,10,0,10,0,102400,1024,127782,2,49472,262144,8192,1048576,4096,0,0,86908,180,94208,2776,0,0,0,0,98304,3860,9296,84,0,0,5132,24,4968,164,0,0,86016,888,0,0,0,0
10863,logman.exe,0,0,144,3,0,4,0,65535,0,184,0,0,0,64,0,0,0,240,332,5,0,0,224,258,267,14,13,72704,25088,0,74688,4096,77824,4194304,4096,512,10,0,10,0,10,0,110592,1024,106367,3,49472,262144,8192,1048576,4096,0,0,90828,620,98304,2056,0,0,0,0,102400,7956,21552,84,0,0,11740,24,11576,164,0,0,90112,712,0,0,0,0
10864,logoff.exe,0,0,144,3,0,4,0,65535,0,184,0,0,0,64,0,0,0,240,34404,6,0,0,240,34,523,14,13,12288,16384,0,14112,4096,0,5368709120,4096,512,10,0,10,0,10,0,45056,1024,40744,3,49504,524288,8192,1048576,4096,0,0,19676,100,36864,2048,32768,540,0,0,40960,64,18384,84,0,0,0,0,16400,264,0,0,16664,672,0,0,0,0
10865,lpkinstall.exe,0,0,144,3,0,4,0,65535,0,184,0,0,0,64,0,0,0,232,34404,6,0,0,240,34,523,14,13,19456,23552,0,17856,4096,0,5368709120,4096,512,10,0,10,0,10,0,57344,1024,47002,2,49504,524288,8192,1048576,4096,0,0,36984,340,49152,2152,45056,1512,0,0,53248,584,32976,84,0,0,0,0,27744,264,0,0,28008,712,0,0,0,0
10866,lpksetup.exe,0,0,144,3,0,4,0,65535,0,184,0,0,0,64,0,0,0,248,34404,6,0,0,240,34,523,14,13,482304,276992,0,470208,4096,0,5368709120,4096,512,10,0,10,0,10,0,765952,1024,794679,2,49504,524288,8192,1048576,4096,0,0,596168,520,647168,114120,630784,16044,0,0,761856,3824,562832,84,0,0,502184,40,501920,264,0,0,502224,2896,0,0,0,0
10867,lpremove.exe,0,0,144,3,0,4,0,65535,0,184,0,0,0,64,0,0,0,248,34404,7,0,0,240,34,523,14,13,33792,25088,0,30736,4096,0,5368709120,4096,512,10,0,10,0,10,0,81920,1024,101488,3,49504,524288,8192,1048576,4096,0,0,53016,380,73728,2112,65536,2040,0,0,77824,120,47040,84,0,0,0,0,41120,264,0,0,41384,1160,52424,192,0,0
10868,lsass.exe,0,0,144,3,0,4,0,65535,0,184,0,0,0,64,0,0,0,232,34404,7,0,0,240,34,523,14,13,19456,29696,0,17056,4096,0,5368709120,4096,512,10,0,10,0,10,0,69632,1024,60797,2,49504,524288,49152,1048576,4096,42208,176,42384,420,61440,1800,53248,1740,48640,9240,65536,512,32400,84,0,0,0,0,24688,264,0,0,29864,1040,41900,64,0,0
10869,mailpv.exe,0,0,144,3,0,4,0,65535,0,184,0,0,0,64,0,0,0,224,332,4,0,0,224,259,267,9,0,452096,57856,0,4870,4096,458752,4194304,4096,512,5,0,0,0,5,0,536576,1024,553756,2,32768,1048576,4096,1048576,4096,0,0,491412,220,524288,12060,0,0,0,0,0,0,0,0,0,0,0,0,0,0,0,0,458752,1108,0,0,0,0
10870,makecab.exe,0,0,144,3,0,4,0,65535,0,184,0,0,0,64,0,0,0,232,332,5,0,0,224,258,267,14,13,58368,14848,0,60336,4096,65536,4194304,4096,512,10,0,10,0,6,0,86016,1024,73785,3,49472,262144,8192,1048576,4096,0,0,74156,140,77824,2000,0,0,0,0,81920,3892,18320,84,0,0,0,0,5704,64,0,0,73728,424,0,0,0,0
10871,manage-bde.exe,0,0,144,3,0,4,0,65535,0,184,0,0,0,64,0,0,0,240,34404,7,0,0,240,34,523,14,13,95232,131072,0,44528,4096,0,5368709120,4096,512,10,0,10,0,6,0,249856,1024,283039,3,49504,524288,8192,1048576,4096,0,0,129896,260,151552,90368,139264,4944,0,0,245760,720,117376,84,0,0,0,0,106592,264,0,0,106880,1056,129736,64,0,0
10872,mavinject.exe,0,0,144,3,0,4,0,65535,0,184,0,0,0,64,0,0,0,256,332,5,0,0,224,258,267,14,13,118272,22528,0,113328,4096,122880,4194304,4096,512,10,0,10,0,10,0,151552,1024,210163,2,49472,262144,8192,1048576,4096,0,0,127664,180,135168,1064,0,0,140800,8720,139264,8736,84624,84,0,0,0,0,16096,164,0,0,126976,684,0,0,0,0
10873,mblctr.exe,0,0,144,3,0,4,0,65535,0,184,0,0,0,64,0,0,0,248,34404,6,0,0,240,34,523,14,13,186368,619520,0,186592,4096,0,5368709120,4096,512,10,0,10,0,10,0,823296,1024,835291,2,49504,524288,8192,1048576,4096,0,0,222136,880,249856,566976,245760,3864,0,0,819200,696,213024,84,0,0,0,0,194448,264,0,0,194712,3200,0,0,0,0
10874,mcbuilder.exe,0,0,144,3,0,4,0,65535,0,184,0,0,0,64,0,0,0,232,332,5,0,0,224,258,267,14,13,68608,13824,0,25824,4096,73728,4194304,4096,512,10,0,10,0,10,0,94208,1024,146347,3,49472,262144,8192,1048576,4096,0,0,82308,80,86016,1776,0,0,0,0,90112,3492,21808,84,0,0,0,0,8680,164,0,0,81920,384,0,0,0,0
10875,memreduct-3.3.5-setup.exe,0,0,144,3,0,4,0,65535,0,184,0,0,0,64,0,0,0,216,332,5,0,0,224,271,267,6,0,26112,141824,2048,13477,4096,32768,4194304,4096,512,4,0,6,0,4,0,409600,1024,0,2,34112,1048576,4096,1048576,4096,0,0,34044,160,364544,44400,0,0,0,0,0,0,0,0,0,0,0,0,0,0,0,0,32768,688,0,0,0,0
10876,memtest.exe,0,0,144,3,0,4,0,65535,0,184,0,0,0,64,0,0,0,232,332,7,0,0,224,258,267,14,13,834560,147968,0,6898,4096,839680,4194304,4096,512,0,0,0,0,1,0,1286144,1024,1020338,16,1024,1048576,4096,1048576,4096,918992,52,0,0,1220608,35868,0,0,983552,8504,1257472,24832,917376,84,0,0,0,0,0,0,0,0,0,0,0,0,0,0
10877,mfpmp.exe,0,0,144,3,0,4,0,65535,0,184,0,0,0,64,0,0,0,240,332,6,0,0,224,258,267,14,13,20992,12288,0,13312,4096,28672,4194304,4096,512,10,0,10,0,10,0,49152,1024,52014,2,49472,262144,8192,1048576,4096,0,0,33244,500,40960,2136,0,0,31232,9040,45056,1472,5408,84,0,0,0,0,4264,164,0,0,32768,472,24628,96,0,0
10878,mighost.exe,0,0,144,3,0,4,0,65535,0,184,0,0,0,64,0,0,0,240,34404,6,0,0,240,3106,523,14,13,21504,228352,0,21360,4096,0,5368709120,4096,512,10,0,10,0,6,0,266240,1024,274422,3,49504,524288,8192,1048576,4096,0,0,41400,180,53248,207680,49152,1056,248832,17320,262144,136,38416,84,0,0,0,0,28960,264,0,0,29224,880,0,0,0,0
10879,mip.exe,0,0,144,3,0,4,0,65535,0,184,0,0,0,64,0,0,0,240,34404,6,0,0,240,34,523,14,13,946176,602112,0,938640,4096,0,5368709120,4096,512,10,0,10,0,10,0,1560576,1024,1548243,2,49504,524288,8192,1048576,4096,1075216,92,1075308,340,1159168,392432,1130496,27960,0,0,1552384,5184,1031088,84,0,0,972376,40,972112,264,0,0,972416,4104,0,0,0,0
10880,mmc.exe,0,0,144,3,0,4,0,65535,0,184,0,0,0,64,0,0,0,232,332,6,0,0,224,258,267,14,13,1019904,435712,0,184480,4096,1024000,4194304,4096,512,10,0,10,0,10,0,1470464,1024,1488606,2,49216,262144,81200,1048576,4096,0,0,1064860,260,1085440,280120,0,0,0,0,1368064,101896,109536,84,0,0,31944,24,84088,164,0,0,1060864,3992,1014244,224,0,0
10881,mmgaserver.exe,0,0,144,3,0,4,0,65535,0,184,0,0,0,64,0,0,0,240,332,6,0,0,224,258,267,14,13,905216,211456,0,727152,4096,909312,4194304,4096,512,10,0,10,0,10,0,1134592,1024,1115856,2,49472,262144,8192,1048576,4096,0,0,950900,520,962560,98976,0,0,0,0,1064960,67596,55472,84,0,0,35564,24,35400,164,0,0,950272,624,907972,192,0,0
10882,mobsync.exe,0,0,144,3,0,4,0,65535,0,184,0,0,0,64,0,0,0,232,332,6,0,0,224,258,267,14,13,15360,77824,0,17424,4096,20480,4194304,4096,512,10,0,10,0,10,0,110592,1024,141266,2,49472,262144,20480,1048576,4096,0,0,24972,380,32768,70256,0,0,0,0,106496,1036,5856,84,0,0,0,0,4248,164,0,0,24576,392,19220,64,0,0
10883,mofcomp.exe,0,0,144,3,0,4,0,65535,0,184,0,0,0,64,0,0,0,248,332,5,0,0,224,258,267,14,13,11264,11776,0,12880,4096,16384,4194304,4096,512,10,0,10,0,10,0,36864,1024,74859,3,49472,1048576,8192,1048576,4096,0,0,24952,360,28672,2272,0,0,0,0,32768,840,5248,84,0,0,0,0,4120,164,0,0,24576,372,0,0,0,0
10884,mountvol.exe,0,0,144,3,0,4,0,65535,0,184,0,0,0,64,0,0,0,240,332,5,0,0,224,258,267,14,13,7680,7168,0,9824,4096,12288,4194304,4096,512,10,0,10,0,10,0,28672,1024,47590,3,49472,262144,8192,1048576,4096,0,0,16700,420,20480,2040,0,0,0,0,24576,572,4400,84,0,0,0,0,4104,164,0,0,16384,312,0,0,0,0
10885,mpnotify.exe,0,0,144,3,0,4,0,65535,0,184,0,0,0,64,0,0,0,240,34404,7,0,0,240,34,523,14,13,7168,12800,0,8160,4096,0,5368709120,4096,512,10,0,10,0,10,0,40960,1024,75720,2,49504,524288,8192,1048576,4096,0,0,16680,260,32768,1864,24576,432,0,0,36864,140,15216,84,0,0,0,0,13392,264,0,0,13656,672,16516,64,0,0
10886,msconfig.exe,0,0,144,3,0,4,0,65535,0,184,0,0,0,64,0,0,0,232,34404,6,0,0,240,34,523,14,13,65024,121344,0,64384,4096,0,5368709120,4096,512,10,0,10,0,10,0,200704,1024,235702,2,49504,524288,8192,1048576,4096,0,0,98540,300,118784,75640,114688,2988,0,0,196608,1392,86064,84,0,0,0,0,76208,264,0,0,76472,3152,0,0,0,0
10887,mscorsvw.exe,0,0,144,3,0,4,0,65535,0,184,0,0,0,64,0,0,0,264,332,5,0,0,224,290,267,12,10,78336,14848,0,10448,4096,106496,4194304,4096,512,6,0,10,0,6,0,106496,1024,148538,2,49472,1048576,131072,1048576,4096,0,0,90732,160,94208,1912,0,0,92160,15432,98304,5420,81904,84,0,0,0,0,10896,64,0,0,90112,616,0,0,0,0
10888,msdt.exe,0,0,144,3,0,4,0,65535,0,184,0,0,0,64,0,0,0,232,332,5,0,0,224,258,267,14,13,290304,1210880,0,286256,4096,294912,4194304,4096,512,10,0,10,0,10,0,1515520,1024,1523503,2,49472,262144,8192,1048576,4096,0,0,300896,460,319488,1168464,0,0,0,0,1490944,21068,45728,84,0,0,0,0,10592,164,0,0,299008,1884,0,0,0,0
10889,msdtc.exe,0,0,144,3,0,4,0,65535,0,184,0,0,0,64,0,0,0,248,34404,7,0,0,240,34,523,14,13,26112,131072,0,26448,4096,0,5368709120,4096,512,10,0,10,0,10,0,180224,1024,169331,2,49504,524288,16384,1048576,4096,0,0,48704,540,77824,96376,69632,1392,0,0,176128,264,45520,84,0,0,0,0,33600,264,0,0,33864,1256,48508,64,0,0
10890,msfeedssync.exe,0,0,144,3,0,4,0,65535,0,184,0,0,0,64,0,0,0,240,332,5,0,0,224,258,267,14,13,7168,6656,0,7600,4096,12288,4194304,4096,512,10,0,10,0,10,0,28672,1024,26363,2,49472,262144,8192,1048576,4096,0,0,16560,80,20480,2800,0,0,0,0,24576,444,4432,84,0,0,0,0,4104,164,0,0,16384,172,0,0,0,0
10891,msg.exe,0,0,144,3,0,4,0,65535,0,184,0,0,0,64,0,0,0,240,34404,6,0,0,240,34,523,14,13,14848,17920,0,17008,4096,0,5368709120,4096,512,10,0,10,0,10,0,49152,1024,80205,3,49504,524288,8192,1048576,4096,0,0,24004,100,40960,2008,36864,600,0,0,45056,72,22608,84,0,0,0,0,20496,264,0,0,20760,752,0,0,0,0
10892,mshta.exe,0,0,144,3,0,4,0,65535,0,184,0,0,0,64,0,0,0,248,332,5,0,0,224,258,267,14,13,4608,8704,0,6320,4096,12288,4194304,4096,512,10,0,10,0,10,0,32768,1024,78007,2,49216,1048576,4096,1048576,4096,0,0,16592,100,20480,4776,0,0,0,0,28672,400,4608,84,0,0,0,0,4112,164,0,0,16384,204,0,0,0,0
10893,msiexec.exe,0,0,144,3,0,4,0,65535,0,184,0,0,0,64,0,0,0,232,332,6,0,0,224,258,267,14,13,55808,25600,0,54624,4096,61440,4194304,4096,512,10,0,10,0,5,1,98304,1024,135133,2,49216,262144,8192,1048576,4096,0,0,74368,140,86016,7952,0,0,0,0,94208,3552,11616,84,0,0,0,0,4272,64,0,0,73728,632,59468,64,0,0
10894,msinfo32.exe,0,0,144,3,0,4,0,65535,0,184,0,0,0,64,0,0,0,240,332,5,0,0,224,258,267,14,13,155648,194560,0,135168,4096,159744,4194304,4096,512,10,0,10,0,10,0,360448,1024,392519,2,49472,262144,8192,1048576,4096,0,0,185744,360,192512,150136,0,0,0,0,344064,15860,33856,84,0,0,0,0,5032,164,0,0,184320,1420,0,0,0,0
10895,msoobe.exe,0,0,144,3,0,4,0,65535,0,184,0,0,0,64,0,0,0,248,34404,6,0,0,240,34,523,14,13,140288,82944,0,136000,4096,0,5368709120,4096,512,10,0,10,0,10,0,245760,1024,265151,2,49504,524288,8192,1048576,4096,0,0,205952,660,233472,4432,225280,5736,0,0,241664,968,193600,84,0,0,0,0,152224,264,0,0,152488,2128,0,0,0,0
10896,msra.exe,0,0,144,3,0,4,0,65535,0,184,0,0,0,64,0,0,0,240,332,5,0,0,224,258,267,14,13,3584,72704,0,6000,4096,8192,4194304,4096,512,10,0,10,0,10,0,90112,1024,88111,2,49472,262144,8192,1048576,4096,0,0,12444,80,16384,69440,0,0,0,0,86016,316,4400,84,0,0,0,0,4104,164,0,0,12288,152,0,0,0,0
10897,mstsc.exe,0,0,144,3,0,4,0,65535,0,184,0,0,0,64,0,0,0,224,332,6,0,0,224,258,267,14,13,1134592,2292224,0,1133104,4096,1138688,4194304,4096,512,10,0,10,0,6,1,3440640,1024,3433391,2,49472,262144,32768,1048576,4096,0,0,1153476,520,1171456,2178632,0,0,0,0,3350528,86968,150416,84,0,0,0,0,29520,64,0,0,1150976,2496,1138024,96,0,0
10898,mtppk12.exe,0,0,144,3,0,4,0,65535,0,184,0,0,0,64,0,0,0,208,332,3,0,0,224,271,267,7,10,39424,6706688,0,25692,4096,45056,16777216,4096,512,5,1,5,1,4,0,6762496,1024,6775126,2,33792,262144,4096,1048576,4096,0,0,40164,140,53248,6705512,0,0,6747136,9568,0,0,4656,28,0,0,0,0,0,0,0,0,4096,560,0,0,0,0
10899,mtstocom.exe,0,0,144,3,0,4,0,65535,0,184,0,0,0,64,0,0,0,240,332,6,0,0,224,258,267,14,13,98304,47616,0,97728,4096,102400,4194304,4096,512,10,0,10,0,10,0,159744,1024,125747,3,49472,262144,8192,1048576,4096,101952,115,135984,600,147456,2024,0,0,0,0,151552,5756,28864,84,0,0,0,0,4584,164,0,0,135168,812,101764,96,0,0
10900,mweather.exe,0,0,144,3,0,4,0,65535,0,184,0,0,0,64,0,0,0,240,332,3,0,0,224,259,267,8,0,188416,28672,225280,414672,229376,417792,4194304,4096,512,4,0,0,0,4,0,446464,4096,289783,2,0,1048576,4096,1048576,4096,0,0,444732,524,417792,26940,0,0,214528,11984,0,0,0,0,0,0,0,0,415108,72,0,0,0,0,0,0,0,0
10901,mzcv.exe,0,0,144,3,0,4,0,65535,0,184,0,0,0,64,0,0,0,216,34404,5,0,0,240,35,523,8,0,66048,36352,0,68608,4096,0,5368709120,4096,512,4,0,0,0,5,2,122880,1024,126658,2,32768,1048576,4096,1048576,4096,0,0,82656,200,102400,17700,98304,2748,0,0,0,0,75504,28,0,0,0,0,0,0,0,0,73728,1704,0,0,0,0
10902,nbtstat.exe,0,0,144,3,0,4,0,65535,0,184,0,0,0,64,0,0,0,232,34404,6,0,0,240,34,523,14,13,10752,98304,0,12720,4096,0,5368709120,4096,512,10,0,10,0,10,0,126976,1024,30505,3,49504,524288,8192,1048576,4096,0,0,19500,180,118784,2112,114688,492,0,0,122880,32,18240,84,0,0,0,0,16400,264,0,0,16664,624,0,0,0,0
10903,ndadmin.exe,0,0,144,3,0,4,0,65535,0,184,0,0,0,64,0,0,0,232,332,5,0,0,224,258,267,14,13,8704,56320,0,10384,4096,16384,4194304,4096,512,10,0,10,0,10,0,81920,1024,85686,2,49472,262144,8192,1048576,4096,0,0,20764,120,24576,52184,0,0,0,0,77824,672,5056,84,0,0,0,0,4104,164,0,0,20480,280,0,0,0,0
10904,net.exe,0,0,144,3,0,4,0,65535,0,184,0,0,0,64,0,0,0,248,332,6,0,0,224,258,267,14,13,33792,54272,0,13072,4096,40960,4194304,4096,512,10,0,10,0,10,0,106496,1024,62144,3,49472,524288,65536,1048576,4096,0,0,86608,620,98304,1704,0,0,0,0,102400,2676,5408,84,0,0,0,0,4128,164,0,0,86016,588,37492,96,0,0
10905,net1.exe,0,0,144,3,0,4,0,65535,0,184,0,0,0,64,0,0,0,248,332,6,0,0,224,258,267,14,13,111104,72704,0,28112,4096,118784,4194304,4096,512,10,0,10,0,10,0,204800,1024,148774,3,49472,524288,65536,1048576,4096,0,0,177128,760,188416,1720,0,0,0,0,192512,8332,5584,84,0,0,0,0,4112,164,0,0,176128,996,113704,256,0,0
10906,netbtugc.exe,0,0,144,3,0,4,0,65535,0,184,0,0,0,64,0,0,0,232,332,5,0,0,224,258,267,14,13,14336,7680,0,16464,4096,20480,4194304,4096,512,10,0,10,0,10,0,36864,1024,60472,3,49472,262144,8192,1048576,4096,0,0,24888,120,28672,2080,0,0,0,0,32768,916,7232,84,0,0,0,0,4104,164,0,0,24576,308,0,0,0,0
10907,netcfg.exe,0,0,144,3,0,4,0,65535,0,184,0,0,0,64,0,0,0,232,34404,7,0,0,240,34,523,14,13,19968,25088,0,21264,4096,0,5368709120,4096,512,10,0,10,0,10,0,65536,1024,49399,3,49504,524288,8192,1048576,4096,0,0,32104,120,57344,2064,49152,1020,0,0,61440,112,27648,84,0,0,0,0,24672,264,0,0,25040,736,31948,64,0,0
10908,netiougc.exe,0,0,144,3,0,4,0,65535,0,184,0,0,0,64,0,0,0,240,332,5,0,0,224,258,267,14,13,15872,9216,0,18208,4096,20480,4194304,4096,512,10,0,10,0,10,0,36864,1024,62850,3,49472,262144,8192,1048576,4096,0,0,25008,400,28672,2080,0,0,0,0,32768,1120,7232,84,0,0,0,0,4152,164,0,0,24576,428,0,0,0,0
10909,netpass.exe,0,0,144,3,0,4,0,65535,0,184,0,0,0,64,0,0,0,224,34404,5,0,0,240,35,523,8,0,91648,47104,0,4416,4096,0,5368709120,4096,512,4,0,0,0,5,2,200704,1024,183469,2,32768,1048576,4096,1048576,4096,0,0,111912,200,180224,17924,172032,5832,0,0,0,0,0,0,0,0,0,0,0,0,0,0,98304,1744,0,0,0,0
10910,netsh.exe,0,0,144,3,0,4,0,65535,0,184,0,0,0,64,0,0,0,256,332,6,0,0,224,258,267,14,13,37376,67584,0,38752,4096,45056,25165824,4096,512,10,0,10,0,10,0,122880,1024,89245,3,49472,1048576,524288,1048576,4096,40816,645,102944,520,114688,2024,0,0,0,0,118784,2884,7360,84,0,0,0,0,4104,164,0,0,102400,540,40524,128,0,0
10911,newdev.exe,0,0,144,3,0,4,0,65535,0,184,0,0,0,64,0,0,0,232,332,5,0,0,224,258,267,14,13,9216,57856,0,10752,4096,16384,4194304,4096,512,10,0,10,0,10,0,81920,1024,92091,2,49472,262144,8192,1048576,4096,0,0,20844,360,24576,52376,0,0,0,0,77824,712,5088,84,0,0,0,0,4104,164,0,0,20480,360,0,0,0,0
10912,ngen.exe,0,0,144,3,0,4,0,65535,0,184,0,0,0,64,0,0,0,272,332,5,0,0,224,290,267,12,10,111104,15360,0,27104,4096,139264,4194304,4096,512,6,0,10,0,6,0,139264,1024,197491,3,49472,1048576,8192,1048576,4096,0,0,123468,140,126976,1924,0,0,125952,15952,131072,6524,114688,84,0,0,0,0,4376,64,0,0,122880,584,0,0,0,0
10913,nircmd.exe,0,0,144,3,0,4,0,65535,0,184,0,0,0,64,0,0,0,256,34404,5,0,0,240,35,523,8,0,86528,31744,0,89136,4096,0,5368709120,4096,512,4,0,0,0,5,2,131072,1024,182501,2,32768,1048576,4096,1048576,4096,0,0,112496,180,126976,2876,122880,2580,0,0,0,0,96160,28,0,0,0,0,0,0,0,0,94208,1880,0,0,0,0
10914,nircmdc.exe,0,0,144,3,0,4,0,65535,0,184,0,0,0,64,0,0,0,256,34404,5,0,0,240,35,523,8,0,84992,31232,0,88256,4096,0,5368709120,4096,512,4,0,0,0,5,2,126976,1024,134455,3,32768,1048576,4096,1048576,4096,0,0,108104,180,122880,2884,118784,2568,0,0,0,0,92016,28,0,0,0,0,0,0,0,0,90112,1832,0,0,0,0
10915,nltest.exe,0,0,144,3,0,4,0,65535,0,184,0,0,0,64,0,0,0,248,34404,6,0,0,240,34,523,14,13,36352,527872,0,37936,4096,0,5368709120,4096,512,10,0,10,0,6,0,581632,1024,582447,3,49504,524288,8192,1048576,4096,0,0,352716,220,557056,2096,552960,804,0,0,561152,18924,351024,84,0,0,0,0,40976,264,0,0,41240,1312,0,0,0,0
10916,notepad.exe,0,0,144,3,0,4,0,65535,0,184,0,0,0,64,0,0,0,248,34404,6,0,0,240,34,523,14,13,109568,152576,0,109648,4096,0,5368709120,4096,512,10,0,10,0,10,0,274432,1024,315743,2,49504,524288,69632,1048576,4096,0,0,137176,580,163840,105696,159744,2448,0,0,270336,560,132368,84,0,0,116360,40,116096,264,0,0,116400,2448,0,0,0,0
10917,nslookup.exe,0,0,144,3,0,4,0,65535,0,184,0,0,0,64,0,0,0,240,332,7,0,0,224,258,267,14,13,50176,30720,0,50976,4096,57344,4194304,4096,512,10,0,10,0,10,0,94208,1024,93968,3,49472,262144,8192,1048576,4096,0,0,78328,400,86016,3336,0,0,0,0,90112,3648,16160,84,0,0,0,0,4240,164,0,0,77824,500,52756,64,0,0
10918,ntprint.exe,0,0,144,3,0,4,0,65535,0,184,0,0,0,64,0,0,0,240,332,5,0,0,224,258,267,14,13,4608,56832,0,7184,4096,12288,4194304,4096,512,10,0,10,0,10,0,81920,1024,113308,2,49472,262144,8192,1048576,4096,0,0,16568,100,20480,53640,0,0,0,0,77824,372,4992,84,0,0,0,0,4144,164,0,0,16384,180,0,0,0,0
10919,odbcad32.exe,0,0,144,3,0,4,0,65535,0,184,0,0,0,64,0,0,0,232,332,5,0,0,224,258,267,14,13,5632,66048,0,7312,4096,12288,4194304,4096,512,10,0,10,0,10,0,90112,1024,104115,2,49472,262144,8192,1048576,4096,0,0,16624,80,20480,62392,0,0,0,0,86016,424,5408,84,0,0,0,0,4104,164,0,0,16384,236,0,0,0,0
10920,odbcconf.exe,0,0,144,3,0,4,0,65535,0,184,0,0,0,64,0,0,0,240,332,5,0,0,224,258,267,14,13,14848,6656,0,16352,4096,20480,4194304,4096,512,10,0,10,0,10,0,36864,1024,69528,2,49472,262144,8192,1048576,4096,0,0,24844,100,28672,2080,0,0,0,0,32768,1016,6656,84,0,0,0,0,4104,164,0,0,24576,264,0,0,0,0
10921,ofdeploy.exe,0,0,144,3,0,4,0,65535,0,184,0,0,0,64,0,0,0,240,34404,7,0,0,240,34,523,14,13,48128,39424,0,43280,4096,0,5368709120,4096,512,10,0,10,0,10,0,110592,1024,136210,3,49504,524288,8192,1048576,4096,0,0,76824,640,102400,984,94208,2772,0,0,106496,404,62128,84,0,0,0,0,54176,264,0,0,54440,1136,76544,96,0,0
10922,old_smb.exe,0,0,80,2,0,4,15,65535,0,184,0,0,0,64,26,0,0,256,332,10,0,0,224,33166,267,2,25,1259520,312320,0,4096,4096,1265664,4194304,4096,512,4,0,0,0,4,0,2150400,1024,0,2,0,1048576,16384,1048576,4096,0,0,2038336,1256,1826816,206336,0,0,0,0,2038220,8,0,0,0,0,2038228,24,0,0,0,0,0,0,0,0,0,0
10923,omadmclient.exe,0,0,144,3,0,4,0,65535,0,184,0,0,0,64,0,0,0,248,34404,7,0,0,240,34,523,14,13,227840,93184,0,220640,4096,0,5368709120,4096,512,10,0,10,0,10,0,344064,1024,358556,2,49504,524288,8192,1048576,4096,0,0,298960,960,335872,1048,319488,8640,0,0,339968,916,272240,84,0,0,238136,40,237872,264,0,0,238176,2896,297960,128,0,0
10924,omadmprc.exe,0,0,144,3,0,4,0,65535,0,184,0,0,0,64,0,0,0,232,34404,6,0,0,240,34,523,14,13,29696,34816,0,27120,4096,0,5368709120,4096,512,10,0,10,0,10,0,81920,1024,95547,2,49504,524288,8192,1048576,4096,0,0,57004,500,73728,3504,69632,1644,0,0,77824,484,50928,84,0,0,39912,40,39648,264,0,0,39952,1264,0,0,0,0
10925,oobeldr.exe,0,0,144,3,0,4,0,65535,0,184,0,0,0,64,0,0,0,232,34404,6,0,0,240,34,523,14,13,38400,33792,0,39600,4096,0,5368709120,4096,512,10,0,10,0,10,0,90112,1024,113028,2,49504,524288,8192,1048576,4096,0,0,64280,580,77824,4416,73728,1356,0,0,86016,100,61792,84,0,0,45480,40,45216,264,0,0,45520,1264,0,0,0,0
10926,openfiles.exe,0,0,144,3,0,4,0,65535,0,184,0,0,0,64,0,0,0,232,332,5,0,0,224,258,267,14,13,49152,14336,0,49456,4096,53248,4194304,4096,512,10,0,10,0,10,0,77824,1024,121592,3,49472,262144,8192,1048576,4096,0,0,62080,280,69632,2096,0,0,0,0,73728,2496,5776,84,0,0,0,0,4152,164,0,0,61440,636,0,0,0,0
10927,pacjsworker.exe,0,0,144,3,0,4,0,65535,0,184,0,0,0,64,0,0,0,256,34404,6,0,0,240,34,523,14,13,4096,8704,0,4912,4096,0,5368709120,4096,512,10,0,10,0,10,0,28672,1024,59079,2,49504,524288,8192,1048576,4096,0,0,10108,280,20480,1072,16384,360,0,0,24576,36,9056,84,0,0,0,0,8208,264,0,0,8472,424,0,0,0,0
10928,pcalua.exe,0,0,144,3,0,4,0,65535,0,184,0,0,0,64,0,0,0,224,34404,6,0,0,240,34,523,14,13,33280,17920,0,35088,4096,0,5368709120,4096,512,10,0,10,0,10,0,69632,1024,54572,2,49504,524288,8192,1048576,4096,0,0,49580,160,61440,2048,57344,1044,0,0,65536,116,47024,84,0,0,0,0,41168,264,0,0,41432,856,0,0,0,0
10929,pcaui.exe,0,0,144,3,0,4,0,65535,0,184,0,0,0,64,0,0,0,248,332,6,0,0,224,258,267,14,13,112128,18944,0,106560,4096,118784,4194304,4096,512,10,0,10,0,10,0,147456,1024,146323,2,49472,262144,8192,1048576,4096,0,0,123776,440,135168,2352,0,0,0,0,139264,4956,25248,84,0,0,4580,24,4416,164,0,0,122880,892,115432,128,0,0
10930,pcwrun.exe,0,0,144,3,0,4,0,65535,0,184,0,0,0,64,0,0,0,240,34404,6,0,0,240,34,523,14,13,5632,10240,0,7872,4096,0,5368709120,4096,512,10,0,10,0,10,0,36864,1024,34188,2,49504,524288,8192,1048576,4096,0,0,14776,160,28672,2632,24576,324,0,0,32768,32,13760,84,0,0,0,0,12304,264,0,0,12568,560,0,0,0,0
10931,perfhost.exe,0,0,144,3,0,4,0,65535,0,184,0,0,0,64,0,0,0,240,332,5,0,0,224,258,267,14,13,9728,11264,0,11984,4096,16384,4194304,4096,512,10,0,10,0,10,0,36864,1024,48541,3,49472,262144,8192,1048576,4096,0,0,20836,320,24576,5840,0,0,0,0,32768,756,5504,84,0,0,0,0,4336,164,0,0,20480,352,0,0,0,0
10932,perfmon.exe,0,0,144,3,0,4,0,65535,0,184,0,0,0,64,0,0,0,232,332,5,0,0,224,258,267,14,13,48640,114176,0,50400,4096,53248,4194304,4096,512,10,0,10,0,10,0,176128,1024,210857,2,49472,262144,8192,1048576,4096,0,0,58088,280,65536,102368,0,0,0,0,167936,4464,20848,84,0,0,0,0,11560,164,0,0,57344,740,0,0,0,0
10933,phoneactivate.exe,0,0,144,3,0,4,0,65535,0,184,0,0,0,64,0,0,0,232,34404,7,0,0,240,34,523,14,13,56320,44032,512,57472,4096,0,5368709120,4096,512,10,0,10,0,10,0,118784,1024,119231,2,49632,524288,8192,1048576,4096,0,0,77968,520,94208,18976,90112,2532,99328,9824,114688,452,74336,84,0,0,67304,40,67040,264,0,0,67344,1488,0,0,0,0
10934,phpeditor_setup.exe,0,0,144,3,0,4,0,65535,0,184,0,0,0,64,0,0,0,232,332,4,0,0,224,271,267,6,0,24064,155136,0,16454,4096,28672,4194304,4096,512,4,0,0,0,4,0,188416,1024,0,2,0,1048576,4096,1048576,4096,0,0,29652,180,184320,4096,0,0,0,0,0,0,0,0,0,0,0,0,0,0,0,0,28672,660,0,0,0,0
10935,pipanel.exe,0,0,144,3,0,4,0,65535,0,184,0,0,0,64,0,0,0,224,332,5,0,0,224,258,267,14,13,3072,3584,0,5760,4096,8192,4194304,4096,512,10,0,10,0,10,0,24576,1024,64964,2,49472,262144,8192,1048576,4096,0,0,12408,60,16384,1024,0,0,0,0,20480,296,4336,84,0,0,0,0,4104,164,0,0,12288,116,0,0,0,0
10936,plasrv.exe,0,0,144,3,0,4,0,65535,0,184,0,0,0,64,0,0,0,224,34404,6,0,0,240,34,523,14,13,3072,7680,0,5440,4096,0,5368709120,4096,512,10,0,10,0,10,0,28672,1024,44263,2,49504,524288,8192,1048576,4096,0,0,9780,60,20480,1792,16384,240,0,0,24576,32,8928,84,0,0,0,0,8208,264,0,0,8472,296,0,0,0,0
10937,pnputil.exe,0,0,144,3,0,4,0,65535,0,184,0,0,0,64,0,0,0,240,34404,7,0,0,240,34,523,14,13,188928,81920,0,188656,4096,0,5368709120,4096,512,10,0,10,0,10,0,294912,1024,330677,3,49504,524288,8192,1048576,4096,0,0,253384,840,286720,2144,274432,5304,0,0,290816,1124,244016,84,0,0,0,0,196800,264,0,0,205104,2416,252852,192,0,0
10938,poqexec.exe,0,0,144,3,0,4,0,65535,0,184,0,0,0,64,0,0,0,216,332,5,0,0,224,290,267,14,13,107520,12800,0,48240,4096,114688,4194304,4096,512,10,0,10,0,10,0,135168,1024,132118,1,17728,262144,8192,1048576,4096,0,0,123224,40,126976,1992,0,0,0,0,131072,3404,21552,84,0,0,0,0,5352,164,0,0,122880,340,0,0,0,0
10939,powercfg.exe,0,0,144,3,0,4,0,65535,0,184,0,0,0,64,0,0,0,248,332,6,0,0,224,258,267,14,13,60928,23040,0,62240,4096,65536,4194304,4096,512,10,0,10,0,10,0,98304,1024,141077,3,49472,262144,8192,1048576,4096,0,0,74564,700,86016,2080,0,0,0,0,90112,4384,19680,84,0,0,0,0,4112,164,0,0,73728,832,64624,96,0,0
10940,powershell.exe,0,0,144,3,0,4,0,65535,0,184,0,0,0,64,0,0,0,240,332,5,0,0,224,258,267,14,13,60928,370688,0,39376,4096,65536,4194304,4096,512,10,0,10,0,10,0,442368,1024,467716,3,49472,262144,8192,1048576,4096,0,0,70152,180,73728,359816,0,0,0,0,434176,4440,13328,84,0,0,4476,24,4312,164,0,0,69632,516,0,0,0,0
10941,prevhost.exe,0,0,144,3,0,4,0,65535,0,184,0,0,0,64,0,0,0,240,332,5,0,0,224,258,267,14,13,14848,8704,0,16192,4096,20480,4194304,4096,512,10,0,10,0,10,0,36864,1024,69387,2,49472,262144,8192,1048576,4096,0,0,24980,280,28672,2280,0,0,0,0,32768,1036,5312,84,0,0,0,0,4256,164,0,0,24576,400,0,0,0,0
10942,print.exe,0,0,144,3,0,4,0,65535,0,184,0,0,0,64,0,0,0,232,332,5,0,0,224,258,267,14,13,6656,7680,0,8944,4096,12288,4194304,4096,512,10,0,10,0,10,0,28672,1024,29451,3,49472,262144,8192,1048576,4096,0,0,16760,120,20480,2000,0,0,0,0,24576,704,4576,84,0,0,0,0,4152,164,0,0,16384,372,0,0,0,0
10943,printfilterpipelinesvc.exe,0,0,144,3,0,4,0,65535,0,184,0,0,0,64,0,0,0,240,34404,6,0,0,240,34,523,14,13,561664,267264,0,504656,4096,0,5368709120,4096,512,10,0,10,0,10,0,839680,1024,838795,2,49504,524288,8192,1048576,4096,0,0,786656,260,831488,3928,802816,28644,0,0,835584,3944,661936,84,0,0,584856,40,584592,264,0,0,584896,2120,0,0,0,0
10944,printui.exe,0,0,144,3,0,4,0,65535,0,184,0,0,0,64,0,0,0,240,332,5,0,0,224,258,267,14,13,4096,57344,0,6784,4096,8192,4194304,4096,512,10,0,10,0,10,0,77824,1024,120940,2,49472,262144,8192,1048576,4096,0,0,12500,120,16384,53992,0,0,0,0,73728,376,4560,84,0,0,0,0,4104,164,0,0,12288,208,0,0,0,0
10945,proquota.exe,0,0,144,3,0,4,0,65535,0,184,0,0,0,64,0,0,0,248,332,5,0,0,224,258,267,14,13,16896,13824,0,18880,4096,24576,4194304,4096,512,10,0,10,0,10,0,45056,1024,71152,2,49472,262144,16384,1048576,4096,0,0,29184,300,32768,5760,0,0,0,0,40960,1696,5152,84,0,0,0,0,4104,164,0,0,28672,508,0,0,0,0
10946,provlaunch.exe,0,0,144,3,0,4,0,65535,0,184,0,0,0,64,0,0,0,240,332,5,0,0,224,258,267,14,13,35840,8704,0,33056,4096,40960,4194304,4096,512,10,0,10,0,10,0,57344,1024,90424,3,49472,262144,8192,1048576,4096,0,0,45484,340,49152,1360,0,0,0,0,53248,1960,6256,84,0,0,0,0,4296,164,0,0,45056,424,0,0,0,0
10947,provtool.exe,0,0,144,3,0,4,0,65535,0,184,0,0,0,64,0,0,0,232,34404,7,0,0,240,34,523,14,13,51200,33280,0,48896,4096,0,5368709120,4096,512,10,0,10,0,10,0,102400,1024,105943,2,49504,524288,8192,1048576,4096,0,0,75920,680,94208,2480,86016,3072,0,0,98304,296,65680,84,0,0,58536,40,58272,264,0,0,58576,1272,75608,128,0,0
10948,prproc.exe,0,0,144,3,0,4,0,65535,0,184,0,0,0,64,0,0,0,248,34404,6,0,0,240,34,523,14,13,4096,8704,0,4880,4096,0,5368709120,4096,512,10,0,10,0,10,0,28672,1024,35701,2,49504,524288,8192,1048576,4096,0,0,10100,260,20480,1056,16384,372,12288,9056,24576,36,9040,84,0,0,0,0,8208,264,0,0,8472,400,0,0,0,0
10949,psiphon3.exe,0,0,144,3,0,4,0,65535,0,184,0,0,0,64,0,0,0,296,332,3,0,0,224,258,267,14,0,7036928,90112,14925824,21960512,14929920,21966848,4194304,4096,512,6,0,0,0,6,0,22056960,4096,7149792,2,33088,1048576,4096,1048576,4096,0,0,22055524,956,21966848,88676,0,0,7127552,6512,22056480,32,0,0,0,0,21960996,24,21966044,92,0,0,0,0,0,0,0,0
10950,psr.exe,0,0,144,3,0,4,0,65535,0,184,0,0,0,64,0,0,0,240,332,6,0,0,224,258,267,14,13,167424,422912,0,163776,4096,172032,4194304,4096,512,10,0,10,0,10,0,606208,1024,596677,2,49472,262144,8192,1048576,4096,0,0,202260,300,217088,375288,0,0,0,0,593920,10828,18288,84,0,0,0,0,4112,164,0,0,200704,1552,171048,64,0,0
10951,pwcreator.exe,0,0,144,3,0,4,0,65535,0,184,0,0,0,64,0,0,0,232,34404,6,0,0,240,34,523,14,13,387072,432640,0,361808,4096,0,5368709120,4096,512,10,0,10,0,10,0,835584,1024,852328,2,49504,524288,8192,1048576,4096,0,0,556856,380,606208,221664,585728,16788,0,0,831488,3864,485472,84,0,0,0,0,409664,264,0,0,409928,3152,0,0,0,0
10952,pwlauncher.exe,0,0,144,3,0,4,0,65535,0,184,0,0,0,64,0,0,0,224,34404,6,0,0,240,34,523,14,13,18944,17408,0,18736,4096,0,5368709120,4096,512,10,0,10,0,10,0,53248,1024,88178,3,49504,524288,8192,1048576,4096,0,0,31392,160,45056,2144,40960,1368,0,0,49152,108,27568,84,0,0,24984,40,24720,264,0,0,25024,880,0,0,0,0
10953,python_icon.exe,0,0,144,3,0,4,0,65535,0,184,0,0,0,64,0,0,0,216,332,4,0,0,224,259,267,9,0,25600,74240,0,4528,4096,32768,4194304,4096,512,5,0,0,0,5,0,110592,1024,0,2,32768,1048576,4096,1048576,4096,0,0,38244,40,49152,60544,0,0,0,0,0,0,0,0,0,0,0,0,37480,64,0,0,32768,232,0,0,0,0
10954,qappsrv.exe,0,0,144,3,0,4,0,65535,0,184,0,0,0,64,0,0,0,232,34404,6,0,0,240,34,523,14,13,12800,16896,0,14656,4096,0,5368709120,4096,512,10,0,10,0,10,0,49152,1024,34360,3,49504,524288,8192,1048576,4096,0,0,24060,100,40960,2112,36864,564,0,0,45056,60,22704,84,0,0,0,0,20496,264,0,0,20760,704,0,0,0,0
10955,qprocess.exe,0,0,144,3,0,4,0,65535,0,184,0,0,0,64,0,0,0,224,34404,6,0,0,240,34,523,14,13,15872,17920,0,17568,4096,0,5368709120,4096,512,10,0,10,0,10,0,49152,1024,78763,3,49504,524288,8192,1048576,4096,0,0,24356,160,40960,2048,36864,660,0,0,45056,56,22848,84,0,0,0,0,20496,264,0,0,20760,864,0,0,0,0
10956,query.exe,0,0,144,3,0,4,0,65535,0,184,0,0,0,64,0,0,0,224,34404,6,0,0,240,34,523,14,13,7168,14336,0,9456,4096,0,5368709120,4096,512,10,0,10,0,10,0,40960,1024,63371,3,49504,524288,8192,1048576,4096,0,0,15268,100,32768,2040,28672,360,0,0,36864,32,14208,84,0,0,0,0,12304,264,0,0,12568,552,0,0,0,0
10957,quickassist.exe,0,0,144,3,0,4,0,65535,0,184,0,0,0,64,0,0,0,240,332,5,0,0,224,258,267,14,13,419328,88064,0,393088,4096,425984,4194304,4096,512,10,0,10,0,10,0,520192,1024,536224,2,49472,262144,8192,1048576,4096,0,0,431368,1280,442368,46888,0,0,0,0,491520,27324,97328,84,0,0,22300,24,22136,164,0,0,430080,1284,0,0,0,0
10958,quser.exe,0,0,144,3,0,4,0,65535,0,184,0,0,0,64,0,0,0,224,34404,6,0,0,240,34,523,14,13,13824,16896,0,15536,4096,0,5368709120,4096,512,10,0,10,0,10,0,49152,1024,77454,3,49504,524288,8192,1048576,4096,0,0,24156,120,40960,2032,36864,576,0,0,45056,52,22768,84,0,0,0,0,20496,264,0,0,20760,776,0,0,0,0
10959,qwinsta.exe,0,0,144,3,0,4,0,65535,0,184,0,0,0,64,0,0,0,224,34404,6,0,0,240,34,523,14,13,16896,31744,0,19024,4096,0,5368709120,4096,512,10,0,10,0,10,0,69632,1024,69880,3,49504,524288,8192,1048576,4096,0,0,28724,120,61440,2040,57344,624,0,0,65536,84,27264,84,0,0,0,0,24592,264,0,0,24856,768,0,0,0,0
10960,rasautou.exe,0,0,144,3,0,4,0,65535,0,184,0,0,0,64,0,0,0,232,332,6,0,0,224,258,267,14,13,7680,7168,0,9984,4096,12288,4194304,4096,512,10,0,10,0,10,0,32768,1024,44616,3,49472,262144,8192,1048576,4096,0,0,16664,160,24576,2408,0,0,0,0,28672,612,5360,84,0,0,0,0,4104,164,0,0,16384,276,11428,64,0,0
10961,rasdial.exe,0,0,144,3,0,4,0,65535,0,184,0,0,0,64,0,0,0,224,332,5,0,0,224,258,267,14,13,12288,10240,0,14432,4096,16384,4194304,4096,512,10,0,10,0,10,0,36864,1024,61028,3,49472,262144,8192,1048576,4096,0,0,24868,120,28672,2088,0,0,0,0,32768,960,4464,84,0,0,0,0,4104,164,0,0,24576,288,0,0,0,0
10962,raserver.exe,0,0,144,3,0,4,0,65535,0,184,0,0,0,64,0,0,0,232,332,6,0,0,224,258,267,14,13,77824,28672,0,73360,4096,81920,4194304,4096,512,10,0,10,0,10,0,122880,1024,168848,2,49472,262144,8192,1048576,4096,0,0,86820,260,98304,14024,0,0,0,0,114688,6132,17968,84,0,0,0,0,6672,164,0,0,86016,800,81788,64,0,0
10963,rasphone.exe,0,0,144,3,0,4,0,65535,0,184,0,0,0,64,0,0,0,224,332,5,0,0,224,258,267,14,13,23040,8704,0,24736,4096,28672,4194304,4096,512,10,0,10,0,10,0,45056,1024,40855,2,49472,262144,8192,1048576,4096,0,0,33092,160,36864,2424,0,0,0,0,40960,1808,8784,84,0,0,0,0,4104,164,0,0,32768,320,0,0,0,0
10964,rcvPortable_1.53.2074_online.paf.exe,0,0,144,3,0,4,0,65535,0,184,0,0,0,64,0,0,0,216,332,5,0,0,224,271,267,6,0,26624,428544,16384,13888,4096,32768,4194304,4096,512,4,0,6,0,4,0,2244608,1024,1163990,2,34112,1048576,4096,1048576,4096,0,0,34052,160,2117632,124536,0,0,1118616,10520,0,0,0,0,0,0,0,0,0,0,0,0,32768,688,0,0,0,0
10965,rdpclip.exe,0,0,144,3,0,4,0,65535,0,184,0,0,0,64,0,0,0,240,34404,6,0,0,240,34,523,14,13,334848,113152,0,334672,4096,0,5368709120,4096,512,10,0,10,0,10,0,458752,1024,462247,2,49504,524288,8192,1048576,4096,0,0,402312,380,450560,3880,438272,10992,0,0,454656,2528,391472,84,0,0,351112,40,350848,264,0,0,351152,2720,0,0,0,0
10966,rdpinit.exe,0,0,144,3,0,4,0,65535,0,184,0,0,0,64,0,0,0,240,34404,7,0,0,240,34,523,14,13,278016,94208,512,214176,4096,0,5368709120,4096,512,10,0,10,0,6,3,389120,1024,417561,2,49632,524288,8192,1048576,4096,0,0,342240,320,380928,2072,368640,9516,0,0,385024,2084,332928,84,0,0,0,0,294912,264,0,0,295176,2160,0,0,0,0
10967,rdpinput.exe,0,0,144,3,0,4,0,65535,0,184,0,0,0,64,0,0,0,240,34404,6,0,0,240,34,523,14,13,142336,40448,0,143312,4096,0,5368709120,4096,512,10,0,10,0,10,0,196608,1024,241474,2,49504,524288,8192,1048576,4096,0,0,171664,160,188416,2136,180224,5232,0,0,192512,1192,167856,84,0,0,0,0,152016,264,0,0,152280,1184,0,0,0,0
10968,rdpshell.exe,0,0,144,3,0,4,0,65535,0,184,0,0,0,64,0,0,0,248,34404,7,0,0,240,34,523,14,13,365568,99328,0,308752,4096,0,5368709120,4096,512,10,0,10,0,6,3,483328,1024,488715,2,49504,524288,8192,1048576,4096,0,0,431672,300,475136,2392,458752,11544,0,0,479232,2408,420304,84,0,0,0,0,382544,264,0,0,382808,2472,431576,64,0,0
10969,rdpsign.exe,0,0,144,3,0,4,0,65535,0,184,0,0,0,64,0,0,0,240,34404,6,0,0,240,34,523,14,13,63488,27136,0,65168,4096,0,5368709120,4096,512,10,0,10,0,10,0,110592,1024,151576,3,49504,524288,8192,1048576,4096,0,0,83576,160,102400,1360,98304,2196,0,0,106496,604,80800,84,0,0,0,0,72240,264,0,0,72504,1008,0,0,0,0
10970,rdpv.exe,0,0,144,3,0,4,0,65535,0,184,0,0,0,64,0,0,0,248,332,3,0,0,224,259,267,8,0,24576,8192,40960,68992,45056,69632,4194304,4096,512,4,0,0,0,4,0,77824,4096,0,2,0,1048576,4096,1048576,4096,0,0,73832,512,69632,4200,0,0,0,0,0,0,0,0,0,0,0,0,0,0,0,0,0,0,0,0,0,0
10971,rdrleakdiag.exe,0,0,144,3,0,4,0,65535,0,184,0,0,0,64,0,0,0,240,332,6,0,0,224,258,267,14,13,26624,17408,0,26976,4096,32768,4194304,4096,512,10,0,10,0,10,0,61440,1024,101175,2,49472,262144,8192,1048576,4096,0,0,37532,760,49152,4512,0,0,0,0,57344,2204,5760,84,0,0,0,0,4136,164,0,0,36864,664,29996,64,0,0
10972,recdisc.exe,0,0,144,3,0,4,0,65535,0,184,0,0,0,64,0,0,0,240,34404,6,0,0,240,34,523,14,13,72704,122368,0,73600,4096,0,5368709120,4096,512,10,0,10,0,10,0,212992,1024,248905,2,49504,524288,8192,1048576,4096,0,0,97268,720,139264,67376,135168,2700,0,0,208896,496,93488,84,0,0,80264,40,80000,264,0,0,80304,1712,0,0,0,0
10973,recover.exe,0,0,144,3,0,4,0,65535,0,184,0,0,0,64,0,0,0,248,332,5,0,0,224,258,267,14,13,5120,6656,0,7424,4096,12288,4194304,4096,512,10,0,10,0,10,0,28672,1024,19342,3,49472,262144,8192,1048576,4096,0,0,16668,100,20480,2032,0,0,0,0,24576,508,4400,84,0,0,0,0,4104,164,0,0,16384,280,0,0,0,0
10974,refsutil.exe,0,0,144,3,0,4,0,65535,0,184,0,0,0,64,0,0,0,232,34404,7,0,0,240,34,523,14,13,842752,304128,0,833152,4096,0,5368709120,4096,512,10,0,10,0,10,0,1163264,1024,1010183,3,49504,524288,8192,1048576,4096,0,0,972532,760,1155072,2048,1126400,23340,0,0,1159168,2880,925280,84,0,0,859560,40,859296,264,0,0,859600,2296,0,0,0,0
10975,reg.exe,0,0,144,3,0,4,0,65535,0,184,0,0,0,64,0,0,0,232,332,5,0,0,224,258,267,14,13,48640,273408,0,50416,4096,53248,4194304,4096,512,10,0,10,0,10,0,335872,1024,60835,3,49472,262144,8192,1048576,4096,0,0,320052,560,327680,2024,0,0,0,0,331776,2232,7088,84,0,0,0,0,4256,164,0,0,319488,560,0,0,0,0
10976,regedit.exe,0,0,144,3,0,4,0,65535,0,184,0,0,0,64,0,0,0,248,332,6,0,0,224,258,267,14,13,116224,482816,0,116752,4096,122880,4194304,4096,512,10,0,10,0,10,0,618496,1024,350422,2,49472,262144,16384,1048576,4096,0,0,398832,360,413696,191112,0,0,0,0,606208,8856,9648,84,0,0,0,0,4912,164,0,0,397312,1516,120020,64,0,0
10977,regedt32.exe,0,0,144,3,0,4,0,65535,0,184,0,0,0,64,0,0,0,240,332,5,0,0,224,258,267,14,13,3584,6144,0,5488,4096,8192,4194304,4096,512,10,0,10,0,10,0,24576,1024,32903,2,49472,262144,8192,1048576,4096,0,0,12452,100,16384,2688,0,0,0,0,20480,320,4352,84,0,0,0,0,4104,164,0,0,12288,160,0,0,0,0
10978,regini.exe,0,0,144,3,0,4,0,65535,0,184,0,0,0,64,0,0,0,224,332,5,0,0,224,258,267,14,13,32256,11264,0,34624,4096,36864,4194304,4096,512,10,0,10,0,6,0,53248,1024,91748,3,49472,262144,8192,1048576,4096,0,0,41372,100,45056,1752,0,0,0,0,49152,1772,16160,84,0,0,0,0,4104,64,0,0,40960,408,0,0,0,0
10979,regsvr32.exe,0,0,144,3,0,4,0,65535,0,184,0,0,0,64,0,0,0,248,332,6,0,0,224,258,267,14,13,11264,10240,0,12928,4096,16384,4194304,4096,512,10,0,10,0,10,0,36864,1024,22060,2,49216,262144,8192,1048576,4096,0,0,20888,480,28672,3024,0,0,0,0,32768,856,5584,84,0,0,0,0,4184,164,0,0,20480,404,14788,96,0,0
10980,rekeywiz.exe,0,0,144,3,0,4,0,65535,0,184,0,0,0,64,0,0,0,248,332,5,0,0,224,258,267,14,13,78336,36864,0,80256,4096,86016,4194304,4096,512,10,0,10,0,10,0,131072,1024,172696,2,49472,262144,32768,1048576,4096,0,0,90768,500,98304,25128,0,0,0,0,126976,3732,14624,84,0,0,0,0,4296,164,0,0,90112,652,0,0,0,0
10981,relog.exe,0,0,144,3,0,4,0,65535,0,184,0,0,0,64,0,0,0,248,332,5,0,0,224,258,267,14,13,32256,13312,0,31488,4096,36864,4194304,4096,512,10,0,10,0,10,0,57344,1024,100716,3,49472,262144,8192,1048576,4096,0,0,41568,600,49152,2056,0,0,0,0,53248,2224,6256,84,0,0,0,0,4152,164,0,0,40960,604,0,0,0,0
10982,repair-bde.exe,0,0,144,3,0,4,0,65535,0,184,0,0,0,64,0,0,0,248,34404,6,0,0,240,34,523,14,13,24576,103936,0,25344,4096,0,5368709120,4096,512,10,0,10,0,10,0,147456,1024,174251,3,49504,524288,8192,1048576,4096,0,0,33708,280,49152,90344,45056,1236,0,0,143360,136,31088,84,0,0,0,0,28944,264,0,0,29208,984,0,0,0,0
10983,replace.exe,0,0,144,3,0,4,0,65535,0,184,0,0,0,64,0,0,0,224,332,5,0,0,224,258,267,14,13,9728,8704,0,12064,4096,16384,4194304,4096,512,10,0,10,0,10,0,36864,1024,65711,3,49472,262144,8192,1048576,4096,0,0,20908,100,28672,2032,0,0,0,0,32768,980,4576,84,0,0,0,0,4168,164,0,0,20480,424,0,0,0,0
10984,reset.exe,0,0,144,3,0,4,0,65535,0,184,0,0,0,64,0,0,0,224,34404,6,0,0,240,34,523,14,13,7168,14848,0,9456,4096,0,5368709120,4096,512,10,0,10,0,10,0,40960,1024,44786,3,49504,524288,8192,1048576,4096,0,0,15268,100,32768,2080,28672,360,0,0,36864,32,14208,84,0,0,0,0,12304,264,0,0,12568,552,0,0,0,0
10985,resmon.exe,0,0,144,3,0,4,0,65535,0,184,0,0,0,64,0,0,0,248,332,5,0,0,224,258,267,14,13,3584,104960,0,5952,4096,8192,4194304,4096,512,10,0,10,0,10,0,122880,1024,140596,2,49472,262144,8192,1048576,4096,0,0,12436,100,16384,101456,0,0,0,0,118784,312,4416,84,0,0,0,0,4104,164,0,0,12288,144,0,0,0,0
10986,rktools.exe,0,0,144,3,0,4,0,65535,0,184,0,0,0,64,0,0,0,200,332,3,0,0,224,271,267,7,0,34816,12295168,0,23134,4096,40960,16777216,4096,512,5,1,5,1,4,0,12345344,1024,12398819,2,32768,262144,4096,1048576,4096,0,0,35504,140,49152,12293988,0,0,12331008,6744,0,0,4624,28,0,0,0,0,0,0,0,0,4096,528,0,0,0,0
10987,rmttpmvscmgrsvr.exe,0,0,144,3,0,4,0,65535,0,184,0,0,0,64,0,0,0,240,34404,6,0,0,240,34,523,14,13,89088,47616,0,79568,4096,0,5368709120,4096,512,10,0,10,0,10,0,151552,1024,199168,2,49504,524288,8192,1048576,4096,0,0,122800,640,143360,1832,135168,5124,0,0,147456,260,106704,84,0,0,0,0,94912,264,0,0,95176,1592,0,0,0,0
10988,rrinstaller.exe,0,0,144,3,0,4,0,65535,0,184,0,0,0,64,0,0,0,232,332,6,0,0,224,258,267,14,13,27136,10752,0,27760,4096,32768,4194304,4096,512,10,0,10,0,10,0,57344,1024,98842,2,49472,262144,8192,1048576,4096,0,0,37396,520,49152,1888,0,0,0,0,53248,1876,6896,84,0,0,0,0,4632,164,0,0,36864,528,30412,192,0,0
10989,rstrui.exe,0,0,144,3,0,4,0,65535,0,184,0,0,0,64,0,0,0,224,34404,6,0,0,240,34,523,14,13,131072,139264,0,131872,4096,0,5368709120,4096,512,10,0,10,0,10,0,286720,1024,293054,2,49504,524288,8192,1048576,4096,0,0,152972,240,172032,106736,167936,4056,0,0,282624,92,147472,84,0,0,0,0,135472,264,0,0,135736,2048,0,0,0,0
10990,rufus-2.9.exe,0,0,144,3,0,4,0,65535,0,184,0,0,0,64,0,0,0,128,332,3,0,0,224,783,267,2,25,880640,45056,1912832,2792384,1916928,2797568,4194304,4096,512,4,0,1,0,4,0,2842624,4096,981289,2,0,2097152,4096,1048576,4096,0,0,2837860,816,2797568,40292,0,0,920576,12032,0,0,0,0,0,0,2795416,24,0,0,0,0,0,0,0,0,0,0
10991,runas.exe,0,0,144,3,0,4,0,65535,0,184,0,0,0,64,0,0,0,240,332,5,0,0,224,258,267,14,13,10240,7168,0,11568,4096,16384,4194304,4096,512,10,0,10,0,10,0,32768,1024,21861,3,49472,262144,8192,1048576,4096,0,0,20852,200,24576,2016,0,0,0,0,28672,580,4720,84,0,0,0,0,4104,164,0,0,20480,368,0,0,0,0
10992,rundll32.exe,0,0,144,3,0,4,0,65535,0,184,0,0,0,64,0,0,0,232,332,6,0,0,224,258,267,14,13,25088,36864,0,24592,4096,32768,4194304,4096,512,10,0,10,0,10,0,81920,1024,113293,2,49216,262144,49152,1048576,4096,0,0,37528,700,49152,26472,0,0,0,0,77824,1828,6576,84,0,0,4548,24,4384,164,0,0,36864,660,27628,352,0,0
10993,runexehelper.exe,0,0,144,3,0,4,0,65535,0,184,0,0,0,64,0,0,0,240,34404,5,0,0,240,34,523,14,13,34304,25600,0,32032,4096,0,5368709120,4096,512,10,0,10,0,10,0,77824,1024,104110,3,49504,524288,8192,1048576,4096,0,0,52904,540,0,0,69632,2268,0,0,73728,372,47280,84,0,0,0,0,42032,264,0,0,42296,1016,0,0,0,0
10994,runonce.exe,0,0,144,3,0,4,0,65535,0,184,0,0,0,64,0,0,0,240,332,5,0,0,224,258,267,14,13,32768,14848,0,34448,4096,36864,4194304,4096,512,10,0,10,0,10,0,57344,1024,51448,2,49472,262144,8192,1048576,4096,0,0,41860,660,49152,3448,0,0,0,0,53248,2212,9120,84,0,0,0,0,4584,164,0,0,40960,896,0,0,0,0
10995,rwinsta.exe,0,0,144,3,0,4,0,65535,0,184,0,0,0,64,0,0,0,240,34404,6,0,0,240,34,523,14,13,12288,15872,0,14192,4096,0,5368709120,4096,512,10,0,10,0,10,0,45056,1024,29862,3,49504,524288,8192,1048576,4096,0,0,19652,100,36864,2040,32768,540,0,0,40960,56,18352,84,0,0,0,0,16400,264,0,0,16664,656,0,0,0,0
10996,sapisvr.exe,0,0,144,3,0,4,0,65535,0,184,0,0,0,64,0,0,0,240,34404,6,0,0,240,34,523,14,13,24576,23552,0,5712,4096,0,5368709120,4096,512,10,0,10,0,10,0,61440,1024,93519,2,49504,524288,8192,1048576,4096,0,0,37864,80,53248,2104,49152,1320,0,0,57344,344,35616,84,0,0,0,0,29056,264,0,0,29320,664,0,0,0,0
10997,sc.exe,0,0,144,3,0,4,0,65535,0,184,0,0,0,64,0,0,0,248,332,6,0,0,224,258,267,14,13,50176,12288,0,24416,4096,57344,4194304,4096,512,10,0,10,0,10,0,77824,1024,122195,3,49472,262144,8192,1048576,4096,0,0,61776,400,69632,2072,0,0,0,0,73728,2696,10256,84,0,0,0,0,4184,164,0,0,61440,332,52956,320,0,0
10998,schtasks.exe,0,0,144,3,0,4,0,65535,0,184,0,0,0,64,0,0,0,232,332,6,0,0,224,258,267,14,13,150016,41472,0,133616,4096,155648,4194304,4096,512,10,0,10,0,10,0,208896,1024,211378,3,49472,262144,8192,1048576,4096,0,0,185084,660,196608,2184,0,0,0,0,200704,6508,10976,84,0,0,0,0,4152,164,0,0,184320,760,152544,384,0,0
10999,scp.exe,0,0,144,3,0,4,0,65535,0,184,0,0,0,64,0,0,0,288,34404,6,0,0,240,34,523,14,0,229888,108032,0,119168,4096,0,5368709120,4096,512,6,0,0,0,6,0,356352,1024,369797,3,49504,1048576,4096,1048576,4096,0,0,287272,760,348160,976,335872,10020,0,0,352256,1964,277648,112,0,0,0,0,277760,148,0,0,237568,1688,0,0,0,0
11000,scrcons.exe,0,0,144,3,0,4,0,65535,0,184,0,0,0,64,0,0,0,240,34404,6,0,0,240,34,523,14,13,26624,24064,0,27040,4096,0,5368709120,4096,512,10,0,10,0,10,0,69632,1024,100632,2,49504,524288,8192,1048576,4096,0,0,43132,580,61440,2080,57344,1332,0,0,65536,248,39200,84,0,0,0,0,33552,264,0,0,33816,1472,0,0,0,0
11001,sdbinst.exe,0,0,144,3,0,4,0,65535,0,184,0,0,0,64,0,0,0,224,332,5,0,0,224,258,267,14,13,13312,7168,0,15456,4096,20480,4194304,4096,512,10,0,10,0,10,0,36864,1024,30991,3,49472,262144,8192,1048576,4096,0,0,24932,160,28672,2184,0,0,0,0,32768,732,5792,84,0,0,0,0,4104,164,0,0,24576,352,0,0,0,0
11002,sdchange.exe,0,0,144,3,0,4,0,65535,0,184,0,0,0,64,0,0,0,232,332,5,0,0,224,258,267,14,13,28160,12288,0,26912,4096,32768,4194304,4096,512,10,0,10,0,10,0,53248,1024,93292,2,49472,262144,8192,1048576,4096,0,0,37392,240,40960,4872,0,0,0,0,49152,1920,8288,84,0,0,0,0,4152,164,0,0,36864,524,0,0,0,0
11003,sdclt.exe,0,0,144,3,0,4,0,65535,0,184,0,0,0,64,0,0,0,240,34404,6,0,0,240,34,523,14,13,483328,738816,0,483968,4096,0,5368709120,4096,512,10,0,10,0,10,0,1232896,1024,1228253,2,49504,524288,8192,1048576,4096,0,0,559660,1120,598016,628416,585728,11184,0,0,1228800,1164,546000,84,0,0,491672,40,491408,264,0,0,491712,3392,0,0,0,0
11004,sdiagnhost.exe,0,0,144,3,0,4,0,65535,0,184,0,0,0,64,0,0,0,224,332,5,0,0,224,258,267,14,13,11264,10240,0,13568,4096,16384,4194304,4096,512,10,0,10,0,6,0,36864,1024,85985,2,49472,262144,8192,1048576,4096,0,0,20796,120,24576,4808,0,0,0,0,32768,764,5936,84,0,0,0,0,4168,64,0,0,20480,312,0,0,0,0
11005,secinit.exe,0,0,144,3,0,4,0,65535,0,184,0,0,0,64,0,0,0,240,332,5,0,0,224,258,267,14,13,3584,5120,0,6256,4096,8192,4194304,4096,512,10,0,10,0,10,0,24576,1024,43250,2,49472,262144,8192,1048576,4096,0,0,12460,120,16384,1992,0,0,0,0,20480,340,4544,84,0,0,0,0,4104,164,0,0,12288,168,0,0,0,0
11006,securekernel.exe,0,0,144,3,0,4,0,65535,0,184,0,0,0,64,0,0,0,264,34404,15,0,0,240,34,523,14,13,473600,213504,10752,30368,4096,0,5368709120,4096,512,10,0,10,0,10,0,737280,1536,706528,1,352,524288,8192,1048576,4096,538752,6668,545420,100,729088,1032,602112,17436,642560,8744,733184,500,510736,84,0,0,0,0,500256,264,0,0,500520,344,0,0,0,0
11007,serviwin.exe,0,0,144,3,0,4,0,65535,0,184,0,0,0,64,0,0,0,232,34404,5,0,0,240,35,523,8,0,68096,32256,0,70992,4096,0,5368709120,4096,512,4,0,0,0,5,2,118784,1024,170444,2,32768,1048576,4096,1048576,4096,0,0,82416,200,102400,13760,98304,2472,101376,11984,0,0,75536,28,0,0,0,0,0,0,0,0,73728,1720,0,0,0,0
11008,sessionmsg.exe,0,0,144,3,0,4,0,65535,0,184,0,0,0,64,0,0,0,240,34404,7,0,0,240,34,523,14,13,32768,44032,512,31808,4096,0,5368709120,4096,512,10,0,10,0,10,0,98304,1024,109486,2,49632,524288,8192,1048576,4096,0,0,54824,220,86016,5984,81920,1596,65536,9536,94208,392,50640,84,0,0,0,0,42432,264,0,0,42696,1672,0,0,0,0
11009,sethc.exe,0,0,144,3,0,4,0,65535,0,184,0,0,0,64,0,0,0,232,332,5,0,0,224,258,267,14,13,54784,224256,0,51440,4096,61440,4194304,4096,512,10,0,10,0,10,0,290816,1024,343033,2,49472,262144,8192,1048576,4096,0,0,66580,280,77824,206696,0,0,0,0,286720,3316,11472,84,0,0,0,0,4648,164,0,0,65536,1040,0,0,0,0
11010,setspn.exe,0,0,144,3,0,4,0,65535,0,184,0,0,0,64,0,0,0,240,34404,6,0,0,240,34,523,14,13,15360,16384,0,17696,4096,0,5368709120,4096,512,10,0,10,0,10,0,45056,1024,69838,3,49504,524288,8192,1048576,4096,0,0,25204,440,36864,2104,32768,516,0,0,40960,32,23888,84,0,0,0,0,20496,264,0,0,20760,920,0,0,0,0
11011,setup.exe,0,0,144,3,0,4,0,65535,0,184,0,0,0,64,0,0,0,128,332,5,0,0,224,271,267,5,0,47104,31232,0,32176,4096,53248,4194304,4096,512,4,0,0,0,4,0,94208,1024,134183,2,0,1048576,4096,1048576,4096,0,0,81920,120,90112,3160,0,0,0,0,0,0,0,0,0,0,0,0,0,0,0,0,82736,696,0,0,0,0
11012,setup16.exe,0,0,144,3,0,4,0,65535,0,184,0,0,0,64,0,0,0,240,332,5,0,0,224,258,267,14,13,16896,11264,0,18800,4096,24576,4194304,4096,512,10,0,10,0,10,0,40960,1024,58795,2,49472,262144,8192,1048576,4096,0,0,29224,160,32768,2528,0,0,0,0,36864,1432,4848,84,0,0,0,0,4144,164,0,0,28672,548,0,0,0,0
11013,setup_wm.exe,0,0,144,3,0,4,0,65535,0,184,0,0,0,64,0,0,0,224,34404,6,0,0,240,34,523,14,13,247296,1593344,0,247200,4096,0,5368709120,4096,512,10,0,10,0,10,0,1855488,1024,1894614,2,49504,524288,8192,1048576,4096,0,0,310996,480,344064,1505848,335872,6216,0,0,1851392,352,302496,84,0,0,255112,40,254848,264,0,0,255152,3168,0,0,0,0
11014,setupcl.exe,0,0,144,3,0,4,0,65535,0,184,0,0,0,64,0,0,0,216,34404,6,0,0,240,34,523,14,13,81408,41472,0,5680,4096,0,5368709120,4096,512,10,0,10,0,10,0,139264,1024,135412,1,16736,524288,8192,1048576,4096,0,0,114116,40,126976,6008,122880,1800,0,0,135168,76,110928,84,0,0,0,0,86752,264,0,0,87016,728,0,0,0,0
11015,setupugc.exe,0,0,144,3,0,4,0,65535,0,184,0,0,0,64,0,0,0,248,332,6,0,0,224,258,267,14,13,97280,20992,0,97136,4096,102400,4194304,4096,512,10,0,10,0,10,0,135168,1024,168072,2,49472,262144,8192,1048576,4096,0,0,107172,560,118784,7496,0,0,0,0,126976,4908,34512,84,0,0,0,0,4232,164,0,0,106496,672,99796,384,0,0
11016,setx.exe,0,0,144,3,0,4,0,65535,0,184,0,0,0,64,0,0,0,232,332,6,0,0,224,258,267,14,13,35328,11264,0,37008,4096,40960,4194304,4096,512,10,0,10,0,10,0,65536,1024,94485,3,49472,262144,8192,1048576,4096,0,0,45608,580,57344,2064,0,0,0,0,61440,1588,5200,84,0,0,0,0,4104,164,0,0,45056,548,38684,160,0,0
11017,sfc.exe,0,0,144,3,0,4,0,65535,0,184,0,0,0,64,0,0,0,240,332,5,0,0,224,258,267,14,13,26112,10752,0,28160,4096,32768,4194304,4096,512,10,0,10,0,10,0,49152,1024,100370,3,49472,262144,8192,1048576,4096,0,0,37352,180,40960,2072,0,0,0,0,45056,2000,7072,84,0,0,0,0,4120,164,0,0,36864,484,0,0,0,0
11018,sftp.exe,0,0,144,3,0,4,0,65535,0,184,0,0,0,64,0,0,0,288,34404,6,0,0,240,34,523,14,0,279552,135680,0,147792,4096,0,5368709120,4096,512,6,0,0,0,6,0,434176,1024,398183,3,49504,1048576,4096,1048576,4096,0,0,350636,800,425984,976,409600,12864,0,0,430080,2040,337632,112,0,0,0,0,337744,148,0,0,286720,1760,0,0,0,0
11019,shexview.exe,0,0,144,3,0,4,0,65535,0,184,0,0,0,64,0,0,0,216,34404,5,0,0,240,35,523,8,0,112640,52224,0,114368,4096,0,5368709120,4096,512,4,0,0,0,5,2,184320,1024,188959,2,32768,1048576,4096,1048576,4096,0,0,137736,240,163840,19412,155648,5712,165888,17296,0,0,120912,28,0,0,0,0,0,0,0,0,118784,2000,0,0,0,0
11020,shman.exe,0,0,144,3,0,4,0,65535,0,184,0,0,0,64,0,0,0,224,34404,5,0,0,240,35,523,8,0,54272,27648,0,57184,4096,0,5368709120,4096,512,4,0,0,0,5,2,102400,1024,152514,2,32768,1048576,4096,1048576,4096,0,0,69024,200,90112,10884,86016,2256,82944,6240,0,0,63056,28,0,0,0,0,0,0,0,0,61440,1552,0,0,0,0
11021,shmnview.exe,0,0,144,3,0,4,0,65535,0,184,0,0,0,64,0,0,0,224,34404,5,0,0,240,35,523,8,0,67072,31232,0,70048,4096,0,5368709120,4096,512,4,0,0,0,5,2,118784,1024,146626,2,32768,1048576,4096,1048576,4096,0,0,82416,200,102400,12796,98304,2616,99328,11984,0,0,75504,28,0,0,0,0,0,0,0,0,73728,1704,0,0,0,0
11022,shrpubw.exe,0,0,144,3,0,4,0,65535,0,184,0,0,0,64,0,0,0,248,332,5,0,0,224,258,267,14,13,31744,360960,0,30000,4096,36864,4194304,4096,512,10,0,10,0,10,0,405504,1024,451507,2,49472,262144,8192,1048576,4096,0,0,42040,280,49152,349688,0,0,0,0,401408,3820,9456,84,0,0,0,0,6272,164,0,0,40960,1076,0,0,0,0
11023,shutdown.exe,0,0,144,3,0,4,0,65535,0,184,0,0,0,64,0,0,0,240,332,6,0,0,224,258,267,14,13,14336,9728,0,16352,4096,20480,4194304,4096,512,10,0,10,0,10,0,40960,1024,40450,3,49472,262144,8192,1048576,4096,0,0,24928,500,32768,2080,0,0,0,0,36864,884,5648,84,0,0,0,0,4144,164,0,0,24576,348,17988,96,0,0
11024,sigverif.exe,0,0,144,3,0,4,0,65535,0,184,0,0,0,64,0,0,0,224,34404,6,0,0,240,34,523,14,13,29696,48128,0,31200,4096,0,5368709120,4096,512,10,0,10,0,10,0,94208,1024,121487,2,49504,524288,8192,1048576,4096,0,0,41324,260,57344,32608,53248,780,0,0,90112,32,39328,84,0,0,0,0,36880,264,0,0,37144,1408,0,0,0,0
11025,smadav2018rev91.exe,0,0,80,2,0,4,15,65535,0,184,0,0,0,64,26,0,0,256,332,8,0,0,224,33167,267,2,25,65024,72704,0,70588,4096,73728,4194304,4096,512,5,0,6,0,5,0,180224,1024,1710721,2,32768,1048576,16384,1048576,4096,0,0,102400,3536,114688,64952,0,0,1697608,7248,0,0,0,0,0,0,110592,24,0,0,0,0,103164,524,0,0,0,0
11026,snmptrap.exe,0,0,144,3,0,4,0,65535,0,184,0,0,0,64,0,0,0,240,34404,6,0,0,240,34,523,14,13,7168,9216,0,9184,4096,0,5368709120,4096,512,10,0,10,0,10,0,32768,1024,21768,3,49504,524288,8192,1048576,4096,0,0,14396,100,24576,2008,20480,300,0,0,28672,32,13408,84,0,0,0,0,12304,264,0,0,12568,608,0,0,0,0
11027,sort.exe,0,0,144,3,0,4,0,65535,0,184,0,0,0,64,0,0,0,248,332,5,0,0,224,258,267,14,13,16384,17920,0,17904,4096,20480,4194304,4096,512,10,0,10,0,10,0,45056,1024,87804,3,49472,262144,8192,1048576,4096,0,0,33140,100,36864,2000,0,0,0,0,40960,1816,4544,84,0,0,0,0,4104,164,0,0,32768,368,0,0,0,0
11028,spaceman.exe,0,0,144,3,0,4,0,65535,0,184,0,0,0,64,0,0,0,232,34404,7,0,0,240,34,523,14,13,21504,15360,0,23136,4096,0,5368709120,4096,512,10,0,10,0,10,0,57344,1024,90414,2,49504,524288,8192,1048576,4096,0,0,33472,420,49152,3016,40960,852,0,0,53248,80,30672,84,0,0,0,0,28688,264,0,0,28952,720,32876,128,0,0
11029,specPortable_1.32_Update_1_online.paf.exe,0,0,144,3,0,4,0,65535,0,184,0,0,0,64,0,0,0,200,332,5,0,0,224,271,267,6,0,26112,428544,16384,13581,4096,32768,4194304,4096,512,4,0,6,0,4,0,2240512,1024,1154484,2,34112,1048576,4096,1048576,4096,0,0,34052,160,2117632,119392,0,0,1107112,16640,0,0,0,0,0,0,0,0,0,0,0,0,32768,684,0,0,0,0
11030,splwow64.exe,0,0,144,3,0,4,0,65535,0,184,0,0,0,64,0,0,0,248,34404,7,0,0,240,34,523,14,13,47104,86016,0,48480,4096,0,5368709120,4096,512,10,0,10,0,10,0,151552,1024,152831,2,49504,524288,8192,1048576,4096,0,0,68624,180,86016,58464,77824,2436,0,0,147456,796,65216,84,0,0,0,0,53264,264,0,0,58840,1448,68288,96,0,0
11031,srdelayed.exe,0,0,144,3,0,4,0,65535,0,184,0,0,0,64,0,0,0,216,332,5,0,0,224,258,267,14,13,10240,6144,0,13424,4096,16384,4194304,4096,512,10,0,10,0,10,0,32768,1024,28932,1,17728,262144,8192,1048576,4096,0,0,20640,40,24576,1840,0,0,0,0,28672,628,4896,84,0,0,0,0,4152,164,0,0,20480,156,0,0,0,0
11032,ssh-add.exe,0,0,144,3,0,4,0,65535,0,184,0,0,0,64,0,0,0,304,34404,6,0,0,240,34,523,14,0,268800,237568,0,154704,4096,0,5368709120,4096,512,6,0,0,0,6,0,520192,1024,542287,3,49504,1048576,4096,1048576,4096,0,0,448492,780,512000,976,495616,12876,0,0,516096,2068,434960,112,0,0,0,0,435072,148,0,0,274432,2416,0,0,0,0
11033,ssh-agent.exe,0,0,144,3,0,4,0,65535,0,184,0,0,0,64,0,0,0,304,34404,6,0,0,240,34,523,14,0,176640,223232,0,83360,4096,0,5368709120,4096,512,6,0,0,0,6,0,417792,1024,389799,3,49504,1048576,4096,1048576,4096,0,0,347052,760,409600,2952,397312,9420,0,0,413696,2044,337088,112,0,0,0,0,337200,148,0,0,184320,2040,0,0,0,0
11034,ssh-keygen.exe,0,0,144,3,0,4,0,65535,0,184,0,0,0,64,0,0,0,304,34404,6,0,0,240,34,523,14,0,389632,268288,0,237136,4096,0,5368709120,4096,512,6,0,0,0,6,0,675840,1024,686259,3,49504,1048576,4096,1048576,4096,0,0,590524,840,667648,976,647168,17700,0,0,671744,2060,571072,112,0,0,0,0,571184,148,0,0,397312,2928,0,0,0,0
11035,ssh-keyscan.exe,0,0,144,3,0,4,0,65535,0,184,0,0,0,64,0,0,0,304,34404,6,0,0,240,34,523,14,0,300032,248832,0,172832,4096,0,5368709120,4096,512,6,0,0,0,6,0,565248,1024,576802,3,49504,1048576,4096,1048576,4096,0,0,484204,680,557056,1464,540672,14064,0,0,561152,2196,469952,112,0,0,0,0,470064,148,0,0,307200,2176,0,0,0,0
11036,ssh.exe,0,0,144,3,0,4,0,65535,0,184,0,0,0,64,0,0,0,304,34404,6,0,0,240,34,523,14,0,567296,345600,0,402944,4096,0,5368709120,4096,512,6,0,0,0,6,0,929792,1024,905189,3,49504,1048576,4096,1048576,4096,0,0,820556,860,921600,1464,892928,26964,0,0,925696,2648,789920,112,0,0,0,0,790032,148,0,0,573440,2944,0,0,0,0
11037,stordiag.exe,0,0,144,3,0,4,0,65535,0,184,0,0,0,64,0,0,0,128,332,3,0,0,224,34,267,48,0,89600,2560,0,97526,8192,98304,4194304,8192,512,4,0,0,0,4,0,114688,512,100049,3,34144,1048576,4096,1048576,4096,0,0,97441,79,98304,1596,0,0,0,0,106496,12,97296,56,0,0,0,0,0,0,0,0,8192,8,0,0,8200,72
11038,subst.exe,0,0,144,3,0,4,0,65535,0,184,0,0,0,64,0,0,0,240,332,5,0,0,224,258,267,14,13,6656,7680,0,8960,4096,12288,4194304,4096,512,10,0,10,0,10,0,28672,1024,25609,3,49472,262144,8192,1048576,4096,0,0,16728,100,20480,2000,0,0,0,0,24576,636,4400,84,0,0,0,0,4104,164,0,0,16384,340,0,0,0,0
11039,svchost.exe,0,0,144,3,0,4,0,65535,0,184,0,0,0,64,0,0,0,224,332,6,0,0,224,258,267,14,13,24064,12288,0,12352,4096,28672,4194304,4096,512,10,0,10,0,10,0,53248,1024,102654,2,50496,262144,16384,1048576,4096,0,0,33376,600,45056,2072,0,0,36352,9096,49152,1660,6592,84,0,0,0,0,4352,164,0,0,32768,604,27904,64,0,0
11040,svcl.exe,0,0,144,3,0,4,0,65535,0,184,0,0,0,64,0,0,0,216,34404,5,0,0,240,35,523,8,0,119808,36352,0,122400,4096,0,5368709120,4096,512,4,0,0,0,5,2,180224,1024,194889,3,32768,1048576,4096,1048576,4096,0,0,144384,220,172032,5144,163840,4200,157184,8568,0,0,129088,28,0,0,0,0,0,0,0,0,126976,2000,0,0,0,0
11041,sxstrace.exe,0,0,144,3,0,4,0,65535,0,184,0,0,0,64,0,0,0,232,332,5,0,0,224,258,267,14,13,22528,49152,0,21760,4096,28672,4194304,4096,512,10,0,10,0,10,0,86016,1024,58694,3,49472,262144,8192,1048576,4096,0,0,74020,120,77824,2032,0,0,0,0,81920,1496,5920,84,0,0,0,0,4160,164,0,0,73728,288,0,0,0,0
11042,sysexp.exe,0,0,144,3,0,4,0,65535,0,184,0,0,0,64,0,0,0,232,34404,5,0,0,240,35,523,8,0,64000,30720,0,66960,4096,0,5368709120,4096,512,4,0,0,0,5,2,114688,1024,149462,2,32768,1048576,4096,1048576,4096,0,0,77648,240,98304,13724,94208,2280,95744,8552,0,0,0,0,0,0,0,0,0,0,0,0,69632,1704,0,0,0,0
11043,sysprep.exe,0,0,144,3,0,4,0,65535,0,184,0,0,0,64,0,0,0,240,34404,6,0,0,240,34,523,14,13,598528,752640,0,571216,4096,0,5368709120,4096,512,10,0,10,0,6,1,1368064,1024,1365395,2,49504,524288,8192,1048576,4096,1078960,163124,1242084,320,1327104,28600,1294336,29640,0,0,1355776,9040,891712,84,0,0,638264,40,638000,264,0,0,638304,2376,0,0,0,0
11044,systeminfo.exe,0,0,144,3,0,4,0,65535,0,184,0,0,0,64,0,0,0,240,332,5,0,0,224,258,267,14,13,63488,13312,0,57184,4096,69632,4194304,4096,512,10,0,10,0,10,0,94208,1024,93911,3,49472,262144,8192,1048576,4096,0,0,74384,280,81920,2072,0,0,0,0,86016,4292,7440,84,0,0,0,0,4112,164,0,0,73728,652,0,0,0,0
11045,systray.exe,0,0,144,3,0,4,0,65535,0,184,0,0,0,64,0,0,0,240,332,5,0,0,224,258,267,14,13,3584,5632,0,5376,4096,8192,4194304,4096,512,10,0,10,0,10,0,24576,1024,63078,2,49472,262144,8192,1048576,4096,0,0,12456,200,16384,2240,0,0,0,0,20480,308,4368,84,0,0,0,0,4104,164,0,0,12288,164,0,0,0,0
11046,takeown.exe,0,0,144,3,0,4,0,65535,0,184,0,0,0,64,0,0,0,240,332,6,0,0,224,258,267,14,13,40448,11776,0,41808,4096,45056,4194304,4096,512,10,0,10,0,10,0,69632,1024,72047,3,49472,262144,8192,1048576,4096,0,0,49744,600,61440,2056,0,0,0,0,65536,2012,5120,84,0,0,0,0,4104,164,0,0,49152,588,43532,192,0,0
11047,tar.exe,0,0,144,3,0,4,0,65535,0,184,0,0,0,64,0,0,0,240,332,5,0,0,224,258,267,14,13,30208,12800,0,30544,4096,36864,4194304,4096,512,10,0,10,0,10,0,57344,1024,96704,3,49472,262144,8192,1048576,4096,0,0,41812,380,49152,952,0,0,0,0,53248,2268,11856,84,0,0,0,0,5576,164,0,0,40960,848,0,0,0,0
11048,taskhostw.exe,0,0,144,3,0,4,0,65535,0,184,0,0,0,64,0,0,0,232,34404,7,0,0,240,34,523,14,13,40960,37376,0,21872,4096,0,5368709120,4096,512,10,0,10,0,10,0,94208,1024,145970,2,49504,524288,32768,1048576,4096,0,0,66648,500,86016,2256,77824,3888,77312,9432,90112,400,54640,84,0,0,0,0,45968,264,0,0,47320,1296,65624,256,0,0
11049,taskkill.exe,0,0,144,3,0,4,0,65535,0,184,0,0,0,64,0,0,0,240,332,5,0,0,224,258,267,14,13,60416,13824,0,55856,4096,65536,4194304,4096,512,10,0,10,0,10,0,86016,1024,131691,3,49472,262144,8192,1048576,4096,0,0,70408,340,77824,2296,0,0,0,0,81920,3664,7040,84,0,0,0,0,4112,164,0,0,69632,772,0,0,0,0
11050,tasklist.exe,0,0,144,3,0,4,0,65535,0,184,0,0,0,64,0,0,0,248,332,5,0,0,224,258,267,14,13,65536,13824,0,60640,4096,69632,4194304,4096,512,10,0,10,0,10,0,90112,1024,136931,3,49472,262144,8192,1048576,4096,0,0,74532,340,81920,2328,0,0,0,0,86016,3976,6816,84,0,0,0,0,4112,164,0,0,73728,800,0,0,0,0
11051,teracopy.exe,0,0,80,2,0,4,15,65535,0,184,0,0,0,64,26,0,0,256,332,8,0,0,224,33167,267,2,25,66560,53760,0,71644,4096,73728,4194304,4096,512,5,0,6,0,5,0,163840,1024,4612714,2,33088,1048576,16384,1048576,4096,0,0,102400,3588,114688,45568,0,0,4567808,7504,0,0,0,0,0,0,110592,24,0,0,0,0,103172,532,0,0,0,0
11052,timeout.exe,0,0,144,3,0,4,0,65535,0,184,0,0,0,64,0,0,0,240,332,5,0,0,224,258,267,14,13,17408,7680,0,19936,4096,24576,4194304,4096,512,10,0,10,0,10,0,40960,1024,65295,3,49472,262144,8192,1048576,4096,0,0,29036,160,32768,2088,0,0,0,0,36864,1020,4608,84,0,0,0,0,4104,164,0,0,28672,360,0,0,0,0
11053,tpmvscmgr.exe,0,0,144,3,0,4,0,65535,0,184,0,0,0,64,0,0,0,256,34404,6,0,0,240,34,523,14,13,72704,35328,0,67024,4096,0,5368709120,4096,512,10,0,10,0,10,0,122880,1024,132271,3,49504,524288,8192,1048576,4096,0,0,94996,400,114688,2056,110592,3516,0,0,118784,184,85200,84,0,0,78456,40,78192,264,0,0,78496,1440,0,0,0,0
11054,tpmvscmgrsvr.exe,0,0,144,3,0,4,0,65535,0,184,0,0,0,64,0,0,0,240,34404,6,0,0,240,34,523,14,13,89600,48128,0,79824,4096,0,5368709120,4096,512,10,0,10,0,10,0,151552,1024,165058,2,49504,524288,8192,1048576,4096,0,0,123008,640,143360,2096,135168,5160,0,0,147456,260,106800,84,0,0,0,0,94912,264,0,0,95176,1600,0,0,0,0
11055,tracerpt.exe,0,0,144,3,0,4,0,65535,0,184,0,0,0,64,0,0,0,248,332,5,0,0,224,258,267,14,13,342528,175616,0,343120,4096,348160,4194304,4096,512,10,0,10,0,10,0,528384,1024,434184,3,49472,262144,131072,1048576,4096,0,0,496800,840,507904,2064,0,0,0,0,512000,16000,113456,84,0,0,0,0,11592,164,0,0,495616,1180,0,0,0,0
11056,tscon.exe,0,0,144,3,0,4,0,65535,0,184,0,0,0,64,0,0,0,240,34404,6,0,0,240,34,523,14,13,12288,16384,0,14368,4096,0,5368709120,4096,512,10,0,10,0,10,0,45056,1024,27983,3,49504,524288,8192,1048576,4096,0,0,19716,100,36864,2056,32768,540,0,0,40960,60,18416,84,0,0,0,0,16400,264,0,0,16664,664,0,0,0,0
11057,tskill.exe,0,0,144,3,0,4,0,65535,0,184,0,0,0,64,0,0,0,224,34404,6,0,0,240,34,523,14,13,12800,17408,0,14816,4096,0,5368709120,4096,512,10,0,10,0,10,0,49152,1024,29789,3,49504,524288,8192,1048576,4096,0,0,23852,100,40960,2112,36864,576,0,0,45056,64,22496,84,0,0,0,0,20496,264,0,0,20760,664,0,0,0,0
11058,ttdinject.exe,0,0,144,3,0,4,0,65535,0,184,0,0,0,64,0,0,0,232,332,5,0,0,224,290,267,14,13,96256,54272,0,73452,4096,102400,4194304,4096,512,10,0,10,0,6,1,163840,1024,216400,3,33088,262144,8192,1048576,4096,0,0,136036,720,151552,2240,0,0,146944,10008,155648,5696,127840,84,0,0,103876,24,103712,64,0,0,105516,772,0,0,0,0
11059,tttracer.exe,0,0,144,3,0,4,0,65535,0,184,0,0,0,64,0,0,0,232,332,5,0,0,224,290,267,14,13,103936,79872,0,86864,4096,110592,4194304,4096,512,10,0,10,0,6,1,196608,1024,250337,3,49472,262144,8192,1048576,4096,0,0,152436,1020,167936,16224,0,0,182784,8720,184320,8480,143408,84,0,0,112436,24,112272,64,0,0,114920,1184,0,0,0,0
11060,typeperf.exe,0,0,144,3,0,4,0,65535,0,184,0,0,0,64,0,0,0,232,332,5,0,0,224,258,267,14,13,30208,11776,0,32208,4096,36864,4194304,4096,512,10,0,10,0,10,0,57344,1024,61477,3,49472,262144,8192,1048576,4096,0,0,41532,500,49152,2088,0,0,0,0,53248,2280,6336,84,0,0,0,0,4104,164,0,0,40960,568,0,0,0,0
11061,tzsync.exe,0,0,144,3,0,4,0,65535,0,184,0,0,0,64,0,0,0,128,34404,2,0,0,240,34,523,48,0,60928,1024,0,0,8192,0,5368709120,8192,512,4,0,0,0,4,0,81920,512,121221,3,34144,4194304,16384,1048576,8192,0,0,0,0,73728,1008,0,0,0,0,0,0,68504,56,0,0,0,0,0,0,0,0,0,0,0,0,8192,72
11062,tzutil.exe,0,0,144,3,0,4,0,65535,0,184,0,0,0,64,0,0,0,240,332,5,0,0,224,258,267,14,13,34304,14336,0,36224,4096,40960,4194304,4096,512,10,0,10,0,10,0,61440,1024,61533,3,49472,262144,8192,1048576,4096,0,0,45508,480,49152,4792,0,0,0,0,57344,2780,18960,84,0,0,0,0,11288,164,0,0,45056,448,0,0,0,0
11063,ucsvc.exe,0,0,144,3,0,4,0,65535,0,184,0,0,0,64,0,0,0,232,34404,6,0,0,240,34,523,14,13,25600,46080,0,6832,4096,0,5368709120,4096,512,10,0,10,0,10,0,90112,1024,77642,2,49504,524288,8192,1048576,4096,0,0,42728,520,81920,1784,77824,1344,48128,8720,86016,352,40480,84,0,0,0,0,33168,264,0,0,33432,768,0,0,0,0
11064,unifiedinstaller.exe,0,0,144,3,0,4,0,65535,0,184,0,0,0,64,0,0,0,256,34404,6,0,0,240,34,523,14,13,74240,52736,0,68432,4096,0,5368709120,4096,512,10,0,10,0,10,0,143360,1024,161740,3,49504,524288,8192,1048576,4096,0,0,114136,780,135168,1032,131072,3996,122880,8520,139264,616,97440,84,0,0,0,0,84224,264,0,0,84488,1512,0,0,0,0
11065,unlodctr.exe,0,0,144,3,0,4,0,65535,0,184,0,0,0,64,0,0,0,232,332,5,0,0,224,258,267,14,13,25600,8704,0,28032,4096,32768,4194304,4096,512,10,0,10,0,10,0,49152,1024,73515,3,49472,262144,8192,1048576,4096,0,0,37224,400,40960,2056,0,0,0,0,45056,1288,12000,84,0,0,0,0,5088,164,0,0,36864,356,0,0,0,0
11066,unregmp2.exe,0,0,144,3,0,4,0,65535,0,184,0,0,0,64,0,0,0,232,332,5,0,0,224,258,267,14,13,186880,30720,0,188160,4096,192512,4194304,4096,512,10,0,10,0,10,0,233472,1024,246047,2,49472,262144,8192,1048576,4096,0,0,205448,200,212992,3040,0,0,0,0,217088,12816,97552,84,0,0,28524,24,28360,164,0,0,204800,644,0,0,0,0
11067,unsecapp.exe,0,0,144,3,0,4,0,65535,0,184,0,0,0,64,0,0,0,240,34404,7,0,0,240,34,523,14,13,24576,26112,0,24160,4096,0,5368709120,4096,512,10,0,10,0,10,0,69632,1024,85943,2,49504,1048576,8192,1048576,4096,0,0,41672,460,61440,1848,53248,1704,0,0,65536,284,35376,84,0,0,0,0,29536,264,0,0,29800,1160,41332,96,0,0
11068,upfc.exe,0,0,144,3,0,4,0,65535,0,184,0,0,0,64,0,0,0,232,34404,6,0,0,240,34,523,14,13,72192,39424,0,71568,4096,0,5368709120,4096,512,10,0,10,0,10,0,131072,1024,140736,2,49504,524288,8192,1048576,4096,0,0,101368,760,122880,1784,118784,1836,108544,9936,126976,340,95280,84,0,0,0,0,78784,264,0,0,79048,1240,0,0,0,0
11069,upnpcont.exe,0,0,144,3,0,4,0,65535,0,184,0,0,0,64,0,0,0,232,332,6,0,0,224,258,267,14,13,18432,16384,0,20192,4096,24576,4194304,4096,512,10,0,10,0,10,0,53248,1024,41613,2,49472,262144,8192,1048576,4096,0,0,29140,480,36864,8520,0,0,0,0,49152,1400,5744,84,0,0,0,0,4360,164,0,0,28672,464,22236,96,0,0
11070,userinit.exe,0,0,144,3,0,4,0,65535,0,184,0,0,0,64,0,0,0,248,332,6,0,0,224,258,267,14,13,17920,9728,0,18368,4096,24576,4194304,4096,512,10,0,10,0,10,0,45056,1024,33351,2,49472,262144,32768,1048576,4096,0,0,29096,520,36864,1920,0,0,0,0,40960,1272,6800,84,0,0,0,0,4152,164,0,0,28672,420,21052,192,0,0
11071,usf.exe,0,0,144,3,4,0,0,65535,0,139,0,0,0,64,0,0,0,128,332,3,12681728,0,224,770,267,3,0,3235840,155648,10088448,13322944,10092544,13328384,4194304,4096,512,5,1,1,0,5,1,13484032,4096,3464495,2,33088,1048576,4096,1048576,4096,0,0,13481580,136,13328384,153196,0,0,3387904,11784,13481716,12,0,0,0,0,0,0,0,0,0,0,0,0,0,0,0,0
11072,vds.exe,0,0,144,3,0,4,0,65535,0,184,0,0,0,64,0,0,0,248,34404,7,0,0,240,34,523,14,13,316416,326144,0,309280,4096,0,5368709120,4096,512,10,0,10,0,10,0,663552,1024,640738,2,49504,524288,8192,1048576,4096,607104,9016,616120,800,655360,2528,638976,9360,0,0,659456,1700,545568,84,0,0,0,0,331776,264,0,0,332040,2992,606060,224,0,0
11073,vdsldr.exe,0,0,144,3,0,4,0,65535,0,184,0,0,0,64,0,0,0,248,34404,6,0,0,240,34,523,14,13,11776,14336,0,14192,4096,0,5368709120,4096,512,10,0,10,0,10,0,40960,1024,47205,2,49504,524288,8192,1048576,4096,21904,164,22068,180,32768,2544,28672,876,0,0,36864,200,20672,84,0,0,0,0,17232,264,0,0,17496,672,0,0,0,0
11074,verclsid.exe,0,0,144,3,0,4,0,65535,0,184,0,0,0,64,0,0,0,224,332,6,0,0,224,258,267,14,13,5120,6144,0,7216,4096,12288,4194304,4096,512,10,0,10,0,6,0,32768,1024,34568,2,49472,262144,8192,1048576,4096,0,0,16560,80,24576,2280,0,0,0,0,28672,432,4544,84,0,0,0,0,4104,64,0,0,16384,172,8764,64,0,0
11075,verifier.exe,0,0,144,3,0,4,0,65535,0,184,0,0,0,64,0,0,0,232,34404,7,0,0,240,34,523,14,13,67584,96256,0,69328,4096,0,5368709120,4096,512,10,0,10,0,10,0,184320,1024,193090,3,49504,524288,8192,1048576,4096,0,0,114688,620,139264,39312,131072,1872,0,0,180224,2104,110480,84,0,0,0,0,85600,264,0,0,85864,1400,114564,64,0,0
11076,verifiergui.exe,0,0,144,3,0,4,0,65535,0,184,0,0,0,64,0,0,0,224,332,5,0,0,224,258,267,14,13,124928,32256,0,110240,4096,131072,4194304,4096,512,10,0,10,0,10,0,172032,1024,155852,3,49472,262144,65536,1048576,4096,0,0,144876,260,151552,3648,0,0,0,0,155648,12948,24992,84,0,0,0,0,11952,164,0,0,143360,1512,0,0,0,0
11077,volumouse.exe,0,0,144,3,0,4,0,65535,0,184,0,0,0,64,0,0,0,232,34404,5,0,0,240,35,523,8,0,56832,30720,0,59552,4096,0,5368709120,4096,512,4,0,0,0,5,2,118784,1024,133952,2,32768,1048576,4096,1048576,4096,0,0,68248,200,102400,15816,98304,2064,88576,6240,0,0,63088,28,0,0,0,0,0,0,0,0,61440,1552,0,0,0,0
11078,volumouse32.exe,0,0,144,3,0,4,0,65535,0,184,0,0,0,64,0,0,0,224,332,4,0,0,224,259,267,8,0,5120,8704,0,8140,4096,12288,4194304,4096,512,4,0,0,0,4,0,28672,1024,50193,2,0,1048576,4096,1048576,4096,0,0,13928,80,24576,452,0,0,0,0,0,0,12544,28,0,0,0,0,0,0,0,0,12288,228,0,0,0,0
11079,vssadmin.exe,0,0,144,3,0,4,0,65535,0,184,0,0,0,64,0,0,0,248,34404,6,0,0,240,34,523,14,13,86528,57856,0,81200,4096,0,5368709120,4096,512,10,0,10,0,10,0,163840,1024,154561,3,49504,524288,8192,1048576,4096,0,0,139588,320,155648,2176,151552,2892,0,0,159744,312,128256,84,0,0,0,0,97456,264,0,0,97720,1224,0,0,0,0
11080,w32tm.exe,0,0,144,3,0,4,0,65535,0,184,0,0,0,64,0,0,0,232,332,6,0,0,224,258,267,14,13,189952,25600,0,167200,4096,196608,4194304,4096,512,10,0,10,0,10,0,229376,1024,253135,3,49472,262144,8192,1048576,4096,0,0,205640,940,217088,2096,0,0,0,0,221184,7564,33616,84,0,0,0,0,8736,164,0,0,204800,836,193760,96,0,0
11081,wab.exe,0,0,144,3,0,4,0,65535,0,184,0,0,0,64,0,0,0,240,34404,7,0,0,240,34,523,14,13,9216,509952,0,10448,4096,0,5368709120,4096,512,10,0,10,0,10,0,544768,1024,556583,2,49504,524288,8192,1048576,4096,0,0,20096,160,36864,499888,28672,408,0,0,540672,108,18384,84,0,0,16936,40,16672,264,0,0,16976,624,19996,64,0,0
11082,wabmig.exe,0,0,144,3,0,4,0,65535,0,184,0,0,0,64,0,0,0,240,34404,6,0,0,240,34,523,14,13,13312,56320,0,14640,4096,0,5368709120,4096,512,10,0,10,0,10,0,90112,1024,106174,2,49504,524288,8192,1048576,4096,0,0,23792,220,36864,46064,32768,540,0,0,86016,40,22368,84,0,0,20760,40,20496,264,0,0,20800,856,0,0,0,0
11083,waitfor.exe,0,0,144,3,0,4,0,65535,0,184,0,0,0,64,0,0,0,240,332,5,0,0,224,258,267,14,13,24064,8704,0,26000,4096,28672,4194304,4096,512,10,0,10,0,10,0,45056,1024,73856,3,49472,262144,8192,1048576,4096,0,0,33204,240,36864,2112,0,0,0,0,40960,1280,4944,84,0,0,0,0,4104,164,0,0,32768,432,0,0,0,0
11084,wbadmin.exe,0,0,144,3,0,4,0,65535,0,184,0,0,0,64,0,0,0,240,34404,6,0,0,240,34,523,14,13,259072,62976,0,259904,4096,0,5368709120,4096,512,10,0,10,0,10,0,339968,1024,354485,3,49504,524288,8192,1048576,4096,0,0,309656,220,331776,2224,323584,6036,0,0,335872,272,299568,84,0,0,0,0,266656,264,0,0,266920,1704,0,0,0,0
11085,wbemtest.exe,0,0,144,3,0,4,0,65535,0,184,0,0,0,64,0,0,0,240,34404,6,0,0,240,34,523,14,13,101888,126464,0,99712,4096,0,5368709120,4096,512,10,0,10,0,10,0,241664,1024,274934,2,49504,1048576,8192,1048576,4096,0,0,137556,440,172032,64688,167936,3864,0,0,237568,820,121024,84,0,0,0,0,109552,264,0,0,109816,1544,0,0,0,0
11086,wbengine.exe,0,0,144,3,0,4,0,65535,0,184,0,0,0,64,0,0,0,232,34404,6,0,0,240,34,523,14,13,1321984,221184,0,1311760,4096,0,5368709120,4096,512,10,0,10,0,10,0,1556480,1024,1571025,2,49504,524288,8192,1048576,4096,1489248,1480,1490728,380,1548288,2744,1515520,30504,0,0,1552384,1772,1436016,84,0,0,1334632,40,1334368,264,0,0,1334672,3352,0,0,0,0
11087,wecutil.exe,0,0,144,3,0,4,0,65535,0,184,0,0,0,64,0,0,0,232,332,6,0,0,224,258,267,14,13,64512,13824,0,58624,4096,69632,4194304,4096,512,10,0,10,0,10,0,94208,1024,124836,3,49472,262144,8192,1048576,4096,0,0,74252,500,86016,2072,0,0,0,0,90112,3844,15184,84,0,0,0,0,4344,164,0,0,73728,520,68056,128,0,0
11088,wermgr.exe,0,0,144,3,0,4,0,65535,0,184,0,0,0,64,0,0,0,248,332,7,0,0,224,258,267,14,13,86016,100864,512,82144,4096,90112,4194304,4096,512,10,0,10,0,10,0,208896,1024,228935,2,49600,262144,24576,1048576,4096,0,0,103432,780,118784,80424,0,0,184320,8504,200704,5372,18976,84,0,0,0,0,4272,164,0,0,102400,1028,89524,128,0,0
11089,wevtutil.exe,0,0,144,3,0,4,0,65535,0,184,0,0,0,64,0,0,0,256,332,6,0,0,224,258,267,14,13,163328,24576,0,142816,4096,167936,4194304,4096,512,10,0,10,0,10,0,204800,1024,226549,3,49472,262144,8192,1048576,4096,0,0,173016,860,188416,2064,0,0,0,0,192512,9992,18416,84,0,0,0,0,4416,164,0,0,172032,980,166020,192,0,0
11090,wextract.exe,0,0,144,3,0,4,0,65535,0,184,0,0,0,64,0,0,0,224,332,5,0,0,224,258,267,14,13,25600,116224,0,27232,4096,32768,4194304,4096,512,10,0,10,0,6,0,155648,1024,184353,2,49472,262144,8192,1048576,4096,0,0,41612,180,49152,101808,0,0,0,0,151552,2184,5136,84,0,0,0,0,4104,64,0,0,40960,648,0,0,0,0
11091,where.exe,0,0,144,3,0,4,0,65535,0,184,0,0,0,64,0,0,0,232,332,5,0,0,224,258,267,14,13,24576,8704,0,27008,4096,28672,4194304,4096,512,10,0,10,0,10,0,45056,1024,94204,3,49472,262144,8192,1048576,4096,0,0,33196,160,36864,2064,0,0,0,0,40960,1220,4928,84,0,0,0,0,4104,164,0,0,32768,424,0,0,0,0
11092,whoami.exe,0,0,144,3,0,4,0,65535,0,184,0,0,0,64,0,0,0,232,332,5,0,0,224,258,267,14,13,48640,10752,0,47504,4096,53248,4194304,4096,512,10,0,10,0,10,0,69632,1024,100531,3,49472,262144,8192,1048576,4096,0,0,57900,260,61440,2112,0,0,0,0,65536,2200,5424,84,0,0,4324,24,4160,164,0,0,57344,552,0,0,0,0
11093,whoistd.exe,0,0,144,3,0,4,0,65535,0,184,0,0,0,64,0,0,0,240,332,3,0,0,224,259,267,8,0,45056,8192,61440,107056,65536,110592,4194304,4096,512,4,0,0,0,4,0,118784,4096,104255,2,0,1048576,4096,1048576,4096,0,0,114860,520,110592,4268,0,0,48128,8568,0,0,0,0,0,0,0,0,0,0,0,0,0,0,0,0,0,0
11094,whosip.exe,0,0,144,3,0,4,0,65535,0,184,0,0,0,64,0,0,0,240,332,3,0,0,224,259,267,8,0,12288,4096,53248,68832,57344,69632,4194304,4096,512,4,0,0,0,4,0,73728,4096,92308,3,0,1048576,4096,1048576,4096,0,0,71068,308,69632,1436,0,0,15360,11984,0,0,0,0,0,0,0,0,0,0,0,0,0,0,0,0,0,0
11095,wiaacmgr.exe,0,0,144,3,0,4,0,65535,0,184,0,0,0,64,0,0,0,232,332,5,0,0,224,258,267,14,13,39936,44544,0,41408,4096,45056,4194304,4096,512,10,0,10,0,10,0,98304,1024,145042,2,49472,262144,8192,1048576,4096,0,0,49816,220,57344,33488,0,0,0,0,94208,2796,8784,84,0,0,4708,24,4544,164,0,0,49152,660,0,0,0,0
11096,wiawow64.exe,0,0,144,3,0,4,0,65535,0,184,0,0,0,64,0,0,0,240,34404,6,0,0,240,34,523,14,13,21504,16896,0,23104,4096,0,5368709120,4096,512,10,0,10,0,10,0,57344,1024,47962,2,49504,524288,8192,1048576,4096,0,0,36764,200,49152,1064,45056,1140,0,0,53248,172,34304,84,0,0,29448,40,29184,264,0,0,29488,920,0,0,0,0
11097,wifitask.exe,0,0,144,3,0,4,0,65535,0,184,0,0,0,64,0,0,0,240,34404,7,0,0,240,34,523,14,13,279552,117248,0,262816,4096,0,5368709120,4096,512,10,0,10,0,10,0,413696,1024,419611,2,49504,524288,8192,1048576,4096,0,0,372832,940,405504,1312,389120,12204,395264,8720,409600,2024,334576,84,0,0,0,0,299392,264,0,0,299656,2704,372704,64,0,0
11098,wimserv.exe,0,0,144,3,0,4,0,65535,0,184,0,0,0,64,0,0,0,232,34404,7,0,0,240,34,523,14,13,418816,95744,0,418320,4096,0,5368709120,4096,512,10,0,10,0,10,0,532480,1024,584156,2,49504,524288,8192,1048576,4096,0,0,478544,700,512000,15408,495616,11340,511488,8504,528384,720,464960,84,0,0,0,0,430416,264,0,0,430680,2144,478188,96,0,0
11099,winMd5SumPortable_1.0.1.55_Rev_4_English.paf.exe,0,0,144,3,0,4,0,65535,0,184,0,0,0,64,0,0,0,208,332,6,0,0,224,258,267,10,0,28672,445952,16896,14819,4096,32768,4194304,4096,512,5,0,6,0,5,0,1351680,1024,360896,2,34112,1048576,4096,1048576,4096,0,0,39780,180,1245184,102064,0,0,294336,6728,499712,2488,0,0,0,0,0,0,0,0,0,0,32768,720,0,0,0,0
11100,windeploy.exe,0,0,144,3,0,4,0,65535,0,184,0,0,0,64,0,0,0,232,34404,7,0,0,240,34,523,14,13,113152,65536,0,109280,4096,0,5368709120,4096,512,10,0,10,0,10,0,192512,1024,185822,2,49504,524288,8192,1048576,4096,0,0,165072,760,184320,3680,176128,3792,0,0,188416,288,155600,84,0,0,119336,40,119072,264,0,0,119376,1696,161388,896,0,0
11101,winhlp32.exe,0,0,144,3,0,4,0,65535,0,184,0,0,0,64,0,0,0,224,332,5,0,0,224,258,267,14,13,4608,6656,0,7056,4096,12288,4194304,4096,512,10,0,10,0,10,0,28672,1024,37300,2,49472,262144,8192,1048576,4096,0,0,16564,120,20480,3320,0,0,0,0,24576,424,4624,84,0,0,0,0,4104,164,0,0,16384,176,0,0,0,0
11102,wininit.exe,0,0,144,3,0,4,0,65535,0,184,0,0,0,64,0,0,0,240,34404,7,0,0,240,34,523,14,13,270336,108544,0,13424,4096,0,5368709120,4096,512,10,0,10,0,10,0,393216,1024,417240,2,49504,524288,57344,1048576,4096,0,0,346352,860,380928,8160,368640,6948,376320,12056,389120,1152,299744,84,0,0,0,0,275008,264,0,0,283520,3272,343856,704,0,0
11103,winlister.exe,0,0,144,3,0,4,0,65535,0,184,0,0,0,64,0,0,0,232,34404,5,0,0,240,35,523,8,0,28672,23040,0,31584,4096,0,5368709120,4096,512,4,0,0,0,5,2,65536,1024,91647,2,32768,1048576,4096,1048576,4096,0,0,39208,200,53248,9304,49152,1152,52736,11984,0,0,34192,28,0,0,0,0,0,0,0,0,32768,1376,0,0,0,0
11104,winrar.exe,0,0,80,2,0,4,15,65535,0,184,0,0,0,64,26,0,0,512,332,4,0,0,224,271,267,5,0,65536,12288,0,4096,4096,69632,4194304,4096,512,4,0,0,0,4,0,110592,1024,0,2,0,1048576,8192,1048576,4096,0,0,81920,3845,86016,24576,0,0,0,0,0,0,0,0,0,0,0,0,0,0,0,0,0,0,0,0,0,0
11105,winrs.exe,0,0,144,3,0,4,0,65535,0,184,0,0,0,64,0,0,0,240,332,6,0,0,224,258,267,14,13,29696,13312,0,30192,4096,36864,4194304,4096,512,10,0,10,0,10,0,61440,1024,67991,3,49472,262144,8192,1048576,4096,33440,163,41508,480,53248,2008,0,0,0,0,57344,2712,6816,84,0,0,0,0,4136,164,0,0,40960,544,33180,128,0,0
11106,winrshost.exe,0,0,144,3,0,4,0,65535,0,184,0,0,0,64,0,0,0,248,332,6,0,0,224,258,267,14,13,14848,9216,0,15152,4096,20480,4194304,4096,512,10,0,10,0,10,0,40960,1024,37529,2,49472,262144,65536,1048576,4096,0,0,24948,420,32768,1824,0,0,0,0,36864,1324,5712,84,0,0,0,0,4224,164,0,0,24576,368,17860,256,0,0
11107,winver.exe,0,0,144,3,0,4,0,65535,0,184,0,0,0,64,0,0,0,248,332,5,0,0,224,258,267,14,13,3584,52736,0,6240,4096,8192,4194304,4096,512,10,0,10,0,10,0,73728,1024,62068,2,49472,262144,8192,1048576,4096,0,0,12464,200,16384,49616,0,0,0,0,69632,320,4336,84,0,0,0,0,4104,164,0,0,12288,172,0,0,0,0
11108,wkspbroker.exe,0,0,144,3,0,4,0,65535,0,184,0,0,0,64,0,0,0,248,34404,7,0,0,240,34,523,14,13,194048,70144,512,190112,4096,0,5368709120,4096,512,10,0,10,0,10,0,286720,1024,318005,2,49632,524288,8192,1048576,4096,0,0,248152,260,270336,9080,262144,6540,262656,11288,282624,868,233056,84,0,0,0,0,208544,264,0,0,208808,2088,0,0,0,0
11109,wksprt.exe,0,0,144,3,0,4,0,65535,0,184,0,0,0,64,0,0,0,248,34404,6,0,0,240,34,523,14,13,246784,193536,0,239136,4096,0,5368709120,4096,512,10,0,10,0,6,1,458752,1024,454476,2,49504,524288,8192,1048576,4096,0,0,328000,280,356352,94264,344064,8772,0,0,454656,3472,307456,84,0,0,273448,40,273184,264,0,0,273488,2592,0,0,0,0
11110,wlanext.exe,0,0,144,3,0,4,0,65535,0,184,0,0,0,64,0,0,0,248,332,6,0,0,224,258,267,14,13,64512,13824,0,64592,4096,69632,4194304,4096,512,10,0,10,0,10,0,94208,1024,126508,3,49472,262144,8192,1048576,4096,0,0,74160,420,81920,2128,0,0,0,0,86016,5068,10304,84,0,0,0,0,4512,164,0,0,73728,428,66964,160,0,0
11111,wlrmdr.exe,0,0,144,3,0,4,0,65535,0,184,0,0,0,64,0,0,0,248,34404,7,0,0,240,34,523,14,13,13824,43520,512,15280,4096,0,5368709120,4096,512,10,0,10,0,10,0,81920,1024,92341,2,49632,524288,20480,1048576,4096,0,0,33016,420,49152,26488,45056,696,56832,9504,77824,228,31536,84,0,0,0,0,26368,264,0,0,26632,1160,0,0,0,0
11112,wmlaunch.exe,0,0,144,3,0,4,0,65535,0,184,0,0,0,64,0,0,0,224,34404,6,0,0,240,34,523,14,13,61952,32768,0,62592,4096,0,5368709120,4096,512,10,0,10,0,10,0,114688,1024,125155,2,49504,524288,8192,1048576,4096,0,0,87028,240,106496,2080,102400,2880,0,0,110592,848,83936,84,0,0,75304,40,75040,264,0,0,75344,1184,0,0,0,0
11113,wmpconfig.exe,0,0,144,3,0,4,0,65535,0,184,0,0,0,64,0,0,0,240,34404,6,0,0,240,34,523,14,13,2560,100864,0,5184,4096,0,5368709120,4096,512,10,0,10,0,10,0,122880,1024,120953,2,49504,524288,8192,1048576,4096,0,0,9724,80,20480,95576,16384,204,0,0,118784,32,8896,84,0,0,0,0,8208,264,0,0,8472,296,0,0,0,0
11114,wmplayer.exe,0,0,144,3,0,4,0,65535,0,184,0,0,0,64,0,0,0,216,34404,7,0,0,240,34,523,14,13,7168,163328,0,5984,4096,0,5368709120,4096,512,10,0,10,0,10,0,192512,1024,188733,2,49504,524288,8192,1048576,4096,0,0,16000,120,32768,153960,24576,264,0,0,188416,60,14768,84,0,0,0,0,12304,264,0,0,12568,560,15628,96,0,0
11115,wmpnetwk.exe,0,0,144,3,0,4,0,65535,0,184,0,0,0,64,0,0,0,248,34404,7,0,0,240,34,523,14,13,819200,303104,0,799728,4096,0,5368709120,4096,512,10,0,10,0,10,0,1134592,1024,1134362,3,49504,524288,8192,1048576,4096,0,0,992864,360,1056768,73328,1028096,21756,0,0,1130496,3784,928336,84,0,0,0,0,834848,264,0,0,835112,2712,991032,320,0,0
11116,wmpnscfg.exe,0,0,144,3,0,4,0,65535,0,184,0,0,0,64,0,0,0,232,34404,7,0,0,240,34,523,14,13,27136,44032,0,26336,4096,0,5368709120,4096,512,10,0,10,0,10,0,90112,1024,83714,2,49504,524288,8192,1048576,4096,0,0,40496,100,57344,28120,49152,1512,0,0,86016,212,37056,84,0,0,0,0,33408,264,0,0,33672,808,39904,160,0,0
11117,wmprph.exe,0,0,144,3,0,4,0,65535,0,184,0,0,0,64,0,0,0,232,34404,6,0,0,240,34,523,14,13,56832,29184,0,58592,4096,0,5368709120,4096,512,10,0,10,0,10,0,102400,1024,136439,2,49504,524288,8192,1048576,4096,0,0,73108,200,90112,4800,86016,2604,0,0,98304,696,70352,84,0,0,0,0,61456,264,0,0,64992,1664,0,0,0,0
11118,wmpshare.exe,0,0,144,3,0,4,0,65535,0,184,0,0,0,64,0,0,0,232,34404,7,0,0,240,34,523,14,13,4608,102400,0,6160,4096,0,5368709120,4096,512,10,0,10,0,10,0,131072,1024,139468,2,49504,524288,8192,1048576,4096,0,0,14248,60,28672,94736,20480,252,0,0,126976,44,13104,84,0,0,0,0,12304,264,0,0,12568,368,14092,64,0,0
11119,wowreg32.exe,0,0,144,3,0,4,0,65535,0,184,0,0,0,64,0,0,0,240,332,5,0,0,224,258,267,14,13,8704,6144,0,10976,4096,16384,4194304,4096,512,10,0,10,0,10,0,32768,1024,63122,3,49472,262144,8192,1048576,4096,0,0,20736,160,24576,2016,0,0,0,0,28672,624,6720,84,0,0,0,0,4104,164,0,0,20480,252,0,0,0,0
11120,wpnpinst.exe,0,0,144,3,0,4,0,65535,0,184,0,0,0,64,0,0,0,232,34404,6,0,0,240,34,523,14,13,11264,11776,0,13200,4096,0,5368709120,4096,512,10,0,10,0,10,0,40960,1024,77719,2,49504,524288,8192,1048576,4096,0,0,18964,120,32768,2096,28672,564,0,0,36864,32,17648,84,0,0,0,0,16400,264,0,0,16664,632,0,0,0,0
11121,wpr.exe,0,0,144,3,0,4,0,65535,0,184,0,0,0,64,0,0,0,232,34404,6,0,0,240,34,523,14,13,219136,112128,0,207344,4096,0,5368709120,4096,512,10,0,10,0,6,2,348160,1024,330589,3,49504,524288,8192,1048576,4096,0,0,304352,620,331776,11512,319488,8244,0,0,344064,900,267664,84,0,0,229576,40,229312,264,0,0,229616,1912,0,0,0,0
11122,write.exe,0,0,144,3,0,4,0,65535,0,184,0,0,0,64,0,0,0,240,332,5,0,0,224,258,267,14,13,3584,6144,0,5840,4096,8192,4194304,4096,512,10,0,10,0,10,0,24576,1024,57900,2,49472,262144,8192,1048576,4096,0,0,12420,80,16384,3496,0,0,0,0,20480,304,4368,84,0,0,0,0,4104,164,0,0,12288,128,0,0,0,0
11123,wscadminui.exe,0,0,144,3,0,4,0,65535,0,184,0,0,0,64,0,0,0,240,332,6,0,0,224,258,267,14,13,3584,4096,512,5776,4096,8192,4194304,4096,512,10,0,10,0,10,0,28672,1024,55517,2,49600,262144,8192,1048576,4096,0,0,16508,80,20480,1072,0,0,0,0,24576,304,4384,84,0,0,0,0,4104,164,0,0,16384,120,0,0,0,0
11124,wscript.exe,0,0,144,3,0,4,0,65535,0,184,0,0,0,64,0,0,0,248,332,5,0,0,224,258,267,14,13,94208,53248,0,31280,4096,98304,4194304,4096,512,10,0,10,0,10,0,159744,1024,152901,2,49472,1048576,32768,1048576,4096,98016,56,103220,160,110592,39856,0,0,0,0,151552,6556,23936,84,0,0,0,0,12856,164,0,0,102400,816,0,0,0,0
11125,wsmprovhost.exe,0,0,144,3,0,4,0,65535,0,184,0,0,0,64,0,0,0,256,332,6,0,0,224,258,267,14,13,30720,8704,0,20256,4096,36864,4194304,4096,512,10,0,10,0,10,0,57344,1024,57506,2,49472,262144,65536,1048576,4096,25616,8744,41300,340,49152,2024,0,0,0,0,53248,1476,5904,84,0,0,0,0,4264,164,0,0,40960,336,24896,256,0,0
11126,wsqmcons.exe,0,0,144,3,0,4,0,65535,0,184,0,0,0,64,0,0,0,240,34404,7,0,0,240,34,523,14,13,29696,63488,0,30480,4096,0,5368709120,4096,512,10,0,10,0,10,0,114688,1024,133101,2,49504,524288,8192,1048576,4096,0,0,43624,460,61440,46840,53248,1356,0,0,110592,84,40736,84,0,0,0,0,36912,264,0,0,37176,1032,43496,64,0,0
11127,wuapihost.exe,0,0,144,3,0,4,0,65535,0,184,0,0,0,64,0,0,0,240,34404,6,0,0,240,34,523,14,13,3584,8192,0,5856,4096,0,5368709120,4096,512,10,0,10,0,10,0,28672,1024,37019,2,49504,524288,8192,1048576,4096,0,0,9988,300,20480,992,16384,240,0,0,24576,36,9152,84,0,0,0,0,8240,264,0,0,8504,488,0,0,0,0
11128,wuauclt.exe,0,0,144,3,0,4,0,65535,0,184,0,0,0,64,0,0,0,240,34404,7,0,0,240,34,523,14,13,21504,17408,512,6512,4096,0,5368709120,4096,512,10,0,10,0,10,0,61440,1024,107115,2,49632,524288,8192,1048576,4096,0,0,41000,300,53248,2128,49152,720,38400,9112,57344,96,35200,84,0,0,0,0,32784,264,0,0,33048,560,0,0,0,0
11129,wul.exe,0,0,144,3,0,4,0,65535,0,184,0,0,0,64,0,0,0,232,332,3,0,0,224,259,267,8,0,32768,8192,45056,78944,49152,81920,4194304,4096,512,4,0,0,0,4,0,90112,4096,105405,2,0,1048576,4096,1048576,4096,0,0,87308,664,81920,5388,0,0,37376,11984,0,0,0,0,0,0,0,0,0,0,0,0,0,0,0,0,0,0
11130,wusa.exe,0,0,144,3,0,4,0,65535,0,184,0,0,0,64,0,0,0,248,332,5,0,0,224,258,267,14,13,192512,113152,0,194432,4096,196608,4194304,4096,512,10,0,10,0,10,0,319488,1024,307382,2,49472,262144,8192,1048576,4096,0,0,201500,280,208896,87168,0,0,0,0,299008,17924,114304,84,0,0,4300,24,4136,164,0,0,200704,792,0,0,0,0
11131,xcopy.exe,0,0,144,3,0,4,0,65535,0,184,0,0,0,64,0,0,0,240,332,5,0,0,224,258,267,14,13,29184,14848,0,16928,4096,36864,4194304,4096,512,10,0,10,0,10,0,57344,1024,53477,3,49472,262144,16384,1048576,4096,0,0,41704,300,49152,1744,0,0,0,0,53248,2664,4736,84,0,0,0,0,4184,164,0,0,40960,740,0,0,0,0
11132,xpyPortable_1.3.8.paf.exe,0,0,144,3,0,4,0,65535,0,184,0,0,0,64,0,0,0,208,332,6,0,0,224,258,267,10,0,28672,445952,16896,14819,4096,32768,4194304,4096,512,5,0,6,0,5,0,1380352,1024,492818,2,34112,1048576,4096,1048576,4096,0,0,39780,180,1261568,112104,0,0,472920,7168,499712,2488,0,0,0,0,0,0,0,0,0,0,32768,720,0,0,0,0
11133,xwizard.exe,0,0,144,3,0,4,0,65535,0,184,0,0,0,64,0,0,0,248,332,5,0,0,224,258,267,14,13,19968,35840,0,20064,4096,24576,4194304,4096,512,10,0,10,0,10,0,65536,1024,70205,2,49472,262144,8192,1048576,4096,0,0,29148,440,32768,28320,0,0,0,0,61440,1468,6400,84,0,0,0,0,4400,164,0,0,28672,472,0,0,0,0
12000,12-Ants_x64.exe,0,0,144,3,0,4,0,65535,0,184,0,0,0,64,0,0,0,248,34404,5,0,0,240,35,523,8,0,206848,508416,0,145456,4096,0,4194304,4096,512,4,0,0,0,5,2,724992,1024,507905,2,32768,1048576,4096,1048576,4096,0,0,249108,220,606208,118584,593920,9900,434688,10480,0,0,0,0,0,0,0,0,0,0,0,0,212992,2712,0,0,0,0
12001,4stAttackPortable_2.0_English.paf.exe,0,0,144,3,0,4,0,65535,0,184,0,0,0,64,0,0,0,208,332,6,0,0,224,258,267,10,0,28672,445952,16896,14819,4096,32768,4194304,4096,512,5,0,6,0,5,0,1351680,1024,3153037,2,34112,1048576,4096,1048576,4096,0,0,39780,180,1245184,102032,0,0,3089432,6728,499712,2488,0,0,0,0,0,0,0,0,0,0,32768,720,0,0,0,0
12002,7z1805.exe,0,0,144,3,0,4,0,65535,0,184,0,0,0,64,0,0,0,224,332,4,0,0,224,303,267,6,0,25600,18944,0,28980,4096,32768,4194304,4096,512,4,0,0,0,4,0,57344,1024,0,2,256,1048576,4096,1048576,4096,0,0,35980,160,53248,4072,0,0,0,0,0,0,0,0,0,0,0,0,0,0,0,0,32768,348,0,0,0,0
12003,Able-mindSR.exe,0,0,80,2,0,4,15,65535,0,184,0,0,0,64,26,0,0,256,332,8,0,0,224,33167,267,2,25,37376,17408,0,39512,4096,45056,4194304,4096,512,1,0,6,0,4,0,81920,1024,0,2,32768,1048576,16384,1048576,4096,0,0,53248,2384,69632,10752,0,0,0,0,0,0,0,0,0,0,61440,24,0,0,0,0,0,0,0,0,0,0
12004,ArmagetronAdvancedPortable_0.2.9.1.0.paf.exe,0,0,144,3,0,4,0,65535,0,184,0,0,0,64,0,0,0,216,332,5,0,0,224,271,267,6,0,26112,428544,16384,13784,4096,32768,4194304,4096,512,4,0,6,0,4,0,2007040,1024,3062110,2,34112,1048576,4096,1048576,4096,0,0,34052,160,1888256,116560,0,0,3015816,16640,0,0,0,0,0,0,0,0,0,0,0,0,32768,688,0,0,0,0
12005,ArthaPortable_1.0.3_English.paf.exe,0,0,144,3,0,4,0,65535,0,184,0,0,0,64,0,0,0,208,332,6,0,0,224,258,267,10,0,28672,445952,16896,14819,4096,32768,4194304,4096,512,5,0,6,0,5,0,1351680,1024,12719697,2,34112,1048576,4096,1048576,4096,0,0,39780,180,1245184,102000,0,0,12696160,6728,499712,2488,0,0,0,0,0,0,0,0,0,0,32768,720,0,0,0,0
12006,AtomicTanksPortable_6.6.paf.exe,0,0,144,3,0,4,0,65535,0,184,0,0,0,64,0,0,0,216,332,5,0,0,224,271,267,6,0,26624,428544,16384,13888,4096,32768,4194304,4096,512,4,0,6,0,4,0,1994752,1024,5424438,2,34112,1048576,4096,1048576,4096,0,0,34052,160,1888256,104784,0,0,5373672,10472,0,0,0,0,0,0,0,0,0,0,0,0,32768,688,0,0,0,0
12007,AutoHideDesktopIcons.exe,0,0,144,3,0,4,0,65535,0,184,0,0,0,64,0,0,0,232,332,4,0,0,224,271,267,6,0,86016,184320,0,54258,4096,90112,4194304,4096,4096,4,0,0,0,4,0,274432,4096,238236,2,0,1048576,4096,1048576,4096,0,0,94504,200,221184,53088,0,0,200704,10480,0,0,0,0,0,0,0,0,0,0,0,0,90112,960,0,0,0,0
12008,BRCPositivePayInstaller.exe,0,0,144,3,0,4,0,65535,0,184,0,0,0,64,0,0,0,264,332,4,0,0,224,3343,267,6,0,175104,362496,0,169042,4096,180224,4194304,4096,512,4,0,6,0,4,0,548864,1024,1982247,2,0,1048576,4096,1048576,4096,0,0,183272,240,540672,4304,0,0,1914504,9992,0,0,0,0,0,0,0,0,0,0,0,0,180224,1144,0,0,0,0
12009,BYONDPortable_5.0_Build_514.1583_English.paf.exe,0,0,144,3,0,4,0,65535,0,184,0,0,0,64,0,0,0,216,332,5,0,0,224,271,267,6,0,26624,428544,16384,13888,4096,32768,4194304,4096,512,4,0,6,0,4,0,2093056,1024,0,2,34112,1048576,4096,1048576,4096,0,0,34052,160,1986560,105080,0,0,0,0,0,0,0,0,0,0,0,0,0,0,0,0,32768,688,0,0,0,0
12010,BigSolitairesPortable_1.4_Rev_3_English.paf.exe,0,0,144,3,0,4,0,65535,0,184,0,0,0,64,0,0,0,208,332,6,0,0,224,258,267,10,0,28672,445952,16896,14819,4096,32768,4194304,4096,512,5,0,6,0,5,0,1351680,1024,4240295,2,34112,1048576,4096,1048576,4096,0,0,39780,180,1245184,102112,0,0,4225648,6728,499712,2488,0,0,0,0,0,0,0,0,0,0,32768,720,0,0,0,0
12011,BingSnapSetup64.exe,0,0,144,3,0,4,0,65535,0,184,0,0,0,64,0,0,0,216,332,5,0,0,224,271,267,6,0,26624,141824,2048,13888,4096,32768,4194304,4096,512,4,0,6,0,4,0,274432,1024,0,2,34112,1048576,4096,1048576,4096,0,0,34052,160,258048,15952,0,0,0,0,0,0,0,0,0,0,0,0,0,0,0,0,32768,688,0,0,0,0
12012,BrainWorkshopPortable_4.8.4_English.paf.exe,0,0,144,3,0,4,0,65535,0,184,0,0,0,64,0,0,0,216,332,5,0,0,224,271,267,6,0,26624,428544,16384,13888,4096,32768,4194304,4096,512,4,0,6,0,4,0,1994752,1024,11356412,2,34112,1048576,4096,1048576,4096,0,0,34052,160,1888256,104872,0,0,11306120,10472,0,0,0,0,0,0,0,0,0,0,0,0,32768,688,0,0,0,0
12013,CDC_Installer.exe,0,0,144,3,0,4,0,65535,0,184,0,0,0,64,0,0,0,248,332,4,0,0,224,271,267,6,0,131072,1716224,0,133450,4096,135168,4194304,4096,4096,4,0,0,0,4,0,1851392,4096,1831758,2,0,1048576,4096,1048576,4096,0,0,139140,240,299008,1551536,0,0,1761280,10480,0,0,0,0,0,0,0,0,0,0,0,0,135168,1548,0,0,0,0
12014,CSVBuddy-3_0-64-bit.exe,0,0,144,3,0,4,0,65535,0,184,0,0,0,64,0,0,0,240,34404,7,0,0,240,35,523,10,0,904704,565760,0,836944,4096,0,5368709120,4096,512,5,2,0,0,5,2,1515520,1024,1536266,2,0,4194304,4096,1048576,4096,0,0,1097508,300,1236992,274868,1163264,30900,1471488,9248,0,0,0,0,0,0,0,0,0,0,0,0,909312,3768,0,0,0,0
12015,CairoSetup_64bit.exe,0,0,144,3,0,4,0,65535,0,184,0,0,0,64,0,0,0,216,332,5,0,0,224,271,267,6,0,27136,186880,2048,13613,4096,32768,4194304,4096,512,4,0,6,0,4,0,839680,1024,0,2,34112,1048576,4096,1048576,4096,0,0,34320,160,299008,536912,0,0,0,0,0,0,0,0,0,0,0,0,0,0,0,0,32768,688,0,0,0,0
12016,CanabaltPortable_1.2_English.paf.exe,0,0,144,3,0,4,0,65535,0,184,0,0,0,64,0,0,0,216,332,5,0,0,224,271,267,6,0,26112,141824,2048,13477,4096,32768,4194304,4096,512,4,0,6,0,4,0,458752,1024,8939887,2,34112,1048576,4096,1048576,4096,0,0,34044,160,352256,104816,0,0,8910200,13120,0,0,0,0,0,0,0,0,0,0,0,0,32768,688,0,0,0,0
12017,CareUEyes_setup.exe,0,0,80,2,0,4,15,65535,0,184,0,0,0,64,26,0,0,256,332,8,0,0,224,33167,267,2,25,66560,64000,0,71708,4096,73728,4194304,4096,512,5,0,6,0,5,0,172032,1024,5253925,2,33088,1048576,16384,1048576,4096,0,0,102400,3588,114688,55508,0,0,5176152,22976,0,0,0,0,0,0,110592,24,0,0,0,0,103172,532,0,0,0,0
12018,CashAndTheCity_setup.exe,0,0,80,2,0,4,15,65535,0,184,0,0,0,64,26,0,0,256,332,10,0,0,224,33167,267,2,25,741376,89088,0,745196,4096,749568,4194304,4096,512,6,1,6,0,6,1,884736,1024,3865783,2,33088,1048576,16384,1048576,4096,802816,154,794624,3894,815104,69120,0,0,3802184,11784,0,0,0,0,0,0,811008,24,0,0,0,0,795364,580,798720,420,0,0
12019,ChromiumBSUPortable_0.9.13.2_English.paf.exe,0,0,144,3,0,4,0,65535,0,184,0,0,0,64,0,0,0,216,332,5,0,0,224,271,267,6,0,25088,141824,2048,13238,4096,32768,4194304,4096,512,4,0,6,0,4,0,458752,1024,2476291,2,34112,1048576,4096,1048576,4096,0,0,33980,160,352256,104888,0,0,2403768,13056,0,0,0,0,0,0,0,0,0,0,0,0,32768,696,0,0,0,0
12020,ClavierSetup.exe,0,0,144,3,0,4,0,65535,0,184,0,0,0,64,0,0,0,216,332,5,0,0,224,271,267,6,0,26624,141824,2048,13888,4096,32768,4194304,4096,512,4,0,6,0,4,0,368640,1024,0,2,34112,1048576,4096,1048576,4096,0,0,34052,160,348160,20120,0,0,0,0,0,0,0,0,0,0,0,0,0,0,0,0,32768,688,0,0,0,0
12021,CloudTierSetup.exe,0,0,144,3,0,4,0,65535,0,184,0,0,0,64,0,0,0,216,332,5,0,0,224,271,267,6,0,26624,186880,2048,13509,4096,32768,4194304,4096,512,4,0,6,0,4,0,319488,1024,2532451,2,34112,1048576,4096,1048576,4096,0,0,34320,160,294912,22592,0,0,2499904,20672,0,0,0,0,0,0,0,0,0,0,0,0,32768,688,0,0,0,0
12022,DOSBox0.74-win32-installer.exe,0,0,144,3,0,4,0,65535,0,184,0,0,0,64,0,0,0,216,332,5,0,0,224,271,267,6,0,23552,119808,1024,12860,4096,28672,4194304,4096,512,4,0,6,0,4,0,188416,1024,0,2,32768,1048576,4096,1048576,4096,0,0,29604,180,180224,5424,0,0,0,0,0,0,0,0,0,0,0,0,0,0,0,0,28672,652,0,0,0,0
12023,DOSBoxPortable_0.74.3.paf.exe,0,0,144,3,0,4,0,65535,0,184,0,0,0,64,0,0,0,216,332,5,0,0,224,271,267,6,0,26112,428544,16384,13477,4096,32768,4194304,4096,512,4,0,6,0,4,0,2007040,1024,2218327,2,34112,1048576,4096,1048576,4096,0,0,34052,160,1888256,116416,0,0,2151440,13136,0,0,0,0,0,0,0,0,0,0,0,0,32768,688,0,0,0,0
12024,DOSprn191.exe,0,0,80,2,0,4,15,65535,0,184,0,0,0,64,26,0,0,256,332,8,0,0,224,33167,267,2,25,37888,17920,0,40000,4096,45056,4194304,4096,512,1,0,6,0,4,0,81920,1024,0,2,32768,1048576,16384,1048576,4096,0,0,53248,2384,69632,11264,0,0,0,0,0,0,0,0,0,0,61440,24,0,0,0,0,0,0,0,0,0,0
12025,DatabaseBrowserPortable_5.3.2.17_English.paf.exe,0,0,144,3,0,4,0,65535,0,184,0,0,0,64,0,0,0,216,332,5,0,0,224,271,267,6,0,26624,428544,16384,13888,4096,32768,4194304,4096,512,4,0,6,0,4,0,1994752,1024,0,2,34112,1048576,4096,1048576,4096,0,0,34052,160,1888256,104912,0,0,0,0,0,0,0,0,0,0,0,0,0,0,0,0,32768,688,0,0,0,0
12026,DeskTimeSetup.exe,0,0,80,2,0,4,15,65535,0,184,0,0,0,64,26,0,0,256,332,10,0,0,224,33167,267,2,25,741376,194048,0,745196,4096,749568,4194304,4096,512,6,1,6,0,6,1,991232,1024,2337865,2,33088,1048576,16384,1048576,4096,802816,154,794624,3894,815104,173600,0,0,2273920,11904,0,0,0,0,0,0,811008,24,0,0,0,0,795364,580,798720,420,0,0
12027,DesktopDigitalClock_x64_Installer.exe,0,0,144,3,0,4,0,65535,0,184,0,0,0,64,0,0,0,240,34404,5,0,0,240,35,523,9,0,414720,1917952,0,295980,4096,0,5368709120,4096,512,5,2,0,0,5,2,2347008,1024,2233314,2,32768,1048576,4096,1048576,4096,0,0,516064,220,786432,1557216,761856,24336,2177536,10480,0,0,0,0,0,0,0,0,0,0,0,0,421888,3080,0,0,0,0
12028,DesktopImages3D_x64_Install.exe,0,0,144,3,0,4,0,65535,0,184,0,0,0,64,0,0,0,240,34404,5,0,0,240,35,523,9,0,537088,532992,0,403024,4096,0,5368709120,4096,512,5,2,0,0,5,2,1085440,1024,940196,2,32768,1048576,4096,1048576,4096,0,0,659248,260,962560,118952,929792,30660,897536,10480,0,0,0,0,0,0,0,0,0,0,0,0,544768,3792,0,0,0,0
12029,DesktopOK.exe,0,0,144,3,0,4,0,65535,0,184,0,0,0,64,0,0,0,248,332,4,0,0,224,271,267,6,0,270336,675840,0,269176,4096,274432,4194304,4096,4096,4,0,0,0,4,0,950272,4096,827896,2,0,1048576,4096,1048576,4096,0,0,280024,260,753664,195224,0,0,761856,10480,0,0,0,0,0,0,0,0,0,0,0,0,274432,1832,0,0,0,0
12030,DesktopSnowOK_x64.exe,0,0,144,3,0,4,0,65535,0,184,0,0,0,64,0,0,0,240,34404,5,0,0,240,35,523,9,0,150016,804864,0,83536,4096,0,5368709120,4096,512,5,2,0,0,5,2,966656,1024,392239,2,32768,1048576,4096,1048576,4096,0,0,184520,220,864256,99248,856064,7848,330752,10480,0,0,0,0,0,0,0,0,0,0,0,0,155648,2040,0,0,0,0
12031,DittoSetup_64bit_3_24_238_0.exe,0,0,80,2,0,4,15,65535,0,184,0,0,0,64,26,0,0,256,332,10,0,0,224,33167,267,2,25,741888,89600,0,745196,4096,749568,4194304,4096,512,6,0,6,0,6,0,884736,1024,0,2,33088,1048576,16384,1048576,4096,802816,154,794624,4060,815104,69632,0,0,0,0,0,0,0,0,0,0,811008,24,0,0,0,0,795380,596,798720,420,0,0
12032,EPubMetadataEditorInstaller.exe,0,0,80,2,0,4,15,65535,0,184,0,0,0,64,26,0,0,256,332,8,0,0,224,33167,267,2,25,66560,53760,0,71644,4096,73728,4194304,4096,512,5,0,6,0,5,0,163840,1024,0,2,33088,1048576,16384,1048576,4096,0,0,102400,3588,114688,45568,0,0,0,0,0,0,0,0,0,0,110592,24,0,0,0,0,103172,532,0,0,0,0
12033,FontExport.exe,0,0,80,2,0,4,15,65535,0,184,0,0,0,64,26,0,0,256,332,8,0,0,224,33167,267,2,25,37888,17920,0,40000,4096,45056,4194304,4096,512,1,0,6,0,4,0,81920,1024,0,2,32768,1048576,16384,1048576,4096,0,0,53248,2384,69632,11264,0,0,0,0,0,0,0,0,0,0,61440,24,0,0,0,0,0,0,0,0,0,0
12034,FreeAlarmClockSetup.exe,0,0,80,2,0,4,15,65535,0,184,0,0,0,64,26,0,0,256,332,8,0,0,224,33167,267,2,25,66560,122880,0,71644,4096,73728,4194304,4096,512,5,0,6,0,5,0,229376,1024,4747680,2,33088,1048576,16384,1048576,4096,0,0,102400,3588,114688,114184,0,0,4712432,8656,0,0,0,0,0,0,110592,24,0,0,0,0,103172,532,0,0,0,0
12035,FreeStopwatch.exe,0,0,80,2,0,4,15,65535,0,184,0,0,0,64,26,0,0,256,332,10,0,0,224,36239,267,2,25,4549632,2685952,0,4554748,4096,4558848,4194304,4096,512,5,0,0,0,5,0,7974912,1024,7263074,2,0,1048576,16384,1048576,4096,5349376,159,5328896,15126,5361664,2611712,0,0,7236608,8656,0,0,0,0,0,0,5357568,24,0,0,0,0,5331532,2336,5345280,3154,0,0
12036,FrhedPortable_2017.11.paf.exe,0,0,144,3,0,4,0,65535,0,184,0,0,0,64,0,0,0,216,332,5,0,0,224,271,267,6,0,26624,428544,16384,13888,4096,32768,4194304,4096,512,4,0,6,0,4,0,2011136,1024,742823,2,34112,1048576,4096,1048576,4096,0,0,34052,160,1888256,120888,0,0,681240,10472,0,0,0,0,0,0,0,0,0,0,0,0,32768,688,0,0,0,0
12037,GetSudokuPortable_1.0_Rev_2.paf.exe,0,0,144,3,0,4,0,65535,0,184,0,0,0,64,0,0,0,208,332,6,0,0,224,258,267,10,0,28672,445952,16896,14819,4096,32768,4194304,4096,512,5,0,6,0,5,0,2002944,1024,3308248,2,34112,1048576,4096,1048576,4096,0,0,39780,180,1884160,112168,0,0,3242040,5984,499712,2488,0,0,0,0,0,0,0,0,0,0,32768,720,0,0,0,0
12038,GoldenDictPortable_1.0.1_Rev_2.paf.exe,0,0,144,3,0,4,0,65535,0,184,0,0,0,64,0,0,0,208,332,6,0,0,224,258,267,10,0,28672,445952,16896,14819,4096,32768,4194304,4096,512,5,0,6,0,5,0,2002944,1024,15613696,2,34112,1048576,4096,1048576,4096,0,0,39780,180,1884160,112184,0,0,15596472,5984,499712,2488,0,0,0,0,0,0,0,0,0,0,32768,720,0,0,0,0
12039,HMNISEditPortable_2.0.3_Rev_2.paf.exe,0,0,144,3,0,4,0,65535,0,184,0,0,0,64,0,0,0,208,332,6,0,0,224,258,267,10,0,28672,445952,16896,14819,4096,32768,4194304,4096,512,5,0,6,0,5,0,1359872,1024,1206911,2,34112,1048576,4096,1048576,4096,0,0,39780,180,1245184,107744,0,0,1140984,6728,499712,2488,0,0,0,0,0,0,0,0,0,0,32768,720,0,0,0,0
12040,HappyPhotoViewerSetup.exe,0,0,80,2,0,4,15,65535,0,184,0,0,0,64,26,0,0,256,332,8,0,0,224,33167,267,2,25,37888,17920,0,40000,4096,45056,4194304,4096,512,1,0,6,0,4,0,81920,1024,0,2,32768,1048576,16384,1048576,4096,0,0,53248,2384,69632,11264,0,0,0,0,0,0,0,0,0,0,61440,24,0,0,0,0,0,0,0,0,0,0
12041,Hex-A-HopPortable_1.1.0_Rev_3_English.paf.exe,0,0,144,3,0,4,0,65535,0,184,0,0,0,64,0,0,0,208,332,6,0,0,224,258,267,10,0,28672,445952,16896,14819,4096,32768,4194304,4096,512,5,0,6,0,5,0,1990656,1024,10954949,2,34112,1048576,4096,1048576,4096,0,0,39780,180,1884160,102056,0,0,10884224,5984,499712,2488,0,0,0,0,0,0,0,0,0,0,32768,720,0,0,0,0
12042,HourglassInstaller.exe,0,0,144,3,0,4,0,65535,0,184,0,0,0,64,0,0,0,272,332,6,0,0,224,3330,267,14,11,301568,469504,0,189094,4096,307200,4194304,4096,512,5,1,0,0,5,1,790528,1024,1665294,2,33088,1048576,4096,1048576,4096,0,0,427700,180,446464,323904,0,0,1649544,5304,774144,15868,423504,84,0,0,423588,24,421936,64,0,0,307200,992,426548,256,0,0
12043,IHaveNoTomatoesPortable_1.5_English.paf.exe,0,0,144,3,0,4,0,65535,0,184,0,0,0,64,0,0,0,208,332,6,0,0,224,258,267,10,0,28672,445952,16896,14819,4096,32768,4194304,4096,512,5,0,6,0,5,0,1351680,1024,9079147,2,34112,1048576,4096,1048576,4096,0,0,39780,180,1245184,102104,0,0,9069288,7168,499712,2488,0,0,0,0,0,0,0,0,0,0,32768,720,0,0,0,0
12044,IceBreakerPortable_2.2.1_English.paf.exe,0,0,144,3,0,4,0,65535,0,184,0,0,0,64,0,0,0,216,332,5,0,0,224,271,267,6,0,26624,428544,16384,13888,4096,32768,4194304,4096,512,4,0,6,0,4,0,1994752,1024,1476372,2,34112,1048576,4096,1048576,4096,0,0,34052,160,1888256,104864,0,0,1453048,8608,0,0,0,0,0,0,0,0,0,0,0,0,32768,688,0,0,0,0
12045,IniTranslatorPortable_1.9.0.52_Rev_2.paf.exe,0,0,144,3,0,4,0,65535,0,184,0,0,0,64,0,0,0,216,332,5,0,0,224,271,267,6,0,26112,428544,16384,13477,4096,32768,4194304,4096,512,4,0,6,0,4,0,1990656,1024,8320030,2,34112,1048576,4096,1048576,4096,0,0,34044,160,1871872,116512,0,0,8247424,13120,0,0,0,0,0,0,0,0,0,0,0,0,32768,688,0,0,0,0
12046,InstaMonitr-Free.exe,0,0,80,2,0,4,15,65535,0,184,0,0,0,64,26,0,0,256,332,10,0,0,224,33167,267,2,25,741376,38400,0,745196,4096,749568,4194304,4096,512,6,1,6,0,6,1,835584,1024,0,2,33088,1048576,16384,1048576,4096,802816,154,794624,3894,815104,18432,0,0,0,0,0,0,0,0,0,0,811008,24,0,0,0,0,795364,580,798720,420,0,0
12047,JooleemPortable_0.1.4.2_English.paf.exe,0,0,144,3,0,4,0,65535,0,184,0,0,0,64,0,0,0,208,332,6,0,0,224,258,267,10,0,28672,445952,16896,14819,4096,32768,4194304,4096,512,5,0,6,0,5,0,1351680,1024,5508280,2,34112,1048576,4096,1048576,4096,0,0,39780,180,1245184,102024,0,0,5453152,6728,499712,2488,0,0,0,0,0,0,0,0,0,0,32768,720,0,0,0,0
12048,KoboDeluxePortable_0.5.1_Rev_2_English.paf.exe,0,0,144,3,0,4,0,65535,0,184,0,0,0,64,0,0,0,208,332,6,0,0,224,258,267,10,0,28672,445952,16896,14819,4096,32768,4194304,4096,512,5,0,6,0,5,0,1990656,1024,2303055,2,34112,1048576,4096,1048576,4096,0,0,39780,180,1884160,102072,0,0,2237248,5984,499712,2488,0,0,0,0,0,0,0,0,0,0,32768,720,0,0,0,0
12049,KompoZerPortable_0.8_Beta_3_English.paf.exe,0,0,144,3,0,4,0,65535,0,184,0,0,0,64,0,0,0,208,332,6,0,0,224,258,267,10,0,28672,445952,16896,14819,4096,32768,4194304,4096,512,5,0,6,0,5,0,1351680,1024,6879307,2,34112,1048576,4096,1048576,4096,0,0,39780,180,1245184,102040,0,0,6822656,7168,499712,2488,0,0,0,0,0,0,0,0,0,0,32768,720,0,0,0,0
12050,LBreakout2Portable_2.6.5_English.paf.exe,0,0,144,3,0,4,0,65535,0,184,0,0,0,64,0,0,0,216,332,5,0,0,224,271,267,6,0,26112,428544,16384,13784,4096,32768,4194304,4096,512,4,0,6,0,4,0,1994752,1024,3791356,2,34112,1048576,4096,1048576,4096,0,0,34052,160,1888256,104848,0,0,3772896,8608,0,0,0,0,0,0,0,0,0,0,0,0,32768,688,0,0,0,0
12051,LMarblesPortable_1.0.8_English.paf.exe,0,0,144,3,0,4,0,65535,0,184,0,0,0,64,0,0,0,216,332,5,0,0,224,271,267,6,0,26112,428544,16384,13784,4096,32768,4194304,4096,512,4,0,6,0,4,0,1994752,1024,1819517,2,34112,1048576,4096,1048576,4096,0,0,34052,160,1888256,104832,0,0,1754656,16640,0,0,0,0,0,0,0,0,0,0,0,0,32768,688,0,0,0,0
12052,LightBulb-Installer.exe,0,0,80,2,0,4,15,65535,0,184,0,0,0,64,26,0,0,256,332,10,0,0,224,33167,267,2,25,741376,85504,0,745196,4096,749568,4194304,4096,512,6,1,6,0,6,1,880640,1024,0,2,33088,1048576,16384,1048576,4096,802816,154,794624,3894,815104,65116,0,0,0,0,0,0,0,0,0,0,811008,24,0,0,0,0,795364,580,798720,420,0,0
12053,MagicMouseTrails_Installer.exe,0,0,144,3,0,4,0,65535,0,184,0,0,0,64,0,0,0,248,34404,5,0,0,240,35,523,8,0,194560,429056,0,194688,4096,0,4194304,4096,512,4,0,0,0,5,2,638976,1024,481153,2,32768,1048576,4096,1048576,4096,0,0,229012,240,520192,116240,512000,7344,423424,10480,0,0,0,0,0,0,0,0,0,0,0,0,200704,3048,0,0,0,0
12054,Memo.exe,0,0,80,2,0,4,15,65535,0,184,0,0,0,64,26,0,0,256,332,8,0,0,224,33167,267,2,25,37888,17920,0,40000,4096,45056,4194304,4096,512,1,0,6,0,4,0,81920,1024,0,2,32768,1048576,16384,1048576,4096,0,0,53248,2384,69632,11264,0,0,0,0,0,0,0,0,0,0,61440,24,0,0,0,0,0,0,0,0,0,0
12055,Mines-PerfectPortable_1.4.0.4_English.paf.exe,0,0,144,3,0,4,0,65535,0,184,0,0,0,64,0,0,0,208,332,6,0,0,224,258,267,10,0,28672,445952,16896,14819,4096,32768,4194304,4096,512,5,0,6,0,5,0,1351680,1024,718700,2,34112,1048576,4096,1048576,4096,0,0,39780,180,1245184,102080,0,0,708928,6728,499712,2488,0,0,0,0,0,0,0,0,0,0,32768,720,0,0,0,0
12056,MouseJiggleSetup.exe,0,0,80,2,0,4,15,65535,0,184,0,0,0,64,26,0,0,256,332,10,0,0,224,33167,267,2,25,741888,37888,0,745196,4096,749568,4194304,4096,512,6,1,6,0,6,1,835584,1024,2736569,2,33088,1048576,16384,1048576,4096,802816,154,794624,4060,815104,17480,0,0,2720528,10656,0,0,0,0,0,0,811008,24,0,0,0,0,795380,596,798720,420,0,0
12057,MusicAceDemo.exe,0,0,144,3,0,4,0,65535,0,184,0,0,0,64,0,0,0,240,332,4,0,0,224,271,267,6,0,69632,98304,0,33959,4096,73728,4194304,4096,4096,4,0,0,0,4,0,172032,4096,0,2,0,1048576,4096,1048576,4096,0,0,75776,160,98304,70152,0,0,0,0,0,0,0,0,0,0,0,0,0,0,0,0,73728,756,0,0,0,0
12058,NSISPortable_3.08.0.6_English.paf.exe,0,0,144,3,0,4,0,65535,0,184,0,0,0,64,0,0,0,216,332,5,0,0,224,271,267,6,0,26624,428544,16384,13888,4096,32768,4194304,4096,512,4,0,6,0,4,0,1994752,1024,2273986,2,34112,1048576,4096,1048576,4096,0,0,34052,160,1888256,104784,0,0,2199376,10472,0,0,0,0,0,0,0,0,0,0,0,0,32768,688,0,0,0,0
12059,NetHackPortable_3.6.6_English.paf.exe,0,0,144,3,0,4,0,65535,0,184,0,0,0,64,0,0,0,200,332,5,0,0,224,271,267,6,0,26112,428544,16384,13581,4096,32768,4194304,4096,512,4,0,6,0,4,0,1994752,1024,3050888,2,34112,1048576,4096,1048576,4096,0,0,34052,160,1888256,104824,0,0,2988576,13136,0,0,0,0,0,0,0,0,0,0,0,0,32768,684,0,0,0,0
12060,Notepad2-modPortable_4.2.25.998_English.paf.exe,0,0,144,3,0,4,0,65535,0,184,0,0,0,64,0,0,0,216,332,5,0,0,224,271,267,6,0,25600,141824,2048,13449,4096,32768,4194304,4096,512,4,0,6,0,4,0,458752,1024,1565515,2,34112,1048576,4096,1048576,4096,0,0,34044,160,352256,104888,0,0,1502264,13056,0,0,0,0,0,0,0,0,0,0,0,0,32768,688,0,0,0,0
12061,Notepad2Portable_4.2.25_Rev_2_English.paf.exe,0,0,144,3,0,4,0,65535,0,184,0,0,0,64,0,0,0,208,332,6,0,0,224,258,267,10,0,28672,445952,16896,14819,4096,32768,4194304,4096,512,5,0,6,0,5,0,1368064,1024,957764,2,34112,1048576,4096,1048576,4096,0,0,39780,180,1261568,102056,0,0,893560,7168,499712,2488,0,0,0,0,0,0,0,0,0,0,32768,720,0,0,0,0
12062,NotepadPlusPlusPortable_8.4.9.paf.exe,0,0,144,3,0,4,0,65535,0,184,0,0,0,64,0,0,0,216,332,5,0,0,224,271,267,6,0,26624,428544,16384,13888,4096,32768,4194304,4096,512,4,0,6,0,4,0,2027520,1024,6930271,2,34112,1048576,4096,1048576,4096,0,0,34052,160,1904640,120920,0,0,6907360,10472,0,0,0,0,0,0,0,0,0,0,0,0,32768,688,0,0,0,0
12063,OneLoupe_x64.exe,0,0,144,3,0,4,0,65535,0,184,0,0,0,64,0,0,0,224,34404,5,0,0,240,35,523,9,0,124928,259584,0,64080,4096,0,5368709120,4096,512,5,2,0,0,5,2,397312,1024,235877,2,32768,1048576,4096,1048576,4096,0,0,155392,160,389120,6312,380928,7152,207872,10480,0,0,0,0,0,0,0,0,0,0,0,0,131072,1976,0,0,0,0
12064,OnelaunchSoftware.exe,0,0,80,2,0,4,15,65535,0,184,0,0,0,64,26,0,0,256,332,10,0,0,224,33167,267,2,25,741376,151552,0,745196,4096,749568,4194304,4096,512,6,1,6,0,6,1,950272,1024,2799275,2,33088,1048576,16384,1048576,4096,802816,154,794624,3894,815104,131476,0,0,2754480,4312,0,0,0,0,0,0,811008,24,0,0,0,0,795364,580,798720,420,0,0
12065,OnlyStopWatch_x64.exe,0,0,144,3,0,4,0,65535,0,184,0,0,0,64,0,0,0,216,34404,5,0,0,240,35,523,9,0,114688,175104,0,55868,4096,0,5368709120,4096,512,5,2,0,0,5,2,299008,1024,255998,2,32768,1048576,4096,1048576,4096,0,0,141632,180,282624,13384,274432,6336,193024,10480,0,0,0,0,0,0,0,0,0,0,0,0,118784,1760,0,0,0,0
12066,PathologicalPortable_1.1.2_English.paf.exe,0,0,144,3,0,4,0,65535,0,184,0,0,0,64,0,0,0,224,332,5,0,0,224,259,267,9,0,25600,431104,16896,13643,4096,32768,4194304,4096,512,5,0,6,0,5,0,1286144,1024,6848571,2,33792,1048576,4096,1048576,4096,0,0,35352,180,1187840,98304,0,0,6824048,4264,0,0,0,0,0,0,0,0,0,0,0,0,32768,704,0,0,0,0
12067,PingusPortable_0.7.6.paf.exe,0,0,144,3,0,4,0,65535,0,184,0,0,0,64,0,0,0,208,332,6,0,0,224,258,267,10,0,28672,445952,16896,14819,4096,32768,4194304,4096,512,5,0,6,0,5,0,1363968,1024,14183983,2,34112,1048576,4096,1048576,4096,0,0,39780,180,1245184,112128,0,0,14137528,7328,499712,2488,0,0,0,0,0,0,0,0,0,0,32768,720,0,0,0,0
12068,PointerStick_x64.exe,0,0,144,3,0,4,0,65535,0,184,0,0,0,64,0,0,0,216,34404,5,0,0,240,35,523,9,0,132608,954368,0,67612,4096,0,5368709120,4096,512,5,2,0,0,5,2,1101824,1024,929342,2,32768,1048576,4096,1048576,4096,0,0,166904,220,389120,709096,380928,7572,916992,10480,0,0,0,0,0,0,0,0,0,0,0,0,139264,2192,0,0,0,0
12069,PortableApps.comInstaller_3.7.5.paf.exe,0,0,144,3,0,4,0,65535,0,184,0,0,0,64,0,0,0,216,332,5,0,0,224,271,267,6,0,26624,428544,16384,13888,4096,32768,4194304,4096,512,4,0,6,0,4,0,2011136,1024,2811752,2,34112,1048576,4096,1048576,4096,0,0,34052,160,1888256,120984,0,0,2791952,10472,0,0,0,0,0,0,0,0,0,0,0,0,32768,688,0,0,0,0
12070,PortableApps.comLauncher_2.2.3.paf.exe,0,0,144,3,0,4,0,65535,0,184,0,0,0,64,0,0,0,216,332,5,0,0,224,271,267,6,0,26112,428544,16384,13784,4096,32768,4194304,4096,512,4,0,6,0,4,0,2007040,1024,2747288,2,34112,1048576,4096,1048576,4096,0,0,34052,160,1888256,116512,0,0,2713256,8608,0,0,0,0,0,0,0,0,0,0,0,0,32768,688,0,0,0,0
12071,PrintMyFonts.exe,0,0,144,3,0,4,0,65535,0,184,0,0,0,64,0,0,0,128,332,7,0,0,224,783,267,3,4,3545728,142308,27636,3549760,4096,3551232,4194304,4096,512,4,0,1,0,4,0,6148096,1024,0,2,0,16777216,4096,1048576,4096,0,0,5226496,300,5242880,901272,0,0,0,0,0,0,0,0,0,0,3693456,24,0,0,0,0,5229092,2296,0,0,0,0
12072,ProcessKO_x64.exe,0,0,144,3,0,4,0,65535,0,184,0,0,0,64,0,0,0,248,34404,5,0,0,240,35,523,9,0,460288,244736,0,354488,4096,0,5368709120,4096,512,5,2,0,0,5,2,716800,1024,676567,2,32768,1048576,4096,1048576,4096,0,0,539128,220,630784,84224,606208,22356,663040,10480,0,0,0,0,0,0,0,0,0,0,0,0,466944,2800,0,0,0,0
12073,ProjectInvinciblePortable_2.10_English.paf.exe,0,0,144,3,0,4,0,65535,0,184,0,0,0,64,0,0,0,208,332,6,0,0,224,258,267,10,0,28672,445952,16896,14819,4096,32768,4194304,4096,512,5,0,6,0,5,0,1351680,1024,2743607,2,34112,1048576,4096,1048576,4096,0,0,39780,180,1245184,102128,0,0,2703216,7168,499712,2488,0,0,0,0,0,0,0,0,0,0,32768,720,0,0,0,0
12074,QEyePortable_6.5.0.9_English.paf.exe,0,0,144,3,0,4,0,65535,0,184,0,0,0,64,0,0,0,216,332,5,0,0,224,271,267,6,0,26624,428544,16384,13888,4096,32768,4194304,4096,512,4,0,6,0,4,0,1994752,1024,0,2,34112,1048576,4096,1048576,4096,0,0,34052,160,1888256,104808,0,0,0,0,0,0,0,0,0,0,0,0,0,0,0,0,32768,688,0,0,0,0
12075,RescueTimeInstaller.exe,0,0,80,2,0,4,15,65535,0,184,0,0,0,64,26,0,0,256,332,8,0,0,224,33167,267,2,25,41984,36352,0,43728,4096,49152,4194304,4096,512,1,0,6,0,4,0,106496,1024,1560912,2,33088,1048576,16384,1048576,4096,0,0,57344,2428,73728,31896,0,0,1529696,7296,69632,0,0,0,0,0,65536,24,0,0,0,0,0,0,0,0,0,0
12076,RonsEditor_2022.07.22.1402_setup.exe,0,0,80,2,0,4,15,65535,0,184,0,0,0,64,26,0,0,256,332,10,0,0,224,33167,267,2,25,682496,37888,0,687824,4096,692224,4194304,4096,512,6,0,6,0,6,0,778240,1024,2868905,2,33088,1048576,16384,1048576,4096,745472,154,737280,3868,757760,17920,0,0,2843288,11200,0,0,0,0,0,0,753664,24,0,0,0,0,738016,576,741376,420,0,0
12077,SWI-PrologPortable_9.0.4_English.paf.exe,0,0,144,3,0,4,0,65535,0,184,0,0,0,64,0,0,0,216,332,5,0,0,224,271,267,6,0,26624,428544,16384,13888,4096,32768,4194304,4096,512,4,0,6,0,4,0,1994752,1024,10069106,2,34112,1048576,4096,1048576,4096,0,0,34052,160,1888256,104840,0,0,10042840,10472,0,0,0,0,0,0,0,0,0,0,0,0,32768,688,0,0,0,0
12078,Sdcb.exe,0,0,144,3,0,4,0,65535,0,184,0,0,0,64,0,0,0,240,332,4,0,0,224,271,267,6,0,69632,98304,0,33959,4096,73728,4194304,4096,4096,4,0,0,0,4,0,172032,4096,0,2,0,1048576,4096,1048576,4096,0,0,75776,160,98304,70152,0,0,0,0,0,0,0,0,0,0,0,0,0,0,0,0,73728,756,0,0,0,0
12079,SetupGlocal_20190614.exe,0,0,80,2,0,4,15,65535,0,184,0,0,0,64,26,0,0,256,332,8,0,0,224,33167,267,2,25,40448,11264,0,42488,4096,45056,4194304,4096,512,1,0,6,0,4,0,77824,1024,0,2,32768,1048576,16384,1048576,4096,0,0,53248,2384,69632,7080,0,0,0,0,65536,0,0,0,0,0,61440,24,0,0,0,0,0,0,0,0,0,0
12080,SideSlide_v5.73_Setup.exe,0,0,80,2,0,4,15,65535,0,184,0,0,0,64,26,0,0,256,332,8,0,0,224,33167,267,2,25,41984,43520,0,43728,4096,49152,4194304,4096,512,1,0,6,0,4,0,114688,1024,0,2,33088,1048576,16384,1048576,4096,0,0,57344,2428,73728,39100,0,0,0,0,69632,0,0,0,0,0,65536,24,0,0,0,0,0,0,0,0,0,0
12081,SlideDogSetup.exe,0,0,144,3,0,4,0,65535,0,184,0,0,0,64,0,0,0,216,332,5,0,0,224,271,267,6,0,26112,141824,2048,13477,4096,32768,4194304,4096,512,4,0,6,0,4,0,479232,1024,594645,2,34112,1048576,4096,1048576,4096,0,0,34052,160,430080,47560,0,0,524152,8624,0,0,0,0,0,0,0,0,0,0,0,0,32768,688,0,0,0,0
12082,Spreadspeed3Setup.exe,0,0,144,3,0,4,0,65535,0,184,0,0,0,64,0,0,0,272,332,5,0,0,224,290,267,14,10,374784,424448,0,217767,4096,380928,4194304,4096,512,5,1,10,0,5,1,819200,1024,851048,2,33088,1048576,8192,1048576,4096,378608,120,394036,200,401408,398204,0,0,800256,14648,802816,15200,77472,84,0,0,0,0,30640,64,0,0,393216,816,377796,128,0,0
12083,SqlitemanPortable_1.2.2.paf.exe,0,0,144,3,0,4,0,65535,0,184,0,0,0,64,0,0,0,208,332,6,0,0,224,258,267,10,0,28672,445952,16896,14819,4096,32768,4194304,4096,512,5,0,6,0,5,0,1363968,1024,6808040,2,34112,1048576,4096,1048576,4096,0,0,39780,180,1245184,112160,0,0,6792456,6728,499712,2488,0,0,0,0,0,0,0,0,0,0,32768,720,0,0,0,0
12084,TBSetup.exe,0,0,144,3,0,4,0,65535,0,184,0,0,0,64,0,0,0,264,332,4,0,0,224,259,267,14,28,145408,1125376,0,57278,4096,151552,4194304,4096,512,6,0,0,0,6,0,1294336,1024,1309029,2,33024,1048576,4096,1048576,4096,0,0,188540,180,212992,1079588,0,0,1271808,10040,0,0,184892,28,0,0,185152,24,184920,64,0,0,151552,856,0,0,0,0
12085,TS-AudioToMIDI.exe,0,0,144,3,0,4,0,65535,0,184,0,0,0,64,0,0,0,208,332,5,0,0,224,271,267,6,0,24064,119808,1024,16456,4096,28672,4194304,4096,512,4,0,0,0,4,0,192512,1024,0,2,0,1048576,4096,1048576,4096,0,0,29488,180,184320,8192,0,0,0,0,0,0,0,0,0,0,0,0,0,0,0,0,28672,672,0,0,0,0
12086,TaskLayout-v0.7.3.1-Installer.exe,0,0,144,3,0,4,0,65535,0,184,0,0,0,64,0,0,0,256,332,5,0,0,224,303,267,6,0,168960,53760,0,161734,4096,176128,4194304,4096,512,4,0,0,0,4,0,241664,1024,0,2,256,1048576,4096,1048576,4096,0,0,199028,140,229376,9176,0,0,0,0,0,0,0,0,0,0,0,0,0,0,0,0,176128,564,0,0,0,0
12087,TenClipsSetup32.exe,0,0,144,3,0,4,0,65535,0,184,0,0,0,64,0,0,0,216,332,5,0,0,224,271,267,6,0,23552,119808,1024,12860,4096,28672,4194304,4096,512,4,0,6,0,4,0,217088,1024,0,2,32768,1048576,4096,1048576,4096,0,0,29604,180,188416,26216,0,0,0,0,0,0,0,0,0,0,0,0,0,0,0,0,28672,652,0,0,0,0
12088,TheAeroClock_x64.exe,0,0,144,3,0,4,0,65535,0,184,0,0,0,64,0,0,0,232,34404,5,0,0,240,35,523,9,0,430592,1940480,0,307852,4096,0,5368709120,4096,512,5,2,0,0,5,2,2387968,1024,2239613,2,32768,1048576,4096,1048576,4096,0,0,535984,220,802816,1581752,774144,25092,2216448,10480,0,0,0,0,0,0,0,0,0,0,0,0,438272,3320,0,0,0,0
12089,Typelightsetup.exe,0,0,80,2,0,4,15,65535,0,184,0,0,0,64,26,0,0,256,332,8,0,0,224,33167,267,2,25,37888,17920,0,40000,4096,45056,4194304,4096,512,1,0,6,0,4,0,81920,1024,3651786,2,32768,1048576,16384,1048576,4096,0,0,53248,2384,69632,11264,0,0,3580168,16552,0,0,0,0,0,0,61440,24,0,0,0,0,0,0,0,0,0,0
12090,Typograph_Setup.exe,0,0,144,3,0,4,0,65535,0,184,0,0,0,64,0,0,0,240,332,5,0,0,224,259,267,8,0,77824,65536,0,44830,4096,81920,4194304,4096,4096,4,0,0,0,4,0,1941504,4096,1914631,2,0,32000,4096,32000,4096,96240,50,92308,120,159744,38764,0,0,1888256,7096,0,0,0,0,0,0,0,0,89760,64,0,0,81920,728,0,0,0,0
12091,UltraUXThemePatcher_4.4.0.exe,0,0,144,3,0,4,0,65535,0,184,0,0,0,64,0,0,0,216,332,5,0,0,224,271,267,6,0,26624,141824,2048,13888,4096,32768,4194304,4096,512,4,0,6,0,4,0,462848,1024,0,2,34112,1048576,4096,1048576,4096,0,0,34052,160,430080,29872,0,0,0,0,0,0,0,0,0,0,0,0,0,0,0,0,32768,688,0,0,0,0
12092,VideoWallpaper_setup.exe,0,0,144,3,0,4,0,65535,0,184,0,0,0,64,0,0,0,128,332,3,0,0,224,258,267,48,0,5120,3072,0,13106,8192,16384,4194304,8192,512,4,0,0,0,4,0,32768,512,27519,2,34112,1048576,4096,1048576,4096,0,0,13024,79,16384,2416,0,0,8704,8584,24576,12,12996,28,0,0,0,0,0,0,0,0,8192,8,0,0,8200,72
12093,WMSetup.exe,0,0,144,3,0,4,0,65535,0,184,0,0,0,64,0,0,0,264,332,4,0,0,224,259,267,14,28,145408,1094144,0,57278,4096,151552,4194304,4096,512,6,0,0,0,6,0,1261568,1024,1277429,2,33024,1048576,4096,1048576,4096,0,0,188540,180,212992,1048112,0,0,1240576,10040,0,0,184892,28,0,0,185152,24,184920,64,0,0,151552,856,0,0,0,0
12094,WinDock_Setup_1_2_1.exe,0,0,80,2,0,4,15,65535,0,184,0,0,0,64,26,0,0,256,332,8,0,0,224,33167,267,2,25,40448,17920,0,42488,4096,45056,4194304,4096,512,1,0,6,0,4,0,81920,1024,0,2,32768,1048576,16384,1048576,4096,0,0,53248,2384,69632,11264,0,0,0,0,0,0,0,0,0,0,61440,24,0,0,0,0,0,0,0,0,0,0
12095,WinaeroTweaker-1.40.0.0-setup.exe,0,0,80,2,0,4,15,65535,0,184,0,0,0,64,26,0,0,256,332,8,0,0,224,33167,267,2,25,65024,103936,0,70588,4096,73728,4194304,4096,512,5,0,6,0,5,0,212992,1024,0,2,32768,1048576,16384,1048576,4096,0,0,102400,3536,114688,95988,0,0,0,0,0,0,0,0,0,0,110592,24,0,0,0,0,103164,524,0,0,0,0
12096,WordCreator.exe,0,0,144,3,0,4,0,65535,0,184,0,0,0,64,0,0,0,128,332,7,0,0,224,783,267,3,4,3880320,141908,27652,3884352,4096,3887104,4194304,4096,512,4,0,1,0,4,0,6680576,1024,0,2,0,16777216,4096,1048576,4096,0,0,5693440,280,5709824,969040,0,0,0,0,0,0,0,0,0,0,4028928,24,0,0,0,0,5695896,2176,0,0,0,0
12097,XAMPP_1.7.paf.exe,0,0,144,3,0,4,0,65535,0,184,0,0,0,64,0,0,0,216,332,5,0,0,224,271,267,6,0,26112,428544,16384,13477,4096,32768,4194304,4096,512,4,0,6,0,4,0,1990656,1024,424081,2,34112,1048576,4096,1048576,4096,0,0,34044,160,1871872,116392,0,0,352296,13120,0,0,0,0,0,0,0,0,0,0,0,0,32768,688,0,0,0,0
12098,ZoomIt64.exe,0,0,144,3,0,4,0,65535,0,184,0,0,0,64,0,0,0,280,34404,7,0,0,240,34,523,14,34,388608,241152,0,191168,4096,0,5368709120,4096,512,6,0,0,0,6,0,643072,1024,675608,2,33120,1048576,4096,1048576,4096,0,0,543140,260,614400,22648,589824,19440,619008,10112,638976,3476,494704,84,0,0,494848,40,494384,320,0,0,393216,2560,0,0,0,0
12099,acereader.exe,0,0,144,3,0,4,0,65535,0,184,0,0,0,64,0,0,0,248,332,4,0,0,224,271,267,6,0,208896,98304,0,164193,4096,212992,4194304,4096,4096,4,0,0,0,4,0,327680,4096,4715858,2,0,1048576,4096,1048576,4096,0,0,232360,220,282624,42112,0,0,4663944,5704,0,0,0,0,0,0,0,0,0,0,0,0,212992,1128,0,0,0,0
12100,autoleavemeeting.exe,0,0,80,2,0,4,15,65535,0,184,0,0,0,64,26,0,0,256,332,8,0,0,224,33167,267,2,25,65024,432640,0,70588,4096,73728,4194304,4096,512,5,0,6,0,5,0,540672,1024,1481263,2,32768,1048576,16384,1048576,4096,0,0,102400,3536,114688,424960,0,0,1397080,19656,0,0,0,0,0,0,110592,24,0,0,0,0,103164,524,0,0,0,0
12101,calajaws.exe,0,0,144,3,0,4,0,65535,0,184,0,0,0,64,0,0,0,248,332,5,0,0,224,258,267,10,10,26112,335360,0,26918,4096,32768,4194304,4096,512,6,2,6,2,5,1,380928,1024,392720,2,33088,262144,8192,1048576,4096,0,0,40960,180,49152,324996,0,0,0,0,376832,2088,4128,28,0,0,0,0,5016,64,0,0,41804,664,0,0,0,0
12102,cdbxp_setup_4.5.2.4291.exe,0,0,80,2,0,4,15,65535,0,184,0,0,0,64,26,0,0,256,332,9,0,0,224,33167,267,2,25,87040,437248,0,91076,4096,94208,4194304,4096,512,5,0,6,0,5,0,573440,1024,5316381,2,32768,1048576,16384,1048576,4096,0,0,122880,3998,143360,428760,0,0,5275728,8008,135168,0,0,0,0,0,131072,24,0,0,0,0,123728,588,0,0,0,0
12103,colorclassic.exe,0,0,144,3,0,4,0,65535,0,184,0,0,0,64,0,0,0,128,332,3,0,0,224,34,267,48,0,426496,105984,0,434322,8192,442368,4194304,8192,512,4,0,0,0,6,0,557056,512,568255,2,34144,1048576,4096,1048576,4096,0,0,434240,79,442368,105344,0,0,532992,10064,548864,12,433928,28,0,0,0,0,0,0,0,0,8192,8,0,0,8200,72
12104,desktopcal-setup-v2.exe,0,0,144,3,0,4,0,65535,0,184,0,0,0,64,0,0,0,224,332,5,0,0,224,259,267,9,0,25600,431104,16896,13643,4096,32768,4194304,4096,512,5,0,6,0,5,0,1359872,1024,4727112,2,33792,1048576,4096,1048576,4096,0,0,35352,180,1318912,38200,0,0,4673088,7784,0,0,0,0,0,0,0,0,0,0,0,0,32768,704,0,0,0,0
12105,dfsetup221.exe,0,0,144,3,0,4,0,65535,0,184,0,0,0,64,0,0,0,216,332,5,0,0,224,259,267,9,0,29696,441856,16896,14876,4096,36864,4194304,4096,512,5,0,6,0,5,0,3993600,1024,4646224,2,33792,1048576,4096,1048576,4096,0,0,44156,160,3952640,37024,0,0,4606736,13016,0,0,0,0,0,0,0,0,0,0,0,0,36864,704,0,0,0,0
12106,edraw-max_setup_full5371.exe,0,0,144,3,0,4,0,65535,0,184,0,0,0,64,0,0,0,280,332,6,0,0,224,258,267,10,0,1082368,683008,0,887831,4096,1089536,4194304,4096,512,5,1,0,0,5,1,1798144,1024,1797735,2,33088,1048576,4096,1048576,4096,0,0,1338868,360,1392640,331024,0,0,1766400,21496,1724416,60456,1091856,28,0,0,1277816,24,1277744,64,0,0,1089536,2096,0,0,0,0
12107,gVimPortable_9.0.paf.exe,0,0,144,3,0,4,0,65535,0,184,0,0,0,64,0,0,0,216,332,5,0,0,224,271,267,6,0,26624,428544,16384,13888,4096,32768,4194304,4096,512,4,0,6,0,4,0,2113536,1024,10167800,2,34112,1048576,4096,1048576,4096,0,0,34052,160,1986560,123560,0,0,10143376,10472,0,0,0,0,0,0,0,0,0,0,0,0,32768,688,0,0,0,0
12108,greenwaterfalls.exe,0,0,80,2,0,4,15,65535,0,184,0,0,0,64,26,0,0,256,332,8,0,0,224,33167,267,2,25,40448,15360,0,42488,4096,45056,4194304,4096,512,1,0,6,0,4,0,81920,1024,3704325,2,33088,1048576,16384,1048576,4096,0,0,53248,2384,69632,11164,0,0,3628048,13376,65536,0,0,0,0,0,61440,24,0,0,0,0,0,0,0,0,0,0
12109,health-break-reminder.exe,0,0,80,2,0,4,15,65535,0,184,0,0,0,64,26,0,0,256,332,8,0,0,224,33167,267,2,25,66560,136192,0,71708,4096,73728,4194304,4096,512,5,0,6,0,5,0,245760,1024,0,2,33088,1048576,16384,1048576,4096,0,0,102400,3588,114688,127828,0,0,0,0,0,0,0,0,0,0,110592,24,0,0,0,0,103172,532,0,0,0,0
12110,letsview-setup.exe,0,0,144,3,0,4,0,65535,0,184,0,0,0,64,0,0,0,296,332,5,0,0,224,290,267,14,30,1218560,696320,0,951557,4096,1224704,4194304,4096,512,6,0,0,0,6,0,1929216,1024,1978876,2,33088,1048576,4096,1048576,4096,0,0,1506920,300,1544192,308944,0,0,1909248,11680,1855488,69744,1408112,84,0,0,1408448,24,1408200,64,0,0,1224704,1888,0,0,0,0
12111,lightpdf-setup.exe,0,0,144,3,0,4,0,65535,0,184,0,0,0,64,0,0,0,296,332,5,0,0,224,290,267,14,27,1205248,660480,0,943081,4096,1212416,4194304,4096,512,6,0,0,0,6,0,1875968,1024,1912854,2,33088,1048576,4096,1048576,4096,0,0,1501552,300,1536000,265336,0,0,1859584,16672,1802240,70984,1403328,84,0,0,1403600,24,1403416,64,0,0,1212416,1880,0,0,0,0
12112,litesetup_x64_en.exe,0,0,144,3,0,4,0,65535,0,184,0,0,0,64,0,0,0,224,332,3,0,0,224,291,267,9,0,77824,8192,122880,200848,126976,204800,4194304,4096,512,5,0,0,0,5,0,212992,4096,2146210,2,32768,1048576,4096,1048576,4096,0,0,212580,284,204800,7780,0,0,2134208,11680,0,0,0,0,0,0,0,0,0,0,0,0,0,0,0,0,0,0
12113,localcooling-2.0-installer_Zap-q31.exe,0,0,80,2,0,4,15,65535,0,184,0,0,0,64,26,0,0,256,332,10,0,0,224,33167,267,2,25,741888,89600,0,745196,4096,749568,4194304,4096,512,6,1,6,0,6,1,884736,1024,1822682,2,33088,1048576,16384,1048576,4096,802816,154,794624,4060,815104,69632,0,0,1790048,10048,0,0,0,0,0,0,811008,24,0,0,0,0,795380,596,798720,420,0,0
12114,logframer_31_setup.exe,0,0,144,3,0,4,0,65535,0,184,0,0,0,64,0,0,0,272,332,5,0,0,224,290,267,14,10,374784,424960,0,217767,4096,380928,4194304,4096,512,5,1,10,0,5,1,819200,1024,823661,2,33088,1048576,8192,1048576,4096,378608,120,394036,200,401408,398396,0,0,800768,9456,802816,15200,77472,84,0,0,0,0,30640,64,0,0,393216,816,377796,128,0,0
12115,mit-scratch-3.29.1-installer_3G67a-1.exe,0,0,80,2,0,4,15,65535,0,184,0,0,0,64,26,0,0,256,332,10,0,0,224,33167,267,2,25,741888,89600,0,745196,4096,749568,4194304,4096,512,6,1,6,0,6,1,884736,1024,1822682,2,33088,1048576,16384,1048576,4096,802816,154,794624,4060,815104,69632,0,0,1790048,10048,0,0,0,0,0,0,811008,24,0,0,0,0,795380,596,798720,420,0,0
12116,netPanzerPortable_0.8.7_English.paf.exe,0,0,144,3,0,4,0,65535,0,184,0,0,0,64,0,0,0,216,332,5,0,0,224,271,267,6,0,25088,141824,2048,13238,4096,32768,4194304,4096,512,4,0,6,0,4,0,458752,1024,10043129,2,34112,1048576,4096,1048576,4096,0,0,33980,160,352256,104832,0,0,10029760,13056,0,0,0,0,0,0,0,0,0,0,0,0,32768,696,0,0,0,0
12117,nexusfont_setup_2.7.1.exe,0,0,80,2,0,4,15,65535,0,184,0,0,0,64,26,0,0,256,332,10,0,0,224,33167,267,2,25,741888,89600,0,745196,4096,749568,4194304,4096,512,6,1,6,0,6,1,884736,1024,0,2,33088,1048576,16384,1048576,4096,802816,154,794624,4060,815104,69632,0,0,0,0,0,0,0,0,0,0,811008,24,0,0,0,0,795380,596,798720,420,0,0
12118,nfopad181.exe,0,0,144,3,0,4,0,65535,0,184,0,0,0,64,0,0,0,216,332,5,0,0,224,271,267,6,0,26624,141824,2048,13888,4096,32768,4194304,4096,512,4,0,6,0,4,0,286720,1024,0,2,34112,1048576,4096,1048576,4096,0,0,34052,160,253952,31360,0,0,0,0,0,0,0,0,0,0,0,0,0,0,0,0,32768,688,0,0,0,0
12119,pebuilder3110a.exe,0,0,80,2,0,4,15,65535,0,184,0,0,0,64,26,0,0,256,332,8,0,0,224,33167,267,2,25,36864,16896,0,38896,4096,40960,4194304,4096,512,1,0,0,0,4,0,77824,1024,0,2,0,1048576,16384,1048576,4096,0,0,49152,2370,65536,10240,0,0,0,0,0,0,0,0,0,0,57344,24,0,0,0,0,0,0,0,0,0,0
12120,printdistributor-2019.4.5.1048.exe,0,0,80,2,0,4,15,65535,0,184,0,0,0,64,26,0,0,256,332,8,0,0,224,33167,267,2,25,66560,53760,0,71708,4096,73728,4194304,4096,512,5,0,6,0,5,0,163840,1024,2190070,2,33088,1048576,16384,1048576,4096,0,0,102400,3588,114688,45568,0,0,2171040,5792,0,0,0,0,0,0,110592,24,0,0,0,0,103172,532,0,0,0,0
12121,rufus-3.3p.exe,0,0,144,3,0,4,0,65535,0,184,0,0,0,64,0,0,0,128,332,3,0,0,224,783,267,2,31,978944,45056,1994752,2973184,1998848,2977792,4194304,4096,512,4,0,1,0,4,0,3022848,4096,1039968,2,256,2097152,4096,1048576,4096,0,0,3018840,780,2977792,41048,0,0,1019904,7224,0,0,0,0,0,0,2976208,24,0,0,0,0,0,0,0,0,0,0
12122,setupGMS3.exe,0,0,80,2,0,4,15,65535,0,184,0,0,0,64,26,0,0,256,332,8,0,0,224,33167,267,2,25,41472,17920,0,43672,4096,49152,4194304,4096,512,1,0,6,0,4,0,86016,1024,0,2,33088,1048576,16384,1048576,4096,0,0,57344,2428,73728,11264,0,0,0,0,0,0,0,0,0,0,65536,24,0,0,0,0,0,0,0,0,0,0
12123,setup_BakadoPlayer.exe,0,0,80,2,0,4,15,65535,0,184,0,0,0,64,26,0,0,256,332,8,0,0,224,33167,267,2,25,36864,32768,0,39116,4096,40960,4194304,4096,512,1,0,0,0,4,0,94208,1024,0,2,32768,1048576,16384,1048576,4096,0,0,49152,2384,65536,28308,0,0,0,0,61440,0,0,0,0,0,57344,24,0,0,0,0,0,0,0,0,0,0
12124,setup_DTT.exe,0,0,80,2,0,4,15,65535,0,184,0,0,0,64,26,0,0,256,332,8,0,0,224,33167,267,2,25,37376,32768,0,39572,4096,45056,4194304,4096,512,1,0,6,0,4,0,98304,1024,0,2,32768,1048576,16384,1048576,4096,0,0,53248,2384,69632,28544,0,0,0,0,65536,0,0,0,0,0,61440,24,0,0,0,0,0,0,0,0,0,0
12125,setup_FSL_Launcher.exe,0,0,80,2,0,4,15,65535,0,184,0,0,0,64,26,0,0,256,332,8,0,0,224,33167,267,2,25,37376,32768,0,39572,4096,45056,4194304,4096,512,1,0,6,0,4,0,98304,1024,0,2,32768,1048576,16384,1048576,4096,0,0,53248,2384,69632,28544,0,0,0,0,65536,0,0,0,0,0,61440,24,0,0,0,0,0,0,0,0,0,0
12126,setup_IconRestorer.exe,0,0,80,2,0,4,15,65535,0,184,0,0,0,64,26,0,0,256,332,9,0,0,224,33167,267,2,25,87040,71680,0,91076,4096,94208,4194304,4096,512,5,0,6,0,5,0,208896,1024,0,2,32768,1048576,16384,1048576,4096,0,0,122880,3998,143360,63384,0,0,0,0,135168,0,0,0,0,0,131072,24,0,0,0,0,123728,588,0,0,0,0
12127,setup_SuperFinderXT.exe,0,0,80,2,0,4,15,65535,0,184,0,0,0,64,26,0,0,256,332,8,0,0,224,33167,267,2,25,41984,33280,0,43728,4096,49152,4194304,4096,512,1,0,6,0,4,0,106496,1024,0,2,33088,1048576,16384,1048576,4096,0,0,57344,2428,73728,29032,0,0,0,0,69632,0,0,0,0,0,65536,24,0,0,0,0,0,0,0,0,0,0
12128,setup_WatchDOG.exe,0,0,80,2,0,4,15,65535,0,184,0,0,0,64,26,0,0,256,332,8,0,0,224,33167,267,2,25,36864,32768,0,39116,4096,40960,4194304,4096,512,1,0,0,0,4,0,94208,1024,0,2,32768,1048576,16384,1048576,4096,0,0,49152,2384,65536,28308,0,0,0,0,61440,0,0,0,0,0,57344,24,0,0,0,0,0,0,0,0,0,0
12129,setup_multitimer.exe,0,0,80,2,0,4,15,65535,0,184,0,0,0,64,26,0,0,256,332,10,0,0,224,33167,267,2,25,741376,64512,0,745196,4096,749568,4194304,4096,512,6,0,6,0,6,0,860160,1024,9018548,2,33088,1048576,16384,1048576,4096,802816,154,794624,3894,815104,44128,0,0,8975136,9936,0,0,0,0,0,0,811008,24,0,0,0,0,795364,580,798720,420,0,0
12130,sonma-typing-expert-2.01.0000-installer_1-VnWd1.exe,0,0,80,2,0,4,15,65535,0,184,0,0,0,64,26,0,0,256,332,10,0,0,224,33167,267,2,25,741888,89600,0,745196,4096,749568,4194304,4096,512,6,1,6,0,6,1,884736,1024,1822682,2,33088,1048576,16384,1048576,4096,802816,154,794624,4060,815104,69632,0,0,1790048,10048,0,0,0,0,0,0,811008,24,0,0,0,0,795380,596,798720,420,0,0
12131,tnp631se_uni.exe,0,0,144,3,0,4,0,65535,0,184,0,0,0,64,0,0,0,200,332,5,0,0,224,271,267,6,0,24064,120320,1024,12908,4096,28672,4194304,4096,512,4,0,6,0,4,0,204800,1024,241360,2,32768,1048576,4096,1048576,4096,0,0,29720,160,192512,9736,0,0,202720,20944,0,0,0,0,0,0,0,0,0,0,0,0,28672,636,0,0,0,0
12132,tyt2022setup.exe,0,0,80,2,0,4,15,65535,0,184,0,0,0,64,26,0,0,256,332,8,0,0,224,33167,267,2,25,37888,17920,0,40000,4096,45056,4194304,4096,512,1,0,6,0,4,0,81920,1024,0,2,32768,1048576,16384,1048576,4096,0,0,53248,2384,69632,11264,0,0,0,0,0,0,0,0,0,0,61440,24,0,0,0,0,0,0,0,0,0,0
20000,05af0cf40590aef24b28fa04c6b4998b7ab3b7f26e60c507adb84f3d837778f2,1,1,144,3,0,4,0,65535,0,184,0,0,0,64,0,0,0,264,332,4,0,0,224,258,267,14,25,581632,501760,0,295367,4096,585728,4194304,4096,512,6,0,0,0,6,0,1089536,1024,0,2,33088,1048576,4096,1048576,4096,0,0,1009924,280,0,0,0,0,0,0,1052672,35404,961456,56,0,0,961696,24,961512,64,0,0,585728,884,0,0,0,0
20001,09f01f2256663969229c2c954f7b29751b41a0c2b36cdb9b67c9491b76c04898,1,1,144,3,0,4,0,65535,0,184,0,0,0,64,0,0,0,272,332,5,0,0,224,258,267,14,28,535040,262656,0,258438,4096,540672,4194304,4096,512,6,0,0,0,6,0,811008,1024,0,2,33088,1048576,4096,1048576,4096,0,0,729248,240,770048,1496,0,0,0,0,774144,36164,683564,56,0,0,0,0,683624,64,0,0,540672,856,0,0,0,0
20002,0ff4058f709d278ed662719b9627618c48e7a656c59f6bfecda9081c7cbd742b,1,1,144,3,0,4,0,65535,0,184,0,0,0,64,0,0,0,272,332,5,0,0,224,258,267,14,28,535040,262656,0,258438,4096,540672,4194304,4096,512,6,0,0,0,6,0,811008,1024,0,2,33088,1048576,4096,1048576,4096,0,0,729248,240,770048,1496,0,0,0,0,774144,36164,683564,56,0,0,0,0,683624,64,0,0,540672,856,0,0,0,0
20003,1228d0f04f0ba82569fc1c0609f9fd6c377a91b9ea44c1e7f9f84b2b90552da2,1,1,144,3,0,4,0,65535,0,184,0,0,0,64,0,0,0,272,332,5,0,0,224,258,267,14,28,535040,262656,0,258438,4096,540672,4194304,4096,512,6,0,0,0,6,0,811008,1024,0,2,33088,1048576,4096,1048576,4096,0,0,729248,240,770048,1496,0,0,0,0,774144,36164,683564,56,0,0,0,0,683624,64,0,0,540672,856,0,0,0,0
20004,146712f0832c4e2fbe24245d18f2913746436e38d5438f5eca15dfd0fb50ec24,1,1,144,3,0,4,0,65535,0,184,0,0,0,64,0,0,0,272,332,5,0,0,224,258,267,14,28,535040,262656,0,258438,4096,540672,4194304,4096,512,6,0,0,0,6,0,811008,1024,0,2,33088,1048576,4096,1048576,4096,0,0,729248,240,770048,1496,0,0,0,0,774144,36164,683564,56,0,0,0,0,683624,64,0,0,540672,856,0,0,0,0
20005,17e68e1fb7737ec554eab4b7aea90ebb2fb23c953d920b8d8f1ab4825c3faede,1,1,144,3,0,4,0,65535,0,184,0,0,0,64,0,0,0,272,332,5,0,0,224,258,267,14,28,535040,262656,0,258438,4096,540672,4194304,4096,512,6,0,0,0,6,0,811008,1024,0,2,33088,1048576,4096,1048576,4096,0,0,729248,240,770048,1496,0,0,0,0,774144,36164,683564,56,0,0,0,0,683624,64,0,0,540672,856,0,0,0,0
20006,17efb277d1893fe4255b9178e9bf6ce55d8a514f9805fd2ab8f7065498c53d97,1,1,144,3,0,4,0,65535,0,184,0,0,0,64,0,0,0,272,332,5,0,0,224,258,267,14,28,527360,259584,0,254501,4096,532480,4194304,4096,512,6,0,0,0,6,0,798720,1024,0,2,33088,1048576,4096,1048576,4096,0,0,719688,240,757760,1496,0,0,0,0,761856,35056,674920,56,0,0,0,0,674976,64,0,0,532480,844,0,0,0,0
20007,1c53a211e69cb490911485d71573fd1a4210d7167094a6d7b28926157acd31f0,1,1,144,3,0,4,0,65535,0,184,0,0,0,64,0,0,0,272,332,5,0,0,224,258,267,14,28,535040,262656,0,258438,4096,540672,4194304,4096,512,6,0,0,0,6,0,811008,1024,0,2,33088,1048576,4096,1048576,4096,0,0,729248,240,770048,1496,0,0,0,0,774144,36164,683564,56,0,0,0,0,683624,64,0,0,540672,856,0,0,0,0
20008,1d5f21f26caefe394d6b217a654f0effb6a6a986257229daf447e8b8966f693e,1,1,144,3,0,4,0,65535,0,184,0,0,0,64,0,0,0,272,332,5,0,0,224,258,267,14,28,535040,262656,0,258438,4096,540672,4194304,4096,512,6,0,0,0,6,0,811008,1024,0,2,33088,1048576,4096,1048576,4096,0,0,729248,240,770048,1496,0,0,0,0,774144,36164,683564,56,0,0,0,0,683624,64,0,0,540672,856,0,0,0,0
20009,1e8df42c2e51f919886eaf955c8fc9630ba9aca8bba47b1541ead131feb55a11,1,1,144,3,0,4,0,65535,0,184,0,0,0,64,0,0,0,264,332,5,0,0,224,258,267,14,28,525312,258560,0,252776,4096,532480,4194304,4096,512,6,0,0,0,6,0,798720,1024,0,2,33088,1048576,4096,1048576,4096,0,0,719512,240,757760,1496,0,0,0,0,761856,34880,674848,56,0,0,0,0,674904,64,0,0,532480,844,0,0,0,0
20010,240d0e4653fdcac298777ad397af4df50fe355aa87fd82146ae40e9e998eab90,1,1,144,3,0,4,0,65535,0,184,0,0,0,64,0,0,0,272,332,5,0,0,224,258,267,14,28,535040,262656,0,258438,4096,540672,4194304,4096,512,6,0,0,0,6,0,811008,1024,0,2,33088,1048576,4096,1048576,4096,0,0,729248,240,770048,1496,0,0,0,0,774144,36164,683564,56,0,0,0,0,683624,64,0,0,540672,856,0,0,0,0
20011,2462a1cc358704bf1f12d266a0cc596bce16ba58f8611aa0fdeb094f61f1631a,1,1,144,3,0,4,0,65535,0,184,0,0,0,64,0,0,0,272,332,5,0,0,224,258,267,14,28,535040,262656,0,258438,4096,540672,4194304,4096,512,6,0,0,0,6,0,811008,1024,0,2,33088,1048576,4096,1048576,4096,0,0,729248,240,770048,1496,0,0,0,0,774144,36164,683564,56,0,0,0,0,683624,64,0,0,540672,856,0,0,0,0
20012,2a63fd5330739eaf96adab4e1f4162655ab0e1d977787fb0495f0a2ed137b96b,1,1,144,3,0,4,0,65535,0,184,0,0,0,64,0,0,0,272,332,5,0,0,224,258,267,14,28,535040,262656,0,258438,4096,540672,4194304,4096,512,6,0,0,0,6,0,811008,1024,0,2,33088,1048576,4096,1048576,4096,0,0,729248,240,770048,1496,0,0,0,0,774144,36164,683564,56,0,0,0,0,683624,64,0,0,540672,856,0,0,0,0
20013,2bfdaec2c8e4b66d6c9c3b5887c8cd94e4e590c593169c1e11b06e3240c87803,1,1,144,3,0,4,0,65535,0,184,0,0,0,64,0,0,0,272,332,5,0,0,224,258,267,14,28,535040,262656,0,258438,4096,540672,4194304,4096,512,6,0,0,0,6,0,811008,1024,0,2,33088,1048576,4096,1048576,4096,0,0,729248,240,770048,1496,0,0,0,0,774144,36164,683564,56,0,0,0,0,683624,64,0,0,540672,856,0,0,0,0
20014,2c277c4960f11e457fdc506d139d6a6064c3b967834d1e986c68b508cae55cd0,1,1,144,3,0,4,0,65535,0,184,0,0,0,64,0,0,0,272,332,5,0,0,224,258,267,14,28,535040,262656,0,258438,4096,540672,4194304,4096,512,6,0,0,0,6,0,811008,1024,0,2,33088,1048576,4096,1048576,4096,0,0,729248,240,770048,1496,0,0,0,0,774144,36164,683564,56,0,0,0,0,683624,64,0,0,540672,856,0,0,0,0
20015,319ec1a54148644197b40ed4d73b8fe5646c4f6ebf76d1487bce40a72d37baa7,1,1,144,3,0,4,0,65535,0,184,0,0,0,64,0,0,0,288,332,5,0,0,224,258,267,14,28,560640,278016,0,284300,4096,565248,4194304,4096,512,6,0,0,0,6,0,851968,1024,0,2,33088,1048576,4096,1048576,4096,0,0,759612,240,806912,1496,0,0,0,0,811008,37888,708872,56,0,0,709120,24,708928,64,0,0,565248,872,0,0,0,0
20016,32643547aefae01363ff01beb15fa818827896088670a78e814a227ca120975a,1,1,144,3,0,4,0,65535,0,184,0,0,0,64,0,0,0,264,332,4,0,0,224,258,267,14,25,581632,501760,0,295367,4096,585728,4194304,4096,512,6,0,0,0,6,0,1089536,1024,1089597,2,33088,1048576,4096,1048576,4096,0,0,1009924,280,0,0,0,0,1078784,1664,1052672,35404,961456,56,0,0,961696,24,961512,64,0,0,585728,884,0,0,0,0
20017,3e9dba43f0b8303ca3f57a09c2b829806720064e6aada312fab2c52484004db2,1,1,144,3,0,4,0,65535,0,184,0,0,0,64,0,0,0,272,332,5,0,0,224,258,267,14,28,535040,262656,0,258438,4096,540672,4194304,4096,512,6,0,0,0,6,0,811008,1024,0,2,33088,1048576,4096,1048576,4096,0,0,729248,240,770048,1496,0,0,0,0,774144,36164,683564,56,0,0,0,0,683624,64,0,0,540672,856,0,0,0,0
20018,41302ba84885fcc5960d4e474d71f6af7c2a631c24d691179ff0a733eb1a4970,1,1,144,3,0,4,0,65535,0,184,0,0,0,64,0,0,0,272,332,5,0,0,224,258,267,14,28,525312,258560,0,252738,4096,532480,4194304,4096,512,6,0,0,0,6,0,798720,1024,0,2,33088,1048576,4096,1048576,4096,0,0,719512,240,757760,1496,0,0,0,0,761856,34856,674848,56,0,0,0,0,674904,64,0,0,532480,844,0,0,0,0
20019,433875f694fb7f96b4fe51e4c3d9a45515e849d1ffd9aa528fb9b23f6323e106,1,1,144,3,0,4,0,65535,0,184,0,0,0,64,0,0,0,264,332,5,0,0,224,258,267,14,28,523776,257536,0,252599,4096,528384,4194304,4096,512,6,0,0,0,6,0,794624,1024,0,2,33088,1048576,4096,1048576,4096,0,0,715024,240,753664,1496,0,0,0,0,757760,34520,670624,56,0,0,0,0,670680,64,0,0,528384,844,0,0,0,0
20020,46a8c1e768f632d69d06bfbd93932d102965c9e3f7c37d4a92e30aaeca905675,1,1,144,3,0,4,0,65535,0,184,0,0,0,64,0,0,0,272,332,5,0,0,224,258,267,14,28,535040,262656,0,258438,4096,540672,4194304,4096,512,6,0,0,0,6,0,811008,1024,0,2,33088,1048576,4096,1048576,4096,0,0,729248,240,770048,1496,0,0,0,0,774144,36164,683564,56,0,0,0,0,683624,64,0,0,540672,856,0,0,0,0
20021,476991b5d212883d22cf78d6830b61f13ce3b9ea8ff2c4d4e6dbd5fcad4b9a95,1,1,144,3,0,4,0,65535,0,184,0,0,0,64,0,0,0,272,332,5,0,0,224,258,267,14,28,535040,262656,0,258438,4096,540672,4194304,4096,512,6,0,0,0,6,0,811008,1024,0,2,33088,1048576,4096,1048576,4096,0,0,729248,240,770048,1496,0,0,0,0,774144,36164,683564,56,0,0,0,0,683624,64,0,0,540672,856,0,0,0,0
20022,48d7cd572f14aed7a90d6b66097a885a889e6e7416a6aaa2eb442706ff661275,1,1,144,3,0,4,0,65535,0,184,0,0,0,64,0,0,0,272,332,5,0,0,224,258,267,14,28,535040,262656,0,258438,4096,540672,4194304,4096,512,6,0,0,0,6,0,811008,1024,0,2,33088,1048576,4096,1048576,4096,0,0,729248,240,770048,1496,0,0,0,0,774144,36164,683564,56,0,0,0,0,683624,64,0,0,540672,856,0,0,0,0
20023,4c4477f81ec823fa43bc2499d0fac1c8ccc1e828f1086aa8bfc7ba7122605da2,1,1,144,3,0,4,0,65535,0,184,0,0,0,64,0,0,0,272,332,5,0,0,224,258,267,14,28,535040,262656,0,258438,4096,540672,4194304,4096,512,6,0,0,0,6,0,811008,1024,0,2,33088,1048576,4096,1048576,4096,0,0,729248,240,770048,1496,0,0,0,0,774144,36164,683564,56,0,0,0,0,683624,64,0,0,540672,856,0,0,0,0
20024,5f171bd6646d203350bab1ac76aa789479b0af70616022d40b9c1efd9fd73cb9,1,1,144,3,0,4,0,65535,0,184,0,0,0,64,0,0,0,272,332,5,0,0,224,258,267,14,28,535040,262656,0,258438,4096,540672,4194304,4096,512,6,0,0,0,6,0,811008,1024,0,2,33088,1048576,4096,1048576,4096,0,0,729248,240,770048,1496,0,0,0,0,774144,36164,683564,56,0,0,0,0,683624,64,0,0,540672,856,0,0,0,0
20025,63d793d1815aa1b119d580312630569fb2eb1880396df7cbe339adcd5c3ae2de,1,1,144,3,0,4,0,65535,0,184,0,0,0,64,0,0,0,272,332,5,0,0,224,258,267,14,28,535040,262656,0,258438,4096,540672,4194304,4096,512,6,0,0,0,6,0,811008,1024,0,2,33088,1048576,4096,1048576,4096,0,0,729248,240,770048,1496,0,0,0,0,774144,36164,683564,56,0,0,0,0,683624,64,0,0,540672,856,0,0,0,0
20026,6c40bc4bd88759b8bab164742f0d617a576e5488d816a7ce53e9ee71918fbd5e,1,1,144,3,0,4,0,65535,0,184,0,0,0,64,0,0,0,264,332,5,0,0,224,258,267,14,28,525312,258560,0,252776,4096,532480,4194304,4096,512,6,0,0,0,6,0,798720,1024,0,2,33088,1048576,4096,1048576,4096,0,0,719512,240,757760,1496,0,0,0,0,761856,34880,674848,56,0,0,0,0,674904,64,0,0,532480,844,0,0,0,0
20027,7777b09e492304a37ac771a33be44dcf685ec528f20faaecf84bcafe3b870a6a,1,1,144,3,0,4,0,65535,0,184,0,0,0,64,0,0,0,272,332,5,0,0,224,258,267,14,28,535040,262656,0,258438,4096,540672,4194304,4096,512,6,0,0,0,6,0,811008,1024,0,2,33088,1048576,4096,1048576,4096,0,0,729248,240,770048,1496,0,0,0,0,774144,36164,683564,56,0,0,0,0,683624,64,0,0,540672,856,0,0,0,0
20028,81493b11fc6acd0d4d8bb653dd9fcdaec16affbcbb509c01f6377db68efceee3,1,1,144,3,0,4,0,65535,0,184,0,0,0,64,0,0,0,272,332,5,0,0,224,258,267,14,28,525312,258560,0,252738,4096,532480,4194304,4096,512,6,0,0,0,6,0,798720,1024,0,2,33088,1048576,4096,1048576,4096,0,0,719512,240,757760,1496,0,0,0,0,761856,34856,674848,56,0,0,0,0,674904,64,0,0,532480,844,0,0,0,0
20029,898a9d34e5e5c49b03fcc27216fb83f1c9690e4fc75a9e9aa144f4d93d564471,1,1,144,3,0,4,0,65535,0,184,0,0,0,64,0,0,0,272,332,5,0,0,224,258,267,14,28,535040,262656,0,258438,4096,540672,4194304,4096,512,6,0,0,0,6,0,811008,1024,0,2,33088,1048576,4096,1048576,4096,0,0,729248,240,770048,1496,0,0,0,0,774144,36164,683564,56,0,0,0,0,683624,64,0,0,540672,856,0,0,0,0
20030,90ebe699b4485af1eede919d39c1d080f5046a3d572ac4cd56d591de32e1746f,1,1,144,3,0,4,0,65535,0,184,0,0,0,64,0,0,0,264,332,5,0,0,224,258,267,14,28,523776,257536,0,252599,4096,528384,4194304,4096,512,6,0,0,0,6,0,794624,1024,0,2,33088,1048576,4096,1048576,4096,0,0,715024,240,753664,1496,0,0,0,0,757760,34520,670624,56,0,0,0,0,670680,64,0,0,528384,844,0,0,0,0
20031,99f433c40fae957a270e150dd6a3946fe746503cfb19efe53e0d8e52ad12f5fe,1,1,144,3,0,4,0,65535,0,184,0,0,0,64,0,0,0,272,332,5,0,0,224,258,267,14,28,527360,259584,0,254501,4096,532480,4194304,4096,512,6,0,0,0,6,0,798720,1024,0,2,33088,1048576,4096,1048576,4096,0,0,719688,240,757760,1496,0,0,0,0,761856,35056,674920,56,0,0,0,0,674976,64,0,0,532480,844,0,0,0,0
20032,9bf8178897ad95d55f2c74eb3827419164228f3d2dcb25cd71190f758dad8b91,1,1,144,3,0,4,0,65535,0,184,0,0,0,64,0,0,0,272,332,5,0,0,224,258,267,14,28,535040,262656,0,258438,4096,540672,4194304,4096,512,6,0,0,0,6,0,811008,1024,0,2,33088,1048576,4096,1048576,4096,0,0,729248,240,770048,1496,0,0,0,0,774144,36164,683564,56,0,0,0,0,683624,64,0,0,540672,856,0,0,0,0
20033,a714d94634dfc13ed21a8a9b7fb1990c257050f809b0a53c9a5928e3c220f45d,1,1,144,3,0,4,0,65535,0,184,0,0,0,64,0,0,0,272,332,5,0,0,224,258,267,14,28,535040,262656,0,258438,4096,540672,4194304,4096,512,6,0,0,0,6,0,811008,1024,0,2,33088,1048576,4096,1048576,4096,0,0,729248,240,770048,1496,0,0,0,0,774144,36164,683564,56,0,0,0,0,683624,64,0,0,540672,856,0,0,0,0
20034,accdf7be34e793269c8e340d73a34199a9a4b3503e9b2120e9f3ef250f18922c,1,1,144,3,0,4,0,65535,0,184,0,0,0,64,0,0,0,272,332,5,0,0,224,258,267,14,28,535040,262656,0,258438,4096,540672,4194304,4096,512,6,0,0,0,6,0,811008,1024,0,2,33088,1048576,4096,1048576,4096,0,0,729248,240,770048,1496,0,0,0,0,774144,36164,683564,56,0,0,0,0,683624,64,0,0,540672,856,0,0,0,0
20035,adc2ccee19ca8ffb238053f98d87d1ae41cfa794248db23dce8e2db80a8cad56,1,1,144,3,0,4,0,65535,0,184,0,0,0,64,0,0,0,272,332,5,0,0,224,258,267,14,28,535040,262656,0,258438,4096,540672,4194304,4096,512,6,0,0,0,6,0,811008,1024,0,2,33088,1048576,4096,1048576,4096,0,0,729248,240,770048,1496,0,0,0,0,774144,36164,683564,56,0,0,0,0,683624,64,0,0,540672,856,0,0,0,0
20036,b83e430f6f40dc470096516a1780dc87e707a7cb3db07533ea672fdaf2a3ebf5,1,1,144,3,0,4,0,65535,0,184,0,0,0,64,0,0,0,272,332,3,0,0,224,258,267,14,28,270336,4096,569344,839632,573440,843776,4194304,4096,512,6,0,0,0,6,0,847872,4096,0,2,33088,1048576,4096,1048576,4096,0,0,845276,656,843776,1500,0,0,0,0,845932,28,0,0,0,0,0,0,840116,188,0,0,0,0,0,0,0,0
20037,ba410968db8d8b0d7faa1c48862c1235f78bc01a3f0929bd8ef9ac644fed3b70,1,1,144,3,0,4,0,65535,0,184,0,0,0,64,0,0,0,264,332,5,0,0,224,258,267,14,28,523776,257536,0,252599,4096,528384,4194304,4096,512,6,0,0,0,6,0,794624,1024,0,2,33088,1048576,4096,1048576,4096,0,0,715024,240,753664,1496,0,0,0,0,757760,34520,670624,56,0,0,0,0,670680,64,0,0,528384,844,0,0,0,0
20038,bc5c264c4dc0207f6d500c47f870cc2aef641c4bf0efa3b1a408b83922cc61ac,1,1,144,3,0,4,0,65535,0,184,0,0,0,64,0,0,0,272,332,5,0,0,224,258,267,14,28,535040,262656,0,258438,4096,540672,4194304,4096,512,6,0,0,0,6,0,811008,1024,0,2,33088,1048576,4096,1048576,4096,0,0,729248,240,770048,1496,0,0,0,0,774144,36164,683564,56,0,0,0,0,683624,64,0,0,540672,856,0,0,0,0
20039,ce9236f9e823ce5613746d27660bc6613b16fb63e90ddf1ca77b11fa483a115c,1,1,144,3,0,4,0,65535,0,184,0,0,0,64,0,0,0,272,332,3,0,0,224,258,267,14,28,270336,4096,565248,838640,569344,839680,4194304,4096,512,6,0,0,0,6,0,843776,4096,0,2,33088,1048576,4096,1048576,4096,0,0,841180,656,839680,1500,0,0,0,0,841836,20,0,0,0,0,0,0,839124,188,0,0,0,0,0,0,0,0
20040,d084e7c9160b96e53d799ef955a676aa28290cf51a2ba3354ccdd33829638175,1,1,144,3,0,4,0,65535,0,184,0,0,0,64,0,0,0,272,332,5,0,0,224,258,267,14,28,535040,262656,0,258438,4096,540672,4194304,4096,512,6,0,0,0,6,0,811008,1024,0,2,33088,1048576,4096,1048576,4096,0,0,729248,240,770048,1496,0,0,0,0,774144,36164,683564,56,0,0,0,0,683624,64,0,0,540672,856,0,0,0,0
20041,d8470ac79ec2e92a5bbbab94cfa02f5162d23c6bf9cfb15d42edb97c6b9d0095,1,1,144,3,0,4,0,65535,0,184,0,0,0,64,0,0,0,264,332,5,0,0,224,258,267,14,28,525312,258560,0,252776,4096,532480,4194304,4096,512,6,0,0,0,6,0,798720,1024,0,2,33088,1048576,4096,1048576,4096,0,0,719512,240,757760,1496,0,0,0,0,761856,34880,674848,56,0,0,0,0,674904,64,0,0,532480,844,0,0,0,0
20042,dab7eb2503e0d61d02e6156a47361da97afc53c1dee17c420a0a05de891172c3,1,1,144,3,0,4,0,65535,0,184,0,0,0,64,0,0,0,272,332,5,0,0,224,258,267,14,28,535040,262656,0,258438,4096,540672,4194304,4096,512,6,0,0,0,6,0,811008,1024,0,2,33088,1048576,4096,1048576,4096,0,0,729248,240,770048,1496,0,0,0,0,774144,36164,683564,56,0,0,0,0,683624,64,0,0,540672,856,0,0,0,0
20043,dcb49ab9ec92111797dbf28f8a4df23729648d250f1abf9b06562d95afc400f6,1,1,144,3,0,4,0,65535,0,184,0,0,0,64,0,0,0,272,332,5,0,0,224,258,267,14,28,535040,262656,0,258438,4096,540672,4194304,4096,512,6,0,0,0,6,0,811008,1024,0,2,33088,1048576,4096,1048576,4096,0,0,729248,240,770048,1496,0,0,0,0,774144,36164,683564,56,0,0,0,0,683624,64,0,0,540672,856,0,0,0,0
20044,e3493fea655027d88224954f32985caff0aebaa858df3314747f6f4e4a92ac8d,1,1,144,3,0,4,0,65535,0,184,0,0,0,64,0,0,0,272,332,5,0,0,224,258,267,14,28,524800,258048,0,253045,4096,532480,4194304,4096,512,6,0,0,0,6,0,798720,1024,0,2,33088,1048576,4096,1048576,4096,0,0,719496,240,757760,1496,0,0,0,0,761856,34752,674800,56,0,0,0,0,674856,64,0,0,532480,844,0,0,0,0
20045,e3f39c3866a3b619e9f2b0eaa346bd9dae42b3330be1392828bbfb3d3619cdac,1,1,144,3,0,4,0,65535,0,184,0,0,0,64,0,0,0,272,332,5,0,0,224,258,267,14,28,527360,259584,0,254501,4096,532480,4194304,4096,512,6,0,0,0,6,0,798720,1024,0,2,33088,1048576,4096,1048576,4096,0,0,719688,240,757760,1496,0,0,0,0,761856,35056,674920,56,0,0,0,0,674976,64,0,0,532480,844,0,0,0,0
20046,f50ba2fd7e441ef2bffeb6355d33f367248097351d0fa42932c59c6dd26557b5,1,1,144,3,0,4,0,65535,0,184,0,0,0,64,0,0,0,272,332,6,0,0,224,258,267,14,28,535040,262656,0,258438,4096,540672,4194304,4096,512,6,0,0,0,6,0,815104,1024,0,2,33088,1048576,4096,1048576,4096,0,0,729248,240,811008,1536,0,0,0,0,774144,36164,683564,56,0,0,0,0,683624,64,0,0,540672,856,0,0,0,0
20047,fc42cbd5939fcb8b6851021497041c80acd81ce7a43b952ab7807d5a05d2ed97,1,1,144,3,0,4,0,65535,0,184,0,0,0,64,0,0,0,272,332,5,0,0,224,258,267,14,28,535040,262656,0,258438,4096,540672,4194304,4096,512,6,0,0,0,6,0,811008,1024,0,2,33088,1048576,4096,1048576,4096,0,0,729248,240,770048,1496,0,0,0,0,774144,36164,683564,56,0,0,0,0,683624,64,0,0,540672,856,0,0,0,0
20048,fcdb893993c8b5e81fa9f73c40384a6c8cec4d9e5b06f8a2ec6ebb3d5a886db2,1,1,144,3,0,4,0,65535,0,184,0,0,0,64,0,0,0,272,332,5,0,0,224,258,267,14,28,535040,262656,0,258438,4096,540672,4194304,4096,512,6,0,0,0,6,0,811008,1024,0,2,33088,1048576,4096,1048576,4096,0,0,729248,240,770048,1496,0,0,0,0,774144,36164,683564,56,0,0,0,0,683624,64,0,0,540672,856,0,0,0,0
20049,0099963e7285aeafc09e4214a45a6a210253d514cbd0d4b0c3997647a0afe879,1,2,144,3,0,4,0,65535,0,184,0,0,0,64,0,0,0,200,332,5,0,0,224,258,267,14,27,74752,5632,0,43968,4096,81920,4194304,4096,512,6,0,0,0,6,0,98304,1024,0,2,34112,1048576,4096,1048576,4096,0,0,86364,160,0,0,0,0,0,0,94208,1040,17232,56,0,0,0,0,0,0,0,0,86016,348,0,0,0,0
20050,01c647838c374e91e8f9fe967fd25235d72264414bb0d5b82c4fbd4151a9717f,1,2,144,3,0,4,0,65535,0,184,0,0,0,64,0,0,0,200,332,5,0,0,224,258,267,14,27,74752,5632,0,43968,4096,81920,4194304,4096,512,6,0,0,0,6,0,98304,1024,0,2,34112,1048576,4096,1048576,4096,0,0,86364,160,0,0,0,0,0,0,94208,1040,17232,56,0,0,0,0,0,0,0,0,86016,348,0,0,0,0
20051,028facff67136de55fe200177a190da625c8e1713b4e7d95bf5fc5412a5afffc,1,2,144,3,0,4,0,65535,0,184,0,0,0,64,0,0,0,200,332,5,0,0,224,258,267,14,27,74752,5632,0,43968,4096,81920,4194304,4096,512,6,0,0,0,6,0,98304,1024,0,2,34112,1048576,4096,1048576,4096,0,0,86364,160,0,0,0,0,0,0,94208,1040,17232,56,0,0,0,0,0,0,0,0,86016,348,0,0,0,0
20052,0294114d5f411b6c47eb255d4ed6865df99d1c5252f4f585aabf44e6cbacaa59,1,2,144,3,0,4,0,65535,0,184,0,0,0,64,0,0,0,200,332,5,0,0,224,258,267,14,27,74752,5632,0,43968,4096,81920,4194304,4096,512,6,0,0,0,6,0,98304,1024,0,2,34112,1048576,4096,1048576,4096,0,0,86364,160,0,0,0,0,0,0,94208,1040,17232,56,0,0,0,0,0,0,0,0,86016,348,0,0,0,0
20053,03110baa5aad9d01610293f2b8cd21b44cc7efa0a465e677d6b3f92510a4b1d7,1,2,144,3,0,4,0,65535,0,184,0,0,0,64,0,0,0,200,332,5,0,0,224,258,267,14,27,74752,5632,0,43968,4096,81920,4194304,4096,512,6,0,0,0,6,0,98304,1024,0,2,34112,1048576,4096,1048576,4096,0,0,86364,160,0,0,0,0,0,0,94208,1040,17232,56,0,0,0,0,0,0,0,0,86016,348,0,0,0,0
20054,04126b30c1c2663cdf2b6386781aedbfce2ef418a0b01de510bd536903f577e3,1,2,144,3,0,4,0,65535,0,184,0,0,0,64,0,0,0,216,332,5,0,0,224,258,267,14,29,68096,5632,0,37392,4096,73728,4194304,4096,512,6,0,0,0,6,0,90112,1024,0,2,34112,1048576,4096,1048576,4096,0,0,78172,160,0,0,0,0,0,0,86016,1060,10552,56,0,0,0,0,0,0,0,0,77824,348,0,0,0,0
20055,049e53f72c8afa5ccb850429d55a00e2fbe799e68247fd13f5058146cf0f4cf8,1,2,144,3,0,4,0,65535,0,184,0,0,0,64,0,0,0,216,332,5,0,0,224,258,267,14,29,74752,5632,0,44032,4096,81920,4194304,4096,512,6,0,0,0,6,0,98304,1024,0,2,34112,1048576,4096,1048576,4096,0,0,86364,160,0,0,0,0,0,0,94208,1036,17224,56,0,0,0,0,0,0,0,0,86016,348,0,0,0,0
20056,06d370217abec9468bc22c30ba3be72b8de1a7459f9e927656dcf2613a314bf6,1,2,144,3,0,4,0,65535,0,184,0,0,0,64,0,0,0,216,332,4,0,0,224,258,267,14,27,23552,5120,0,16448,4096,28672,4194304,4096,512,6,0,0,0,6,0,40960,1024,0,2,34112,1048576,4096,1048576,4096,0,0,33036,120,0,0,0,0,0,0,36864,696,7696,56,0,0,0,0,7752,64,0,0,32768,264,0,0,0,0
20057,105af5c40c65f51979308e022c25dd285db3cd20e9656caaba0e9b1fc253898b,1,2,144,3,0,4,0,65535,0,184,0,0,0,64,0,0,0,216,332,5,0,0,224,258,267,14,29,74240,5632,0,43920,4096,81920,4194304,4096,512,6,0,0,0,6,0,98304,1024,0,2,34112,1048576,4096,1048576,4096,0,0,86364,160,0,0,0,0,0,0,94208,1032,17224,56,0,0,0,0,0,0,0,0,86016,348,0,0,0,0
20058,106118444e0a7405c13531f8cd70191f36356581d58789dfc5df3da7ba0f9223,1,2,144,3,0,4,0,65535,0,184,0,0,0,64,0,0,0,216,332,5,0,0,224,258,267,14,29,74240,5632,0,43920,4096,81920,4194304,4096,512,6,0,0,0,6,0,98304,1024,0,2,34112,1048576,4096,1048576,4096,0,0,86364,160,0,0,0,0,0,0,94208,1032,17224,56,0,0,0,0,0,0,0,0,86016,348,0,0,0,0
20059,18e299d4331ccff805275b21f33be0a3bd3d1d9ce72a79ba78d2f32dd657bfbb,1,2,144,3,0,4,0,65535,0,184,0,0,0,64,0,0,0,200,332,5,0,0,224,258,267,14,27,74752,5632,0,43968,4096,81920,4194304,4096,512,6,0,0,0,6,0,98304,1024,0,2,34112,1048576,4096,1048576,4096,0,0,86364,160,0,0,0,0,0,0,94208,1040,17232,56,0,0,0,0,0,0,0,0,86016,348,0,0,0,0
20060,1b9412ca5e9deb29aeaa37be05ae8d0a8a636c12fdff8c17032aa017f6075c02,1,2,144,3,0,4,0,65535,0,184,0,0,0,64,0,0,0,224,332,4,0,0,224,258,267,14,27,26624,5632,0,19440,4096,32768,4194304,4096,512,6,0,0,0,6,0,45056,1024,0,2,34112,1048576,4096,1048576,4096,0,0,37184,120,0,0,0,0,0,0,40960,892,9728,56,0,0,0,0,9784,64,0,0,36864,316,0,0,0,0
20061,1deb1efad2c469198aabbb618285e2229052273cf654ee5925c2540ded224402,1,2,144,3,0,4,0,65535,0,184,0,0,0,64,0,0,0,200,332,5,0,0,224,258,267,14,27,74752,5632,0,43936,4096,81920,4194304,4096,512,6,0,0,0,6,0,98304,1024,0,2,34112,1048576,4096,1048576,4096,0,0,86364,160,0,0,0,0,0,0,94208,1044,17256,56,0,0,0,0,0,0,0,0,86016,348,0,0,0,0
20062,1e24560100d010c27cc19c59f9fe1531e4286ecb21fe53763165f30c5f58dc90,1,2,144,3,0,4,0,65535,0,184,0,0,0,64,0,0,0,200,332,5,0,0,224,258,267,14,27,74752,5632,0,43968,4096,81920,4194304,4096,512,6,0,0,0,6,0,98304,1024,0,2,34112,1048576,4096,1048576,4096,0,0,86364,160,0,0,0,0,0,0,94208,1040,17232,56,0,0,0,0,0,0,0,0,86016,348,0,0,0,0
20063,1f2edda243404918b78aa6123aa1fc5b18dd9506e4042c7a1547b565334527e1,1,2,144,3,0,4,0,65535,0,184,0,0,0,64,0,0,0,200,332,5,0,0,224,258,267,14,27,74752,5632,0,43936,4096,81920,4194304,4096,512,6,0,0,0,6,0,98304,1024,0,2,34112,1048576,4096,1048576,4096,0,0,86364,160,0,0,0,0,0,0,94208,1044,17256,56,0,0,0,0,0,0,0,0,86016,348,0,0,0,0
20064,2138c8a34a1eff40ba3fc81b6e3b7564c6b695b140e82f3fcf23b2ec2bf291cf,1,2,144,3,0,4,0,65535,0,184,0,0,0,64,0,0,0,200,332,5,0,0,224,258,267,14,27,74752,5632,0,43968,4096,81920,4194304,4096,512,6,0,0,0,6,0,98304,1024,0,2,34112,1048576,4096,1048576,4096,0,0,86364,160,0,0,0,0,0,0,94208,1040,17232,56,0,0,0,0,0,0,0,0,86016,348,0,0,0,0
20065,245e191bfe998ad9ef2d6b169af22f3c290e9950234f8ddd0f4a03cb3eebf761,1,2,144,3,0,4,0,65535,0,184,0,0,0,64,0,0,0,200,332,5,0,0,224,258,267,14,27,74752,5632,0,43968,4096,81920,4194304,4096,512,6,0,0,0,6,0,98304,1024,0,2,34112,1048576,4096,1048576,4096,0,0,86364,160,0,0,0,0,0,0,94208,1040,17232,56,0,0,0,0,0,0,0,0,86016,348,0,0,0,0
20066,30fcff7add11ea6685a233c8ce1fc30abe67044630524a6eb363573a4a9f88b8,1,2,144,3,0,4,0,65535,0,184,0,0,0,64,0,0,0,224,332,4,0,0,224,258,267,14,27,26624,5632,0,19312,4096,32768,4194304,4096,512,6,0,0,0,6,0,45056,1024,0,2,34112,1048576,4096,1048576,4096,0,0,37184,120,0,0,0,0,0,0,40960,896,9584,56,0,0,0,0,9640,64,0,0,36864,316,0,0,0,0
20067,36e4a3de5c4395d295bdf1d70a215d9669b626c58083ec2d8ab29513830faaa6,1,2,144,3,0,4,0,65535,0,184,0,0,0,64,0,0,0,216,332,5,0,0,224,258,267,14,30,68096,5632,0,37104,4096,73728,4194304,4096,512,6,0,0,0,6,0,90112,1024,0,2,34112,1048576,4096,1048576,4096,0,0,78172,160,0,0,0,0,0,0,86016,1216,10296,28,0,0,0,0,0,0,0,0,77824,348,0,0,0,0
20068,54c82ad27174fd6ed72793b1ccf9d26613eb572960e847a63538420c69d06c5b,1,2,144,3,0,4,0,65535,0,184,0,0,0,64,0,0,0,200,332,5,0,0,224,258,267,14,27,74752,5632,0,43936,4096,81920,4194304,4096,512,6,0,0,0,6,0,98304,1024,0,2,34112,1048576,4096,1048576,4096,0,0,86364,160,0,0,0,0,0,0,94208,1044,17256,56,0,0,0,0,0,0,0,0,86016,348,0,0,0,0
20069,575c7b60f3b1dfc3cdd42e868b88df19cef81a5577254a314dc7d1da0fd64cfb,1,2,144,3,0,4,0,65535,0,184,0,0,0,64,0,0,0,216,332,5,0,0,224,258,267,14,29,74240,5632,0,43920,4096,81920,4194304,4096,512,6,0,0,0,6,0,98304,1024,0,2,34112,1048576,4096,1048576,4096,0,0,86364,160,0,0,0,0,0,0,94208,1032,17224,56,0,0,0,0,0,0,0,0,86016,348,0,0,0,0
20070,59ea8dda6806b4cbb1acd0bcf74be1e94b6a72da46e53de6ef9d611988163189,1,2,144,3,0,4,0,65535,0,184,0,0,0,64,0,0,0,200,332,5,0,0,224,258,267,14,27,74752,5632,0,43968,4096,81920,4194304,4096,512,6,0,0,0,6,0,98304,1024,0,2,34112,1048576,4096,1048576,4096,0,0,86364,160,0,0,0,0,0,0,94208,1040,17232,56,0,0,0,0,0,0,0,0,86016,348,0,0,0,0
20071,6015d5535840e9ac9058c659f9ff661deb4838f2b93e74d2c0dcb126fae21322,1,2,144,3,0,4,0,65535,0,184,0,0,0,64,0,0,0,216,332,5,0,0,224,258,267,14,28,63488,5120,0,33232,4096,69632,4194304,4096,512,6,0,0,0,6,0,86016,1024,0,2,34112,1048576,4096,1048576,4096,0,0,74052,140,0,0,0,0,0,0,81920,932,8904,56,0,0,0,0,0,0,0,0,73728,324,0,0,0,0
20072,6103e26f6f9d5fd895d9c06e1f5e141ce74d8ebda999cda6a58a4393de5ed094,1,2,144,3,0,4,0,65535,0,184,0,0,0,64,0,0,0,200,332,5,0,0,224,258,267,14,27,74752,5632,0,43936,4096,81920,4194304,4096,512,6,0,0,0,6,0,98304,1024,0,2,34112,1048576,4096,1048576,4096,0,0,86364,160,0,0,0,0,0,0,94208,1044,17256,56,0,0,0,0,0,0,0,0,86016,348,0,0,0,0
20073,678bfbf5d73d6cf38532e11b11dbed17668d94711e2e2ea27311dd46490201b7,1,2,144,3,0,4,0,65535,0,184,0,0,0,64,0,0,0,200,332,5,0,0,224,258,267,14,27,74752,5632,0,43936,4096,81920,4194304,4096,512,6,0,0,0,6,0,98304,1024,0,2,34112,1048576,4096,1048576,4096,0,0,86364,160,0,0,0,0,0,0,94208,1044,17256,56,0,0,0,0,0,0,0,0,86016,348,0,0,0,0
20074,6d4ced2e85587e81d6a09b147ec7cccc054bc0fbb92afc39586de1b2bf57f812,1,2,144,3,0,4,0,65535,0,184,0,0,0,64,0,0,0,200,332,5,0,0,224,258,267,14,27,74752,5632,0,43936,4096,81920,4194304,4096,512,6,0,0,0,6,0,98304,1024,0,2,34112,1048576,4096,1048576,4096,0,0,86364,160,0,0,0,0,0,0,94208,1044,17256,56,0,0,0,0,0,0,0,0,86016,348,0,0,0,0
20075,71936bc3ee40c7ea678889d2ad5fa7eb39401752cd58988ce462f9d4048578ac,1,2,144,3,0,4,0,65535,0,184,0,0,0,64,0,0,0,216,332,5,0,0,224,258,267,14,29,74240,5632,0,43920,4096,81920,4194304,4096,512,6,0,0,0,6,0,98304,1024,0,2,34112,1048576,4096,1048576,4096,0,0,86364,160,0,0,0,0,0,0,94208,1032,17224,56,0,0,0,0,0,0,0,0,86016,348,0,0,0,0
20076,77c7839c7e8d4aaf52e33a2f29db8459381b5cc3b2700072305a8bae5e0762a9,1,2,144,3,0,4,0,65535,0,184,0,0,0,64,0,0,0,208,332,5,0,0,224,258,267,14,30,74752,5632,0,44032,4096,81920,4194304,4096,512,6,0,0,0,6,0,98304,1024,0,2,34112,1048576,4096,1048576,4096,0,0,86364,160,0,0,0,0,0,0,94208,1036,17224,56,0,0,0,0,0,0,0,0,86016,348,0,0,0,0
20077,8203c2f00ecd3ae960cb3247a7d7bfb35e55c38939607c85dbdb5c92f0495fa9,1,2,144,3,0,4,0,65535,0,184,0,0,0,64,0,0,0,224,332,4,0,0,224,258,267,14,27,26112,5632,0,18880,4096,32768,4194304,4096,512,6,0,0,0,6,0,45056,1024,0,2,34112,1048576,4096,1048576,4096,0,0,37184,120,0,0,0,0,0,0,40960,892,9168,56,0,0,0,0,9224,64,0,0,36864,316,0,0,0,0
20078,8ddf4529b943cf80e40938922f88432c413feb9feee60e91505afd6897b72a80,1,2,144,3,0,4,0,65535,0,184,0,0,0,64,0,0,0,224,332,5,0,0,224,258,267,1,0,49152,12288,0,45056,4096,32768,4194304,4096,512,4,0,0,0,4,0,63168,672,96257,2,34048,1048576,4096,1048576,4096,0,0,60384,1872,0,0,0,0,0,0,62256,912,0,0,0,0,0,0,0,0,0,0,36864,316,0,0,0,0
20079,9a089790e04683ebf37d9746e0284322f59c46eef2a86cc231839482f323e871,1,2,144,3,0,4,0,65535,0,184,0,0,0,64,0,0,0,200,332,5,0,0,224,258,267,14,27,70656,5632,0,39840,4096,77824,4194304,4096,512,6,0,0,0,6,0,94208,1024,0,2,34112,1048576,4096,1048576,4096,0,0,82268,160,0,0,0,0,0,0,90112,1040,13160,56,0,0,0,0,0,0,0,0,81920,348,0,0,0,0
20080,9caa8e8a98ef7841c1b230c22f78b5c10aa9348a2bfd0dfe2670853b6d0ba92c,1,2,144,3,0,4,0,65535,0,184,0,0,0,64,0,0,0,200,332,5,0,0,224,258,267,14,27,74752,5632,0,43968,4096,81920,4194304,4096,512,6,0,0,0,6,0,98304,1024,0,2,34112,1048576,4096,1048576,4096,0,0,86364,160,0,0,0,0,0,0,94208,1040,17232,56,0,0,0,0,0,0,0,0,86016,348,0,0,0,0
20081,a2b5ebfc52a447cde255e1ec1ac8797ad49b156ed427df8c292d6aeb4dad5523,1,2,144,3,0,4,0,65535,0,184,0,0,0,64,0,0,0,200,332,5,0,0,224,258,267,14,27,74752,5632,0,43936,4096,81920,4194304,4096,512,6,0,0,0,6,0,98304,1024,0,2,34112,1048576,4096,1048576,4096,0,0,86364,160,0,0,0,0,0,0,94208,1044,17256,56,0,0,0,0,0,0,0,0,86016,348,0,0,0,0
20082,a52267dc795a51404cbf2a7e8e7875929783bcc62abd6b7cfd1921c938cf2756,1,2,144,3,0,4,0,65535,0,184,0,0,0,64,0,0,0,216,332,5,0,0,224,258,267,14,29,74240,5632,0,43920,4096,81920,4194304,4096,512,6,0,0,0,6,0,98304,1024,0,2,34112,1048576,4096,1048576,4096,0,0,86364,160,0,0,0,0,0,0,94208,1032,17224,56,0,0,0,0,0,0,0,0,86016,348,0,0,0,0
20083,ab4eae618bb05b4fb4a8d3790a0d18a3e1566ab477519991cb161398803a8847,1,2,144,3,0,4,0,65535,0,184,0,0,0,64,0,0,0,200,332,5,0,0,224,258,267,14,27,70656,5632,0,39840,4096,77824,4194304,4096,512,6,0,0,0,6,0,94208,1024,0,2,34112,1048576,4096,1048576,4096,0,0,82268,160,0,0,0,0,0,0,90112,1040,13160,56,0,0,0,0,0,0,0,0,81920,348,0,0,0,0
20084,ae6020a06d2a95cbe91b439f4433e87d198547dec629ab0900ccfe17e729cff1,1,2,144,3,0,4,0,65535,0,184,0,0,0,64,0,0,0,216,332,5,0,0,224,258,267,14,29,74240,5632,0,43920,4096,81920,4194304,4096,512,6,0,0,0,6,0,98304,1024,0,2,34112,1048576,4096,1048576,4096,0,0,86364,160,0,0,0,0,0,0,94208,1032,17224,56,0,0,0,0,0,0,0,0,86016,348,0,0,0,0
20085,b4be6b8acda97f36c448365751d5c9a9e1b91f47cedfde79e1de258413c3de71,1,2,144,3,0,4,0,65535,0,184,0,0,0,64,0,0,0,200,332,5,0,0,224,258,267,14,27,74752,5632,0,43936,4096,81920,4194304,4096,512,6,0,0,0,6,0,98304,1024,0,2,34112,1048576,4096,1048576,4096,0,0,86364,160,0,0,0,0,0,0,94208,1044,17256,56,0,0,0,0,0,0,0,0,86016,348,0,0,0,0
20086,bb31f235e86b0fda185e6580ef5327f80d6a6c754f78499e8647de5e229769cc,1,2,144,3,0,4,0,65535,0,184,0,0,0,64,0,0,0,200,332,5,0,0,224,258,267,14,27,74752,5632,0,43968,4096,81920,4194304,4096,512,6,0,0,0,6,0,98304,1024,0,2,34112,1048576,4096,1048576,4096,0,0,86364,160,0,0,0,0,0,0,94208,1040,17232,56,0,0,0,0,0,0,0,0,86016,348,0,0,0,0
20087,c4282e9040cdc1df92b722568a8b4c42ce9f6533fed0bd34b7fdbae264947784,1,2,144,3,0,4,0,65535,0,184,0,0,0,64,0,0,0,200,332,5,0,0,224,258,267,14,27,74752,5632,0,43968,4096,81920,4194304,4096,512,6,0,0,0,6,0,98304,1024,0,2,34112,1048576,4096,1048576,4096,0,0,86364,160,0,0,0,0,0,0,94208,1040,17232,56,0,0,0,0,0,0,0,0,86016,348,0,0,0,0
20088,ca0d9c8e8b2ed05fcf10178e1d194f5e484892dbe59ede4ae9549d27a5c8fd75,1,2,144,3,0,4,0,65535,0,184,0,0,0,64,0,0,0,216,332,5,0,0,224,258,267,14,29,74240,5632,0,43920,4096,81920,4194304,4096,512,6,0,0,0,6,0,98304,1024,0,2,34112,1048576,4096,1048576,4096,0,0,86364,160,0,0,0,0,0,0,94208,1032,17224,56,0,0,0,0,0,0,0,0,86016,348,0,0,0,0
20089,e0caa666e605f9ee708448cb9af69188d3afc350bbedab0143ab2a44493c33f0,1,2,144,3,0,4,0,65535,0,184,0,0,0,64,0,0,0,200,332,6,0,0,224,258,267,1,0,86016,16384,0,98304,4096,81920,4194304,4096,512,4,0,0,0,4,0,104720,688,99460,2,34048,1048576,4096,1048576,4096,0,0,101624,2049,0,0,0,0,0,0,103680,1040,0,0,0,0,0,0,0,0,0,0,86016,348,0,0,0,0
20090,ea95f131bd9b49104d9e7ae83335254549ded9d71d557c6e4746740aecca2c85,1,2,144,3,0,4,0,65535,0,184,0,0,0,64,0,0,0,200,332,5,0,0,224,258,267,14,27,74752,5632,0,43968,4096,81920,4194304,4096,512,6,0,0,0,6,0,98304,1024,0,2,34112,1048576,4096,1048576,4096,0,0,86364,160,0,0,0,0,0,0,94208,1040,17232,56,0,0,0,0,0,0,0,0,86016,348,0,0,0,0
20091,eec8782eacf1c447a8ddbfe795842958ff68511ddbb5025255151f2b98fe8f78,1,2,144,3,0,4,0,65535,0,184,0,0,0,64,0,0,0,200,332,5,0,0,224,258,267,14,27,74752,5632,0,43968,4096,81920,4194304,4096,512,6,0,0,0,6,0,98304,1024,0,2,34112,1048576,4096,1048576,4096,0,0,86364,160,0,0,0,0,0,0,94208,1040,17232,56,0,0,0,0,0,0,0,0,86016,348,0,0,0,0
20092,f1719415abe4dcba0daef0a1e5c8994d1d3c0c659d3e0a11b34f307370dd8683,1,2,144,3,0,4,0,65535,0,184,0,0,0,64,0,0,0,200,332,5,0,0,224,258,267,14,27,74752,5632,0,43968,4096,81920,4194304,4096,512,6,0,0,0,6,0,98304,1024,0,2,34112,1048576,4096,1048576,4096,0,0,86364,160,0,0,0,0,0,0,94208,1040,17232,56,0,0,0,0,0,0,0,0,86016,348,0,0,0,0
20093,072158f5588440e6c94cb419ae06a27cf584afe3b0cb09c28eff0b4662c15486,1,3,144,3,0,4,0,65535,0,184,0,0,0,64,0,0,0,128,332,3,0,0,224,258,267,14,12,36864,4096,49152,87024,53248,90112,4194304,4096,512,5,1,0,0,5,1,94208,4096,0,2,33088,1048576,4096,1048576,4096,0,0,90112,236,0,0,0,0,0,0,90348,12,0,0,0,0,0,0,0,0,0,0,0,0,0,0,0,0
20094,0751c422962dcd500d7cf2cf8bf544ddf5b2fe3465df7dd9b9998f6bba5e08a4,1,3,144,3,0,4,0,65535,0,184,0,0,0,64,0,0,0,128,332,5,0,0,224,258,267,14,12,67584,13312,0,71033,4096,73728,4194304,4096,512,5,1,0,0,5,1,98304,1024,130388,2,33088,1048576,4096,1048576,4096,0,0,74080,80,0,0,0,0,0,0,94208,3048,73824,28,0,0,0,0,0,0,0,0,73728,96,0,0,0,0
20095,1c63a4fdee1528429886a0de5e89eaa540a058bf27cd378b8d139e045a2f7849,1,3,144,3,0,4,0,65535,0,184,0,0,0,64,0,0,0,128,332,5,0,0,224,258,267,14,12,67584,13312,0,71033,4096,73728,4194304,4096,512,5,1,0,0,5,1,98304,1024,141489,2,33088,1048576,4096,1048576,4096,0,0,74080,80,0,0,0,0,0,0,94208,3048,73824,28,0,0,0,0,0,0,0,0,73728,96,0,0,0,0
20096,1eea3cbd729d4493c0c0a84efe6840abf1760efe221dc971d32ca5017b5c19c2,1,3,144,3,0,4,0,65535,0,184,0,0,0,64,0,0,0,128,332,5,0,0,224,258,267,14,12,67584,13312,0,71033,4096,73728,4194304,4096,512,5,1,0,0,5,1,102400,1024,84338,2,33088,1048576,4096,1048576,4096,0,0,74080,80,0,0,0,0,0,0,98304,3048,73824,28,0,0,0,0,0,0,0,0,73728,96,0,0,0,0
20097,20742987e6f743814b25e214f8b2cd43111e2f60a8856a6cca87cafd85422f41,1,3,144,3,0,4,0,65535,0,184,0,0,0,64,0,0,0,128,332,5,0,0,224,258,267,14,12,67584,13312,0,71033,4096,73728,4194304,4096,512,5,1,0,0,5,1,98304,1024,97964,2,33088,1048576,4096,1048576,4096,0,0,74080,80,0,0,0,0,0,0,94208,3048,73824,28,0,0,0,0,0,0,0,0,73728,96,0,0,0,0
20098,22d7d67c3af10b1a37f277ebabe2d1eb4fd25afbd6437d4377400e148bcc08d6,1,3,144,3,0,4,0,65535,0,184,0,0,0,64,0,0,0,128,332,5,0,0,224,258,267,14,12,56320,9728,0,59605,4096,61440,4194304,4096,512,5,1,0,0,5,1,81920,1024,111839,2,33088,1048576,4096,1048576,4096,0,0,61808,80,0,0,0,0,0,0,77824,2300,61552,28,0,0,0,0,0,0,0,0,61440,112,0,0,0,0
20099,2466fca0e29b06c78ffa8a44193fb58c30e6bec4e54bbef8e6622349b95cce4c,1,3,144,3,0,4,0,65535,0,184,0,0,0,64,0,0,0,128,332,5,0,0,224,258,267,14,12,67584,13312,0,70833,4096,73728,4194304,4096,512,5,1,0,0,5,1,98304,1024,121714,2,33088,1048576,4096,1048576,4096,0,0,74096,80,0,0,0,0,0,0,94208,3040,73840,28,0,0,0,0,0,0,0,0,73728,112,0,0,0,0
20100,25f95280b390eda74f9fd28f31bf57af0daf37bd48575e40d8b0ea9dccd37831,1,3,144,3,0,4,0,65535,0,184,0,0,0,64,0,0,0,128,332,5,0,0,224,258,267,14,12,67584,13312,0,71033,4096,73728,4194304,4096,512,5,1,0,0,5,1,98304,1024,80928,2,33088,1048576,4096,1048576,4096,0,0,74080,80,0,0,0,0,0,0,94208,3048,73824,28,0,0,0,0,0,0,0,0,73728,96,0,0,0,0
20101,26a7146fbed74a17e9f2f18145063de07cc103ce53c75c8d79bbc5560235c345,1,3,144,3,0,4,0,65535,0,184,0,0,0,64,0,0,0,128,332,5,0,0,224,258,267,14,12,68608,14336,0,72305,4096,73728,4194304,4096,512,5,1,0,0,5,1,98304,1024,98872,2,33088,1048576,4096,1048576,4096,0,0,74112,80,0,0,0,0,0,0,94208,3088,73856,28,0,0,0,0,0,0,0,0,73728,128,0,0,0,0
20102,2aad85dbd4c79bd21c6218892552d5c9fb216293a251559ba59d45d56a01437c,1,3,144,3,0,4,0,65535,0,184,0,0,0,64,0,0,0,128,332,5,0,0,224,258,267,14,12,68608,14336,0,72305,4096,73728,4194304,4096,512,5,1,0,0,5,1,98304,1024,144077,2,33088,1048576,4096,1048576,4096,0,0,74112,80,0,0,0,0,0,0,94208,3088,73856,28,0,0,0,0,0,0,0,0,73728,128,0,0,0,0
20103,2c323453e959257c7aa86dc180bb3aaaa5c5ec06fa4e72b632d9e4b817052009,1,3,144,3,0,4,0,65535,0,184,0,0,0,64,0,0,0,128,332,5,0,0,224,258,267,14,12,56320,9728,0,59605,4096,61440,4194304,4096,512,5,1,0,0,5,1,81920,1024,117126,2,33088,1048576,4096,1048576,4096,0,0,61808,80,0,0,0,0,0,0,77824,2300,61552,28,0,0,0,0,0,0,0,0,61440,112,0,0,0,0
20104,2cdb5edf3039863c30818ca34d9240cb0068ad33128895500721bcdca70c78fd,1,3,144,3,0,4,0,65535,0,184,0,0,0,64,0,0,0,128,332,5,0,0,224,258,267,14,12,67584,13312,0,71033,4096,73728,4194304,4096,512,5,1,0,0,5,1,98304,1024,145247,2,33088,1048576,4096,1048576,4096,0,0,74080,80,0,0,0,0,0,0,94208,3048,73824,28,0,0,0,0,0,0,0,0,73728,96,0,0,0,0
20105,2e50eb85f6e271001e69c5733af95c34728893145766066c5ff8708dcc0e43b2,1,3,144,3,0,4,0,65535,0,184,0,0,0,64,0,0,0,128,332,5,0,0,224,258,267,14,12,67584,13312,0,71033,4096,73728,4194304,4096,512,5,1,0,0,5,1,98304,1024,143052,2,33088,1048576,4096,1048576,4096,0,0,74080,80,0,0,0,0,0,0,94208,3048,73824,28,0,0,0,0,0,0,0,0,73728,96,0,0,0,0
20106,3893fbe4c6db1b0a22c65ad81a3c3930f1943edb9660218c50b4c04bc36d4a15,1,3,144,3,0,4,0,65535,0,184,0,0,0,64,0,0,0,128,332,5,0,0,224,258,267,14,12,68608,14336,0,72305,4096,73728,4194304,4096,512,5,1,0,0,5,1,98304,1024,144077,2,33088,1048576,4096,1048576,4096,0,0,74112,80,0,0,0,0,0,0,94208,3088,73856,28,0,0,0,0,0,0,0,0,73728,128,0,0,0,0
20107,3a03530c732ebe53cdd7c17bee0988896d36c2b632dbd6118613697c2af82117,1,3,64,1,0,2,0,65535,0,184,0,0,0,10,0,46080,52489,64,332,2,0,0,224,770,267,14,12,56320,9728,0,82136,4096,61440,4194304,4096,512,5,1,0,0,5,1,86016,512,88357,2,33024,1048576,8192,1048576,4096,0,0,81920,216,0,0,0,0,0,0,0,0,0,0,0,0,0,0,0,0,0,0,82000,24,0,0,0,0
20108,3a4bd5288b89aa26fbe39353b93c1205efa671be4f96e50beae0965f45fdcc40,1,3,144,3,0,4,0,65535,0,184,0,0,0,64,0,0,0,128,332,5,0,0,224,258,267,14,12,67584,13312,0,71033,4096,73728,4194304,4096,512,5,1,0,0,5,1,98304,1024,130388,2,33088,1048576,4096,1048576,4096,0,0,74080,80,0,0,0,0,0,0,94208,3048,73824,28,0,0,0,0,0,0,0,0,73728,96,0,0,0,0
20109,45ecce9dfec886e2b092a996f6affb9e7417d6121e58b0ec643be7e36a03106d,1,3,144,3,0,4,0,65535,0,184,0,0,0,64,0,0,0,128,332,5,0,0,224,258,267,14,12,56320,9728,0,59605,4096,61440,4194304,4096,512,5,1,0,0,5,1,81920,1024,117126,2,33088,1048576,4096,1048576,4096,0,0,61808,80,0,0,0,0,0,0,77824,2300,61552,28,0,0,0,0,0,0,0,0,61440,112,0,0,0,0
20110,4be85e2083b64838fb66b92195a250228a721cdb5ae91817ea97b37aa53f4a2b,1,3,144,3,0,4,0,65535,0,184,0,0,0,64,0,0,0,128,332,5,0,0,224,258,267,14,12,67584,13312,0,71033,4096,73728,4194304,4096,512,5,1,0,0,5,1,98304,1024,110783,2,33088,1048576,4096,1048576,4096,0,0,74080,80,0,0,0,0,0,0,94208,3048,73824,28,0,0,0,0,0,0,0,0,73728,96,0,0,0,0
20111,520bd9ed608c668810971dbd51184c6a29819674280b018dc4027bc38fc42e57,1,3,144,3,0,4,0,65535,0,184,0,0,0,64,0,0,0,128,332,5,0,0,224,258,267,14,12,67584,13312,0,71033,4096,73728,4194304,4096,512,5,1,0,0,5,1,98304,1024,87559,2,33088,1048576,4096,1048576,4096,0,0,74080,80,0,0,0,0,0,0,94208,3048,73824,28,0,0,0,0,0,0,0,0,73728,96,0,0,0,0
20112,53c704934228ec0660e50422b5ee340332f0df491aa50c6367ed343edb5ed16a,1,3,144,3,0,4,0,65535,0,184,0,0,0,64,0,0,0,128,332,5,0,0,224,258,267,14,12,60928,9728,0,64296,4096,65536,4194304,4096,512,5,1,0,0,5,1,86016,1024,115990,2,33088,1048576,4096,1048576,4096,0,0,65872,80,0,0,0,0,0,0,81920,2332,65616,28,0,0,0,0,0,0,0,0,65536,80,0,0,0,0
20113,5da8d2e1b36be0d661d276ea6523760dbe3fa4f3fdb7e32b144812ce50c483fa,1,3,144,3,0,4,0,65535,0,184,0,0,0,64,0,0,0,128,332,5,0,0,224,258,267,14,12,67584,13312,0,71033,4096,73728,4194304,4096,512,5,1,0,0,5,1,98304,1024,121730,2,33088,1048576,4096,1048576,4096,0,0,74080,80,0,0,0,0,0,0,94208,3048,73824,28,0,0,0,0,0,0,0,0,73728,96,0,0,0,0
20114,668a4a2300f36c9df0f7307cc614be3297f036fa312a424765cdb2c169187fe6,1,3,144,3,0,4,0,65535,0,184,0,0,0,64,0,0,0,128,332,3,0,0,224,258,267,14,12,36864,4096,49152,86384,53248,90112,4194304,4096,512,5,1,0,0,5,1,94208,4096,0,2,33088,1048576,4096,1048576,4096,0,0,90112,236,0,0,0,0,0,0,90348,12,0,0,0,0,0,0,0,0,0,0,0,0,0,0,0,0
20115,66e6563ecef8f33b1b283a63404a2029550af9a6574b84e0fb3f2c6a8f42e89f,1,3,144,3,0,4,0,65535,0,184,0,0,0,64,0,0,0,128,332,5,0,0,224,258,267,14,12,67584,13312,0,71033,4096,73728,4194304,4096,512,5,1,0,0,5,1,98304,1024,130604,2,33088,1048576,4096,1048576,4096,0,0,74080,80,0,0,0,0,0,0,94208,3048,73824,28,0,0,0,0,0,0,0,0,73728,96,0,0,0,0
20116,67d8a3a6816aaf8e187d75a11d733c65191202487c5295eed403510c45b2b478,1,3,144,3,0,4,0,65535,0,184,0,0,0,64,0,0,0,128,332,5,0,0,224,258,267,14,12,56320,9728,0,59605,4096,61440,4194304,4096,512,5,1,0,0,5,1,81920,1024,111839,2,33088,1048576,4096,1048576,4096,0,0,61808,80,0,0,0,0,0,0,77824,2300,61552,28,0,0,0,0,0,0,0,0,61440,112,0,0,0,0
20117,6d4712df42ad0982041ef0e2e109ab5718b43830f2966bd9207a7fac3af883db,1,3,144,3,0,4,0,65535,0,184,0,0,0,64,0,0,0,128,332,5,0,0,224,258,267,14,12,60928,9728,0,64296,4096,65536,4194304,4096,512,5,1,0,0,5,1,86016,1024,96502,2,33088,1048576,4096,1048576,4096,0,0,65872,80,0,0,0,0,0,0,81920,2332,65616,28,0,0,0,0,0,0,0,0,65536,80,0,0,0,0
20118,6ee278e62994b9340a2f1584a1c156ffa378075ebf134b1e06d5e3e426a01f75,1,3,144,3,0,4,0,65535,0,184,0,0,0,64,0,0,0,128,332,5,0,0,224,258,267,14,12,67584,13312,0,71033,4096,73728,4194304,4096,512,5,1,0,0,5,1,98304,1024,143052,2,33088,1048576,4096,1048576,4096,0,0,74080,80,0,0,0,0,0,0,94208,3048,73824,28,0,0,0,0,0,0,0,0,73728,96,0,0,0,0
20119,706f3eec328e91ff7f66c8f0a2fb9b556325c153a329a2062dc85879c540839d,1,3,144,3,0,4,0,65535,0,184,0,0,0,64,0,0,0,128,332,5,0,0,224,258,267,14,12,67584,13312,0,71033,4096,73728,4194304,4096,512,5,1,0,0,5,1,98304,1024,138943,2,33088,1048576,4096,1048576,4096,0,0,74080,80,0,0,0,0,0,0,94208,3048,73824,28,0,0,0,0,0,0,0,0,73728,96,0,0,0,0
20120,730f2d6243055c786d737bae0665267b962c64f57132e9ab401d6e7625c3d0a4,1,3,144,3,0,4,0,65535,0,184,0,0,0,64,0,0,0,128,332,5,0,0,224,258,267,14,12,68608,14336,0,72305,4096,73728,4194304,4096,512,5,1,0,0,5,1,98304,1024,98687,2,33088,1048576,4096,1048576,4096,0,0,74112,80,0,0,0,0,0,0,94208,3088,73856,28,0,0,0,0,0,0,0,0,73728,128,0,0,0,0
20121,7f6dd0ca03f04b64024e86a72a6d7cfab6abccc2173b85896fc4b431990a5984,1,3,144,3,0,4,0,65535,0,184,0,0,0,64,0,0,0,128,332,5,0,0,224,258,267,14,12,56320,9728,0,59605,4096,61440,4194304,4096,512,5,1,0,0,5,1,81920,1024,111839,2,33088,1048576,4096,1048576,4096,0,0,61808,80,0,0,0,0,0,0,77824,2300,61552,28,0,0,0,0,0,0,0,0,61440,112,0,0,0,0
20122,84af3f15701d259f3729d83beb15ca738028432c261353d1f9242469d791714f,1,3,144,3,0,4,0,65535,0,184,0,0,0,64,0,0,0,128,332,5,0,0,224,258,267,14,12,56320,9728,0,59605,4096,61440,4194304,4096,512,5,1,0,0,5,1,81920,1024,0,2,33088,1048576,4096,1048576,4096,0,0,61808,80,0,0,0,0,0,0,77824,2300,61552,28,0,0,0,0,0,0,0,0,61440,112,0,0,0,0
20123,86c84c07e27cc8aba129e1cf51215b65c445f178b94f2e8c4c10e6bc110daa94,1,3,144,3,0,4,0,65535,0,184,0,0,0,64,0,0,0,128,332,6,0,0,224,8450,267,14,12,59392,9728,0,63180,4096,65536,268435456,4096,512,5,1,0,0,5,1,90112,1024,117504,2,320,1048576,4096,4194304,4096,0,0,0,0,0,0,0,0,0,0,86016,2268,65536,28,0,0,0,0,0,0,0,0,0,0,0,0,0,0
20124,8e41970c748b56f4ab656e9e51295d9bf53c40da2ae0a1b099459d732716f739,1,3,144,3,0,4,0,65535,0,184,0,0,0,64,0,0,0,128,332,5,0,0,224,258,267,14,12,56320,9728,0,59605,4096,61440,4194304,4096,512,5,1,0,0,5,1,81920,1024,111839,2,33088,1048576,4096,1048576,4096,0,0,61808,80,0,0,0,0,0,0,77824,2300,61552,28,0,0,0,0,0,0,0,0,61440,112,0,0,0,0
20125,8eada5114fbbc73b7d648b38623fc206367c94c0e76cb3b395a33ea8859d2952,1,3,144,3,0,4,0,65535,0,184,0,0,0,64,0,0,0,128,332,5,0,0,224,258,267,14,12,68608,14336,0,72305,4096,73728,4194304,4096,512,5,1,0,0,5,1,98304,1024,100299,2,33088,1048576,4096,1048576,4096,0,0,74112,80,0,0,0,0,0,0,94208,3088,73856,28,0,0,0,0,0,0,0,0,73728,128,0,0,0,0
20126,8f1b0affffb2f2f58b477515d1ce54f4daa40a761d828041603d5536c2d53539,1,3,144,3,0,4,0,65535,0,184,0,0,0,64,0,0,0,128,332,5,0,0,224,258,267,14,12,67584,13312,0,71033,4096,73728,4194304,4096,512,5,1,0,0,5,1,98304,1024,110151,2,33088,1048576,4096,1048576,4096,0,0,74080,80,0,0,0,0,0,0,94208,3048,73824,28,0,0,0,0,0,0,0,0,73728,96,0,0,0,0
20127,9bae897c19f237c22b6bdc024df27455e739be24bed07ef0d409f2df87eeda58,1,3,144,3,0,4,0,65535,0,184,0,0,0,64,0,0,0,128,332,5,0,0,224,258,267,14,12,74752,20992,0,72874,4096,81920,4194304,4096,512,5,1,0,0,5,1,110592,1024,101105,2,33088,1048576,4096,4194304,4096,0,0,82448,80,0,0,0,0,0,0,106496,2916,82192,28,0,0,0,0,0,0,0,0,81920,96,0,0,0,0
20128,9bd4aaf4c7a7cde7757d7083acba1936909a37709b78f702d5997f18edc2c0c6,1,3,144,3,0,4,0,65535,0,184,0,0,0,64,0,0,0,128,332,5,0,0,224,258,267,14,12,60928,9728,0,64296,4096,65536,14221312,4096,512,5,1,0,0,5,1,86016,1024,115990,2,33088,1048576,4096,1048576,4096,0,0,65872,80,0,0,0,0,0,0,81920,2332,65616,28,0,0,0,0,0,0,0,0,65536,80,0,0,0,0
20129,9cf9441554ac727f9d191ad9de1dc101867ffe5264699cafcf2734a4b89d5d6a,1,3,144,3,0,4,0,65535,0,184,0,0,0,64,0,0,0,128,332,5,0,0,224,258,267,14,12,67584,13312,0,71033,4096,73728,4194304,4096,512,5,1,0,0,5,1,98304,1024,92261,2,33088,1048576,4096,1048576,4096,0,0,74080,80,0,0,0,0,0,0,94208,3048,73824,28,0,0,0,0,0,0,0,0,73728,96,0,0,0,0
20130,a6903580ab0f4f6e41778b8d20c663b56436ae1dda08a241f3ac22ad329870fb,1,3,144,3,0,4,0,65535,0,184,0,0,0,64,0,0,0,128,332,5,0,0,224,258,267,14,12,67584,13312,0,71033,4096,73728,1179648,4096,512,5,1,0,0,5,1,98304,1024,143052,2,33088,1048576,4096,1048576,4096,0,0,74080,80,0,0,0,0,0,0,94208,3048,73824,28,0,0,0,0,0,0,0,0,73728,96,0,0,0,0
20131,b824bbc645f15e213b4cb2628f7d383e9e37282059b03f6fe60f7c84ea1fed1f,1,3,144,3,0,4,0,65535,0,184,0,0,0,64,0,0,0,128,332,5,0,0,224,258,267,14,12,60928,9728,0,64296,4096,65536,4194304,4096,512,5,1,0,0,5,1,86016,1024,115990,2,33088,1048576,4096,1048576,4096,0,0,65872,80,0,0,0,0,0,0,81920,2332,65616,28,0,0,0,0,0,0,0,0,65536,80,0,0,0,0
20132,bd0a7378cd96701edafc0a8ddd7b2a9904552be29804750bff47b3e08e23319f,1,3,144,3,0,4,0,65535,0,184,0,0,0,64,0,0,0,128,332,5,0,0,224,258,267,14,12,56320,9728,0,59605,4096,61440,4194304,4096,512,5,1,0,0,5,1,81920,1024,111839,2,33088,1048576,4096,1048576,4096,0,0,61808,80,0,0,0,0,0,0,77824,2300,61552,28,0,0,0,0,0,0,0,0,61440,112,0,0,0,0
20133,c6e2ef30a86baa670590bd21acf5b91822117e0cbe6060060bc5fe0182dace99,1,3,144,3,0,4,0,65535,0,184,0,0,0,64,0,0,0,128,332,5,0,0,224,258,267,14,12,56320,9728,0,59605,4096,61440,4194304,4096,512,5,1,0,0,5,1,81920,1024,117126,2,33088,1048576,4096,1048576,4096,0,0,61808,80,0,0,0,0,0,0,77824,2300,61552,28,0,0,0,0,0,0,0,0,61440,112,0,0,0,0
20134,ccee26ea662c87a6c3171b091044282849cc8d46d4b9b9da6cf429b8114c4239,1,3,144,3,0,4,0,65535,0,184,0,0,0,64,0,0,0,128,332,5,0,0,224,258,267,14,12,68608,14336,0,72305,4096,73728,4194304,4096,512,5,1,0,0,5,1,98304,1024,120005,2,33088,1048576,4096,1048576,4096,0,0,74112,80,0,0,0,0,0,0,94208,3088,73856,28,0,0,0,0,0,0,0,0,73728,128,0,0,0,0
20135,d4647619fa2dc8fef5560d1662cbee6eb7dc95298dd40edf12dd4c8ee902d767,1,3,144,3,0,4,0,65535,0,184,0,0,0,64,0,0,0,128,332,5,0,0,224,258,267,14,12,67584,13312,0,71033,4096,73728,11665408,4096,512,5,1,0,0,5,1,98304,1024,143052,2,33088,1048576,4096,1048576,4096,0,0,74080,80,0,0,0,0,0,0,94208,3048,73824,28,0,0,0,0,0,0,0,0,73728,96,0,0,0,0
20136,e4fd947a781611c85ea2e5afa51b186de7f351026c28eb067ad70028acd72cda,1,3,144,3,0,4,0,65535,0,184,0,0,0,64,0,0,0,128,332,5,0,0,224,258,267,14,12,60928,9728,0,64296,4096,65536,4194304,4096,512,5,1,0,0,5,1,86016,1024,115990,2,33088,1048576,4096,1048576,4096,0,0,65872,80,0,0,0,0,0,0,81920,2332,65616,28,0,0,0,0,0,0,0,0,65536,80,0,0,0,0
20137,fe2b2beeff98cae90f58a5b2f01dab31eaa98d274757a7dd9f70f4dc8432a6e2,1,3,144,3,0,4,0,65535,0,184,0,0,0,64,0,0,0,128,332,5,0,0,224,258,267,14,12,68608,14336,0,72305,4096,73728,4194304,4096,512,5,1,0,0,5,1,98304,1024,140372,2,33088,1048576,4096,1048576,4096,0,0,74112,80,0,0,0,0,0,0,94208,3088,73856,28,0,0,0,0,0,0,0,0,73728,128,0,0,0,0
20138,002dd9b7cbf8ca2a09434f8c4abd85631efe922ab8daa1219d86d83a0228aeda,1,4,144,3,0,4,0,65535,0,184,0,0,0,64,0,0,0,232,332,4,0,0,224,259,267,11,0,107520,136704,0,18905,4096,114688,4194304,4096,512,6,0,0,0,6,0,266240,1024,261793,3,33024,1048576,4096,1048576,4096,0,0,138688,60,159744,103424,0,0,0,0,0,0,0,0,0,0,0,0,132704,64,0,0,114688,360,0,0,0,0
20139,004ede55a972e10d9a21bcf338b4907d6eed65bf5ad6abbbd5aec7d8484bdedf,1,4,144,3,0,4,0,65535,0,184,0,0,0,64,0,0,0,224,332,5,0,0,224,258,267,14,24,94720,7680,0,21328,4096,102400,4194304,4096,512,6,0,0,0,6,0,122880,1024,0,2,34112,1048576,4096,1048576,4096,0,0,102772,80,114688,808,0,0,0,0,118784,800,102480,56,0,0,0,0,0,0,0,0,102400,64,0,0,0,0
20140,040fcbd360c7498756519cb0e687120bd623da80784034ea89178409491b1c44,1,4,144,3,0,4,0,65535,0,184,0,0,0,64,0,0,0,216,332,5,0,0,224,258,267,14,24,38400,8192,0,22704,4096,45056,4194304,4096,512,6,0,0,0,6,0,65536,1024,0,2,34112,1048576,4096,1048576,4096,0,0,45556,80,57344,820,0,0,0,0,61440,1112,45264,56,0,0,0,0,0,0,0,0,45056,80,0,0,0,0
20141,0460cfa76fb0a02be92b0bc99a09168ebe38dbc8eeb1aa966dca66f0e849b53d,1,4,144,3,0,4,0,65535,0,184,0,0,0,64,0,0,0,256,332,5,0,0,224,258,267,14,16,160768,41984,0,120025,4096,167936,4194304,4096,512,6,0,0,0,6,0,221184,1024,0,2,33088,1048576,4096,1048576,4096,0,0,190020,80,208896,480,0,0,0,0,212992,4420,187376,56,0,0,0,0,187432,64,0,0,167936,276,0,0,0,0
20142,0951fde8a8ea9cd45d2be14d63e6e55c8e87af0da45cf3776b495871652aa862,1,4,144,3,0,4,0,65535,0,184,0,0,0,64,0,0,0,224,332,4,0,0,224,259,267,9,0,160768,283136,0,73332,4096,167936,4194304,4096,512,5,0,0,0,5,0,466944,1024,504833,2,32768,1048576,4096,1048576,4096,0,0,199100,160,229376,236999,0,0,0,0,0,0,0,0,0,0,0,0,185360,64,0,0,167936,972,198964,64,0,0
20143,198667b1eda010a431dfb051a101cc73ead1d45ba8d0f6641ec1c14bca4106f3,1,4,144,3,0,4,0,65535,0,184,0,0,0,64,0,0,0,272,332,5,0,0,224,258,267,14,16,157184,40448,0,116473,4096,163840,4194304,4096,512,6,0,0,0,6,0,212992,1024,0,2,33088,1048576,4096,1048576,4096,0,0,185684,80,200704,480,0,0,0,0,204800,4384,183040,56,0,0,0,0,183096,64,0,0,163840,284,0,0,0,0
20144,1b8081bae0e493d098b8756b1e7c4b19715a78946cf227f2c27f9311e6718420,1,4,144,3,0,4,0,65535,0,184,0,0,0,64,0,0,0,256,332,4,0,0,224,271,267,7,10,180224,585728,0,57924,4096,184320,4194304,4096,4096,4,0,0,0,4,0,770048,4096,0,2,0,1048576,4096,1048576,4096,236336,100,228896,260,262144,504808,0,0,0,0,0,0,185728,28,0,0,0,0,211624,72,0,0,184320,1404,228760,64,0,0
20145,1ce8a939b3e7d84c59c12dc9e1091532f4336dac533847b6533b01d9dcf494e9,1,4,144,3,0,4,0,65535,0,184,0,0,0,64,0,0,0,256,332,5,0,0,224,258,267,14,16,155136,41984,0,114713,4096,159744,4194304,4096,512,6,0,0,0,6,0,212992,1024,0,2,33088,1048576,4096,1048576,4096,0,0,181828,80,200704,480,0,0,0,0,204800,4392,179184,56,0,0,0,0,179240,64,0,0,159744,276,0,0,0,0
20146,1ef1ff8b1e81815d13bdd293554ddf8b3e57490dd3ef4add7c2837ddc67f9c24,1,4,144,3,0,4,0,65535,0,184,0,0,0,64,0,0,0,224,332,5,0,0,224,258,267,14,24,94720,7680,0,21328,4096,102400,4194304,4096,512,6,0,0,0,6,0,122880,1024,0,2,34112,1048576,4096,1048576,4096,0,0,102772,80,114688,816,0,0,0,0,118784,800,102480,56,0,0,0,0,0,0,0,0,102400,64,0,0,0,0
20147,26b2401211769d2fa1415228b4b1305eeeed249a996d149ad83b6fc9c4f703ce,1,4,144,3,0,4,0,65535,0,184,0,0,0,64,0,0,0,232,332,6,0,0,224,258,267,9,0,3072,215552,0,5565,4096,8192,4194304,4096,512,5,0,0,0,5,0,446464,1024,270854,2,33088,1048576,4096,1048576,4096,0,0,8764,60,233472,209408,0,0,0,0,229376,396,0,0,0,0,0,0,8568,64,0,0,8192,204,0,0,0,0
20148,2fc6d7df9252b1e2c4eb3ad7d0d29c188d87548127c44cebc40db9abe8e5aa35,1,4,144,3,0,4,0,65535,0,184,0,0,0,64,0,0,0,272,332,5,0,0,224,258,267,14,16,157696,40448,0,116953,4096,163840,4194304,4096,512,6,0,0,0,6,0,212992,1024,0,2,33088,1048576,4096,1048576,4096,0,0,185684,80,200704,480,0,0,0,0,204800,4400,183040,56,0,0,0,0,183096,64,0,0,163840,284,0,0,0,0
20149,4bfd58d4e4a6fe5e91b408bc190a24d352124902085f9c2da948ad7d79b72618,1,4,144,3,0,4,0,65535,0,184,0,0,0,64,0,0,0,256,332,5,0,0,224,258,267,14,16,160768,41984,0,120025,4096,167936,4194304,4096,512,6,0,0,0,6,0,221184,1024,0,2,33088,1048576,4096,1048576,4096,0,0,190020,80,208896,480,0,0,0,0,212992,4420,187376,56,0,0,0,0,187432,64,0,0,167936,276,0,0,0,0
20150,4d8fcd9492a256c0cb9567e63b53b75c2a591f5eebe7293298239736034b742a,1,4,144,3,0,4,0,65535,0,184,0,0,0,64,0,0,0,256,332,5,0,0,224,258,267,14,16,160768,41984,0,120025,4096,167936,4194304,4096,512,6,0,0,0,6,0,221184,1024,0,2,33088,1048576,4096,1048576,4096,0,0,190020,80,208896,480,0,0,0,0,212992,4420,187376,56,0,0,0,0,187432,64,0,0,167936,276,0,0,0,0
20151,4f17d7fa344b970890ed1bc52a0da95146cab9fe56ecabafafacb0ad212558c9,1,4,144,3,0,4,0,65535,0,184,0,0,0,64,0,0,0,256,332,5,0,0,224,258,267,14,16,160768,41984,0,120025,4096,167936,4194304,4096,512,6,0,0,0,6,0,221184,1024,0,2,33088,1048576,4096,1048576,4096,0,0,190020,80,208896,480,0,0,0,0,212992,4420,187376,56,0,0,0,0,187432,64,0,0,167936,276,0,0,0,0
20152,53b1c1b2f41a7fc300e97d036e57539453ff82001dd3f6abf07f4896b1f9ca22,1,4,144,3,0,4,0,65535,0,184,0,0,0,64,0,0,0,272,332,5,0,0,224,258,267,14,16,156160,40448,0,115401,4096,163840,4194304,4096,512,6,0,0,0,6,0,212992,1024,0,2,33088,1048576,4096,1048576,4096,0,0,185684,80,200704,480,0,0,0,0,204800,4388,183040,56,0,0,0,0,183096,64,0,0,163840,284,0,0,0,0
20153,58ca4e482db7cf5c924256e53d8516d422e76cf4b85b43dc2b9ba0c7cb471ff7,1,4,144,3,0,4,0,65535,0,184,0,0,0,64,0,0,0,256,332,5,0,0,224,258,267,14,16,160768,41984,0,120025,4096,167936,4194304,4096,512,6,0,0,0,6,0,221184,1024,0,2,33088,1048576,4096,1048576,4096,0,0,190020,80,208896,480,0,0,0,0,212992,4420,187376,56,0,0,0,0,187432,64,0,0,167936,276,0,0,0,0
20154,59a9f0de96eff57768e995b296ae75778a232f30d95a7b7ab5048c621b50c66d,1,4,144,3,0,4,0,65535,0,184,0,0,0,64,0,0,0,184,332,3,0,0,224,271,267,4,10,338432,8192,7680,12288,4096,344064,4194304,4096,512,4,0,0,0,4,0,356352,1024,0,2,0,1048576,4096,1048576,4096,344064,73,353588,260,0,0,0,0,0,0,0,0,0,0,0,0,0,0,0,0,0,0,353280,308,0,0,0,0
20155,61dd6a0b2870d62f56c7fe0039d42bf5351588f927267fe7b4ee0761872a3b20,1,4,144,3,0,4,0,65535,0,184,0,0,0,64,0,0,0,264,332,6,0,0,224,258,267,14,0,148992,43008,0,106440,4096,155648,4194304,4096,512,5,1,0,0,5,1,208896,1024,0,2,33088,1048576,4096,1048576,4096,0,0,178484,80,196608,480,0,0,0,0,200704,5584,175296,56,0,0,0,0,175352,64,0,0,155648,296,0,0,0,0
20156,633b9d373da7d2916f4d3b2902d4817c0f3ad5de5466ac85f34bdd37a8d3dd37,1,4,144,3,0,4,0,65535,0,184,0,0,0,64,0,0,0,264,332,6,0,0,224,258,267,14,0,148480,43008,0,105879,4096,155648,4194304,4096,512,5,1,0,0,5,1,208896,1024,0,2,33088,1048576,4096,1048576,4096,0,0,178484,80,196608,480,0,0,0,0,200704,5592,175296,56,0,0,0,0,175352,64,0,0,155648,296,0,0,0,0
20157,64a3a3ec70d20636299b8fe4f50c2b4d077f9934ee2d6ccf7d440b05b9770f56,1,4,144,3,0,4,0,65535,0,184,0,0,0,64,0,0,0,264,332,6,0,0,224,258,267,14,0,153600,42496,0,111592,4096,159744,4194304,4096,512,5,1,0,0,5,1,217088,1024,0,2,33088,1048576,4096,1048576,4096,0,0,182772,80,204800,480,0,0,0,0,208896,4628,179392,112,0,0,0,0,179504,64,0,0,159744,288,0,0,0,0
20158,6815e1e06e29863290319eb3e814ae2a394271aa2f95cc7c31a649c4c2f4fd04,1,4,144,3,0,4,0,65535,0,184,0,0,0,64,0,0,0,256,332,5,0,0,224,258,267,14,16,160768,41984,0,120025,4096,167936,4194304,4096,512,6,0,0,0,6,0,221184,1024,0,2,33088,1048576,4096,1048576,4096,0,0,190020,80,208896,480,0,0,0,0,212992,4420,187376,56,0,0,0,0,187432,64,0,0,167936,276,0,0,0,0
20159,707b752f6bd89d4f97d08602d0546a56d27acfe00e6d5df2a2cb67c5e2eeee30,1,4,144,3,0,4,0,65535,0,184,0,0,0,64,0,0,0,232,332,5,0,0,224,258,267,9,0,3072,215552,0,5565,4096,8192,4194304,4096,512,5,0,0,0,5,0,233472,1024,270854,2,33088,1048576,4096,1048576,4096,0,0,8764,60,16384,208900,0,0,0,0,229376,396,0,0,0,0,0,0,8568,64,0,0,8192,204,0,0,0,0
20160,7ca57576c6a2d7dbf49faeafd4804c6b86d9af7fff1390c58a30eb9d9bf2fbfd,1,4,144,3,0,4,0,65535,0,184,0,0,0,64,0,0,0,256,332,5,0,0,224,258,267,14,16,155136,41984,0,114713,4096,159744,4194304,4096,512,6,0,0,0,6,0,212992,1024,0,2,33088,1048576,4096,1048576,4096,0,0,181828,80,200704,480,0,0,0,0,204800,4392,179184,56,0,0,0,0,179240,64,0,0,159744,276,0,0,0,0
20161,98a09f7896a7c20229e696d6e8344fe9593fd70afada5d986e04c0d6933cc4db,1,4,144,3,0,4,0,65535,0,184,0,0,0,64,0,0,0,232,332,4,0,0,224,271,267,6,0,20480,73728,0,20070,4096,24576,4194304,4096,4096,4,0,0,0,4,0,98304,4096,161708,2,0,1048576,4096,1048576,4096,0,0,28464,120,90112,4328,0,0,0,0,0,0,0,0,0,0,0,0,0,0,0,0,24576,660,0,0,0,0
20162,9aed278f54f65e546fb9f7f34dff26d0835a0a21a5a4fc4c026bf84596ed277e,1,4,144,3,0,4,0,65535,0,184,0,0,0,64,0,0,0,264,332,6,0,0,224,258,267,14,0,69120,43008,0,22622,4096,73728,4194304,4096,512,5,1,0,0,5,1,131072,1024,0,3,33088,1048576,4096,1048576,4096,0,0,96836,140,118784,480,0,0,0,0,122880,4604,93136,112,0,0,0,0,93248,64,0,0,73728,500,0,0,0,0
20163,b524ed1cc22253f09d56f54d8ded4566b63352ff739f58de961f8a5bebb0fad9,1,4,144,3,0,4,0,65535,0,184,0,0,0,64,0,0,0,256,332,4,0,0,224,271,267,7,10,266240,335872,0,60228,4096,270336,4194304,4096,4096,4,0,0,0,4,0,606208,4096,0,2,0,1048576,4096,1048576,4096,0,0,332588,260,368640,235472,0,0,0,0,0,0,0,0,0,0,0,0,308056,72,0,0,270336,1888,332452,64,0,0
20164,c14f8bc656284715516f26935afe487a1d584f56ffabbcb98f2974f6ca6cd3a4,1,4,144,3,0,4,0,65535,0,184,0,0,0,64,0,0,0,224,332,5,0,0,224,258,267,14,24,94720,7680,0,21328,4096,102400,4194304,4096,512,6,0,0,0,6,0,122880,1024,0,2,34112,1048576,4096,1048576,4096,0,0,102772,80,114688,808,0,0,0,0,118784,800,102480,56,0,0,0,0,0,0,0,0,102400,64,0,0,0,0
20165,d16645bce49ea342c4b4f5afa3f711bf0a3986a4a7354f96f24a21f161fff7cb,1,4,144,3,0,4,0,65535,0,184,0,0,0,64,0,0,0,256,332,5,0,0,224,258,267,14,16,160768,41984,0,120041,4096,167936,4194304,4096,512,6,0,0,0,6,0,221184,1024,0,2,33088,1048576,4096,1048576,4096,0,0,190020,80,208896,480,0,0,0,0,212992,4416,187376,56,0,0,0,0,187432,64,0,0,167936,276,0,0,0,0
20166,d21c71a090cd6759efc1f258b4d087e82c281ce65a9d76f20a24857901e694fc,1,4,144,3,0,4,0,65535,0,184,0,0,0,64,0,0,0,224,332,4,0,0,224,259,267,9,0,131072,270336,0,8576,4096,135168,4194304,4096,512,5,0,0,0,5,0,397312,1024,342371,2,33024,1048576,4096,1048576,4096,0,0,166744,60,352256,44520,0,0,0,0,0,0,135808,28,0,0,0,0,164336,64,0,0,135168,564,0,0,0,0
20167,d236d64b7bf9510ea1746d10a4c164a2ef2c724cc62b2bca91d72bdf24821e40,1,4,144,3,0,4,0,65535,0,184,0,0,0,64,0,0,0,224,332,5,0,0,224,258,267,9,0,160256,332800,0,71823,4096,167936,4194304,4096,512,5,0,0,0,5,0,524288,1024,528000,2,33088,1048576,4096,1048576,4096,0,0,200996,160,237568,252124,0,0,0,0,491520,10828,0,0,0,0,0,0,186608,64,0,0,167936,1028,200860,64,0,0
20168,d338295d50d5b39d8377c593f6d46feb512823e2724704448cc885b40c5056e0,1,4,144,3,0,4,0,65535,0,184,0,0,0,64,0,0,0,256,332,5,0,0,224,258,267,14,10,159232,40960,0,116110,4096,163840,4194304,4096,512,6,0,0,0,6,0,212992,1024,0,2,33088,1048576,4096,1048576,4096,0,0,186228,80,200704,480,0,0,0,0,204800,4632,183008,56,0,0,0,0,183064,64,0,0,163840,280,0,0,0,0
20169,d3c75c5bc4ae087d547bd722bd84478ee6baf8c3355b930f26cc19777cd39d4c,1,4,144,3,0,4,0,65535,0,184,0,0,0,64,0,0,0,272,332,5,0,0,224,258,267,14,16,157696,40960,0,117017,4096,163840,4194304,4096,512,6,0,0,0,6,0,212992,1024,0,2,33088,1048576,4096,1048576,4096,0,0,186084,80,200704,480,0,0,0,0,204800,4384,183296,112,0,0,0,0,183408,64,0,0,163840,284,0,0,0,0
20170,d417f3785a33da8b26ce68b62e66bdf7d46869b692fe325541a7be2b98119bd1,1,4,144,3,0,4,0,65535,0,184,0,0,0,64,0,0,0,256,332,5,0,0,224,258,267,14,10,159232,40960,0,116110,4096,163840,4194304,4096,512,6,0,0,0,6,0,212992,1024,0,2,33088,1048576,4096,1048576,4096,0,0,186228,80,200704,480,0,0,0,0,204800,4632,183008,56,0,0,0,0,183064,64,0,0,163840,280,0,0,0,0
20171,d7868354f2dfe79e91adef4f7b24bcb60772a76c577bcc5c71709c8a3e26eb5d,1,4,144,3,0,4,0,65535,0,184,0,0,0,64,0,0,0,256,332,5,0,0,224,258,267,14,16,155136,41984,0,114713,4096,159744,4194304,4096,512,6,0,0,0,6,0,212992,1024,0,2,33088,1048576,4096,1048576,4096,0,0,181828,80,200704,480,0,0,0,0,204800,4392,179184,56,0,0,0,0,179240,64,0,0,159744,276,0,0,0,0
20172,dbc76355c56a885a1475174fb5325d61b875fd6207ef465cae05617b49463a38,1,4,144,3,0,4,0,65535,0,184,0,0,0,64,0,0,0,272,332,6,0,0,224,258,267,14,16,157696,40960,0,117017,4096,163840,4194304,4096,512,6,0,0,0,6,0,217088,1024,0,2,33088,1048576,4096,1048576,4096,0,0,186084,80,212992,512,0,0,0,0,204800,4384,183296,112,0,0,0,0,183408,64,0,0,163840,284,0,0,0,0
20173,e16fea1b8874cc6b26e7e2df9697f03f86efa82247bb3b2922f1d05052dbcbb4,1,4,144,3,0,4,0,65535,0,184,0,0,0,64,0,0,0,248,332,4,0,0,224,259,267,9,0,16384,813568,0,17679,4096,20480,4194304,4096,512,5,0,0,0,5,0,1048576,1024,860976,2,33024,1048576,4096,1048576,4096,0,0,29372,220,245760,800224,0,0,0,0,0,0,0,0,0,0,0,0,28344,64,0,0,20480,604,0,0,0,0
20174,e64e350861b86d4e05668bc25e6c952880f6b39ca921496ccce1487dbf6acab6,1,4,144,3,0,4,0,65535,0,184,0,0,0,64,0,0,0,264,332,6,0,0,224,258,267,14,0,148480,43008,0,105879,4096,155648,4194304,4096,512,5,1,0,0,5,1,208896,1024,0,2,33088,1048576,4096,1048576,4096,0,0,178484,80,196608,480,0,0,0,0,200704,5592,175296,56,0,0,0,0,175352,64,0,0,155648,296,0,0,0,0
20175,eacaab8d6520c9bf9dec6cbdffa7c4ad8c15fd57dd4165cf895a0aaae3ffe371,1,4,144,3,0,4,0,65535,0,184,0,0,0,64,0,0,0,256,332,3,0,0,224,258,267,14,16,77824,4096,147456,227200,151552,229376,4194304,4096,512,6,0,0,0,6,0,233472,4096,0,2,33088,1048576,4096,1048576,4096,0,0,229852,244,229376,476,0,0,0,0,230096,16,0,0,0,0,0,0,227652,160,0,0,0,0,0,0,0,0
20176,eae876886f19ba384f55778634a35a1d975414e83f22f6111e3e792f706301fe,1,4,144,3,0,4,0,65535,0,184,0,0,0,64,0,0,0,224,332,5,0,0,224,258,267,14,24,94720,7680,0,21328,4096,102400,4194304,4096,512,6,0,0,0,6,0,122880,1024,0,2,34112,1048576,4096,1048576,4096,0,0,102772,80,114688,808,0,0,0,0,118784,800,102480,56,0,0,0,0,0,0,0,0,102400,64,0,0,0,0
20177,ef2cd9ded5532af231e0990feaf2df8fd79dc63f7a677192e17b89ef4adb7dd2,1,4,144,3,0,4,0,65535,0,184,0,0,0,64,0,0,0,256,332,5,0,0,224,258,267,14,16,160768,41984,0,120025,4096,167936,4194304,4096,512,6,0,0,0,6,0,221184,1024,0,2,33088,1048576,4096,1048576,4096,0,0,190020,80,208896,480,0,0,0,0,212992,4420,187376,56,0,0,0,0,187432,64,0,0,167936,276,0,0,0,0
20178,ef870eae64e28ebd71c8ad909af39ea9a072256bfd634210f4de24ded5a3304a,1,4,144,3,0,4,0,65535,0,184,0,0,0,64,0,0,0,256,332,5,0,0,224,258,267,14,16,157696,40960,0,117129,4096,163840,4194304,4096,512,6,0,0,0,6,0,212992,1024,0,2,33088,1048576,4096,1048576,4096,0,0,185940,80,200704,480,0,0,0,0,204800,4400,183296,56,0,0,0,0,183352,64,0,0,163840,280,0,0,0,0
20179,f20ed03ba228b36064517c1e5fff9ae40d957451a5c6d9a48f9bbe2c3dd881b7,1,4,144,3,0,4,0,65535,0,184,0,0,0,64,0,0,0,208,332,5,0,0,224,258,267,14,24,37376,7680,0,20384,4096,45056,4194304,4096,512,6,0,0,0,6,0,65536,1024,0,2,34112,1048576,4096,1048576,4096,0,0,45508,60,57344,816,0,0,0,0,61440,1020,45216,56,0,0,0,0,0,0,0,0,45056,48,0,0,0,0
20180,f7b83f07f6fec1df0fa73c935c96dc2ec8fbe0de3b17bb56f9963c92c22715c3,1,4,144,3,0,4,0,65535,0,184,0,0,0,64,0,0,0,264,332,5,0,0,224,258,267,14,16,157696,40960,0,117145,4096,163840,4194304,4096,512,6,0,0,0,6,0,212992,1024,0,2,33088,1048576,4096,1048576,4096,0,0,185924,60,200704,480,0,0,0,0,204800,4396,183280,56,0,0,0,0,183336,64,0,0,163840,268,0,0,0,0
20181,f848c62dbc910ee32990161cc598f550707d26c524394be35c7bdb7a62626047,1,4,144,3,0,4,0,65535,0,184,0,0,0,64,0,0,0,272,332,5,0,0,224,258,267,14,16,157184,40448,0,116473,4096,163840,4194304,4096,512,6,0,0,0,6,0,212992,1024,0,2,33088,1048576,4096,1048576,4096,0,0,185684,80,200704,480,0,0,0,0,204800,4384,183040,56,0,0,0,0,183096,64,0,0,163840,284,0,0,0,0
20182,f99c69327a746f4fde02b7a550cf6c9f48e5e22fcb49bea0e3e4bc5a3efa605c,1,4,144,3,0,4,0,65535,0,184,0,0,0,64,0,0,0,264,332,5,0,0,224,258,267,14,10,160768,40960,0,117444,4096,167936,4194304,4096,512,6,0,0,0,6,0,217088,1024,0,2,33088,1048576,4096,1048576,4096,0,0,190324,80,204800,480,0,0,0,0,208896,4648,187104,56,0,0,0,0,187160,64,0,0,167936,284,0,0,0,0
20183,fc783af396a1bd9c81613cd051db69e778c102953aec0d6f67743846f3b862e6,1,4,144,3,0,4,0,65535,0,184,0,0,0,64,0,0,0,256,332,5,0,0,224,258,267,14,10,159232,40960,0,116110,4096,163840,9699328,4096,4096,6,0,0,0,6,0,212992,1024,0,2,33088,1048576,4096,1048576,4096,0,0,186228,80,200704,480,0,0,0,0,204800,4632,183008,56,0,0,0,0,183064,64,0,0,163840,280,0,0,0,0
20184,fe1652f4b828c9f98ff4a37829f4a988ad3c1601fc0dff7f99fe941ae4e81864,1,4,144,3,0,4,0,65535,0,184,0,0,0,64,0,0,0,264,332,5,0,0,224,258,267,14,10,160768,40960,0,117444,4096,167936,4194304,4096,512,6,0,0,0,6,0,217088,1024,0,2,33088,1048576,4096,1048576,4096,0,0,190324,80,204800,480,0,0,0,0,208896,4648,187104,56,0,0,0,0,187160,64,0,0,167936,284,0,0,0,0
20185,fe6e84192da5c0210d4bd51e809792b28e60edb337917f903a7e9a31bc40cf86,1,4,144,3,0,4,0,65535,0,184,0,0,0,64,0,0,0,256,332,5,0,0,224,258,267,14,10,159232,40960,0,116110,4096,163840,4194304,4096,512,6,0,0,0,6,0,212992,1024,0,2,33088,1048576,4096,1048576,4096,0,0,186228,80,200704,480,0,0,0,0,204800,4632,183008,56,0,0,0,0,183064,64,0,0,163840,280,0,0,0,0
20186,029c5d48e425206e2ae84a63d62bdbc80362702913b38618a423c541c8a0ed40,1,5,144,3,0,4,0,65535,0,184,0,0,0,64,0,0,0,128,332,5,0,0,224,259,267,14,12,37888,15872,0,41653,4096,45056,4194304,4096,512,5,1,0,0,5,1,69632,1024,117988,2,33024,1048576,4096,4194304,4096,0,0,45324,40,0,0,0,0,0,0,0,0,45072,28,0,0,0,0,0,0,0,0,45056,16,0,0,0,0
20187,0a0c225f0e5ee941a79f2b7701f1285e4975a2859eb4d025d96d9e366e81abb9,1,5,144,3,0,4,0,65535,0,184,0,0,0,64,0,0,0,128,332,5,0,0,224,259,267,14,12,38912,81920,0,45757,4096,49152,4194304,4096,512,5,1,0,0,5,1,143360,1024,110444,2,33024,1048576,4096,4194304,4096,0,0,49436,60,0,0,0,0,0,0,0,0,49184,28,0,0,0,0,0,0,0,0,49152,32,0,0,0,0
20188,12ee27f56ec8a2a3eb2fe69179be3f7a7193ce2b92963ad33356ed299f7ed975,1,5,144,3,0,4,0,65535,0,184,0,0,0,64,0,0,0,128,332,4,0,0,224,258,267,14,12,29696,37888,0,33297,4096,36864,4194304,4096,512,5,1,0,0,5,1,81920,1024,118593,2,33088,1048576,4096,1048576,4096,0,0,37120,40,0,0,0,0,0,0,77824,2800,36880,28,0,0,0,0,0,0,0,0,36864,16,0,0,0,0
20189,151fbd6c299e734f7853497bd083abfa29f8c186a9db31dbe330ace2d35660d5,1,5,144,3,0,4,0,65535,0,184,0,0,0,64,0,0,0,128,332,4,0,0,224,258,267,14,12,29184,37888,0,33205,4096,36864,4194304,4096,512,5,1,0,0,5,1,81920,1024,64120,2,33088,1048576,4096,1048576,4096,0,0,37120,40,0,0,0,0,0,0,77824,2796,36880,28,0,0,0,0,0,0,0,0,36864,16,0,0,0,0
20190,1667e1635736f2b2ba9727457f995a67201ddcd818496c9296713ffa18e17a43,1,5,144,3,0,4,0,65535,0,184,0,0,0,64,0,0,0,128,332,4,0,0,224,258,267,14,12,19456,22016,0,23013,4096,24576,4194304,4096,512,5,1,0,0,5,1,53248,4096,0,2,33088,1048576,4096,1048576,4096,0,0,24848,40,0,0,0,0,0,0,0,0,0,0,0,0,0,0,0,0,0,0,0,0,0,0,0,0
20191,17139a10fd226d01738fe9323918614aa913b2a50e1a516e95cced93fa151c61,1,5,144,3,0,4,0,65535,0,184,0,0,0,64,0,0,0,128,332,4,0,0,224,258,267,14,12,29184,37888,0,33149,4096,36864,4194304,4096,512,5,1,0,0,5,1,81920,1024,67561,2,33088,1048576,4096,1048576,4096,0,0,37120,40,0,0,0,0,0,0,77824,2792,36880,28,0,0,0,0,0,0,0,0,36864,16,0,0,0,0
20192,1cc7c198a8a2c935fd6f07970479e544f5b35a8eb3173de0305ebdf76a0988cb,1,5,144,3,0,4,0,65535,0,184,0,0,0,64,0,0,0,128,332,4,0,0,224,258,267,14,12,29184,37888,0,33205,4096,36864,4194304,4096,512,5,1,0,0,5,1,81920,1024,64120,2,33088,1048576,4096,1048576,4096,0,0,37120,40,0,0,0,0,0,0,77824,2796,36880,28,0,0,0,0,0,0,0,0,36864,16,0,0,0,0
20193,1d4c0b32aea68056755daf70689699200ffa09688495ccd65a0907cade18bd2a,1,5,144,3,0,4,0,65535,0,184,0,0,0,64,0,0,0,128,332,5,0,0,224,259,267,14,12,34816,15872,0,41743,4096,45056,4194304,4096,512,5,1,0,0,5,1,69632,1024,110654,2,33024,1048576,4096,1048576,4096,0,0,45324,40,65536,3769,0,0,53760,8024,0,0,45072,28,0,0,0,0,0,0,0,0,45056,16,0,0,0,0
20194,1ef8db7e8bd3aaba8b1cef96cd52fde587871571b1719c5d40f9a9c98dd26f84,1,5,144,3,0,4,0,65535,0,184,0,0,0,64,0,0,0,128,332,4,0,0,224,258,267,14,12,29184,37888,0,33205,4096,36864,4194304,4096,512,5,1,0,0,5,1,81920,1024,64120,2,33088,1048576,4096,1048576,4096,0,0,37120,40,0,0,0,0,0,0,77824,2796,36880,28,0,0,0,0,0,0,0,0,36864,16,0,0,0,0
20195,243dff06fc80a049f4fb37292f8b8def0fce29768f345c88ee10699e22b0ae60,1,5,144,3,0,4,0,65535,0,184,0,0,0,64,0,0,0,128,332,4,0,0,224,258,267,14,12,29184,37888,0,33205,4096,36864,4194304,4096,512,5,1,0,0,5,1,81920,1024,64120,2,33088,1048576,4096,1048576,4096,0,0,37120,40,0,0,0,0,0,0,77824,2796,36880,28,0,0,0,0,0,0,0,0,36864,16,0,0,0,0
20196,2d82be244e23001148ed5a6d83856b6f7cd20c3f7786481303d5d584c51ff5f0,1,5,144,3,0,4,0,65535,0,184,0,0,0,64,0,0,0,128,332,5,0,0,224,259,267,14,12,37888,15872,0,41653,4096,45056,4194304,4096,512,5,1,0,0,5,1,73728,1024,66153,2,33024,1048576,4096,4194304,4096,0,0,45324,40,0,0,0,0,0,0,0,0,45072,28,0,0,0,0,0,0,0,0,45056,16,0,0,0,0
20197,2de09a815efcc64810046de69b8e0aa1c9e9beee77b66560a0b15d737485e3c5,1,5,144,3,0,4,0,65535,0,184,0,0,0,64,0,0,0,128,332,5,0,0,224,259,267,14,12,38912,81920,0,45757,4096,49152,4194304,4096,512,5,1,0,0,5,1,139264,1024,110444,2,33024,1048576,4096,4194304,4096,0,0,49436,60,0,0,0,0,0,0,0,0,49184,28,0,0,0,0,0,0,0,0,49152,32,0,0,0,0
20198,43e61519be440115eeaa3738a0e4aa4bb3c8ac5f9bdfce1a896db17a374eb8aa,1,5,144,3,0,4,0,65535,0,184,0,0,0,64,0,0,0,128,332,4,0,0,224,258,267,14,12,29184,37888,0,33149,4096,36864,4194304,4096,512,5,1,0,0,5,1,81920,1024,67561,2,33088,1048576,4096,1048576,4096,0,0,37120,40,0,0,0,0,0,0,77824,2792,36880,28,0,0,0,0,0,0,0,0,36864,16,0,0,0,0
20199,47eccaaa672667a9cea23e24fd702f7b3a45cbf8585403586be474585fd80243,1,5,144,3,0,4,0,65535,0,184,0,0,0,64,0,0,0,128,332,5,0,0,224,258,267,14,12,17408,198656,0,20743,4096,24576,4194304,4096,512,5,1,0,0,5,1,229376,1024,87745,2,33088,1048576,4096,1048576,4096,0,0,25336,280,184320,37408,0,0,0,0,225280,1352,25056,28,0,0,0,0,0,0,0,0,24576,480,0,0,0,0
20200,4d9432e8a0ceb64c34b13d550251b8d9478ca784e50105dc0d729490fb861d1a,1,5,144,3,0,4,0,65535,0,184,0,0,0,64,0,0,0,128,332,3,0,0,224,258,267,14,12,32768,4096,53248,86400,57344,90112,4194304,4096,512,5,1,0,0,5,1,94208,4096,0,2,33088,1048576,4096,1048576,4096,0,0,90112,136,0,0,0,0,0,0,90248,12,0,0,0,0,0,0,0,0,0,0,0,0,0,0,0,0
20201,508dd6f7ed6c143cf5e1ed6a4051dd8ee7b5bf4b7f55e0704d21ba785f2d5add,1,5,144,3,0,4,0,65535,0,184,0,0,0,64,0,0,0,128,332,4,0,0,224,258,267,14,12,29696,37888,0,33297,4096,36864,4194304,4096,512,5,1,0,0,5,1,81920,1024,118593,2,33088,1048576,4096,1048576,4096,0,0,37120,40,0,0,0,0,0,0,77824,2800,36880,28,0,0,0,0,0,0,0,0,36864,16,0,0,0,0
20202,516664139b0ddd044397a56482d7308d87c213c320a3151ccb9738e8f932654b,1,5,144,3,0,4,0,65535,0,184,0,0,0,64,0,0,0,128,332,5,0,0,224,259,267,14,12,38912,81920,0,45757,4096,49152,4194304,4096,512,5,1,0,0,5,1,139264,1024,110444,2,33024,1048576,4096,4194304,4096,0,0,49436,60,0,0,0,0,0,0,0,0,49184,28,0,0,0,0,0,0,0,0,49152,32,0,0,0,0
20203,521c503bc3f5d8b2aa8819e8e30e2019e74ea9649a57529fb32c3dfc66a1e7ef,1,5,144,3,0,4,0,65535,0,184,0,0,0,64,0,0,0,128,332,5,0,0,224,259,267,14,12,37376,15872,0,41653,4096,45056,4194304,4096,512,5,1,0,0,5,1,69632,1024,54464,2,33024,1048576,4096,4194304,4096,0,0,45324,40,0,0,0,0,0,0,0,0,45072,28,0,0,0,0,0,0,0,0,45056,16,0,0,0,0
20204,533672da9d276012ebab3ce9f4cd09a7f537f65c6e4b63d43f0c1697e2f5e48d,1,5,144,3,0,4,0,65535,0,184,0,0,0,64,0,0,0,128,332,4,0,0,224,258,267,14,12,29184,37888,0,33205,4096,36864,4194304,4096,512,5,1,0,0,5,1,81920,1024,64120,2,33088,1048576,4096,1048576,4096,0,0,37120,40,0,0,0,0,0,0,77824,2796,36880,28,0,0,0,0,0,0,0,0,36864,16,0,0,0,0
20205,533d26fdacdcaf1b908458c39bb503e5aa94025811c6b6d1f3c8a9142ade8404,1,5,144,3,0,4,0,65535,0,184,0,0,0,64,0,0,0,128,332,6,0,0,224,258,267,14,12,19456,22016,0,4096,4096,24576,4194304,4096,512,5,1,0,0,5,1,184320,4096,0,2,33088,1048576,4096,1048576,4096,0,0,55888,164,0,0,0,0,0,0,55772,8,0,0,0,0,0,0,0,0,0,0,0,0,0,0,0,0
20206,56e7b9c4b8962b6ff0d1e0162ca8515a07b576cd47ba90221354838733f8689a,1,5,144,3,0,4,0,65535,0,184,0,0,0,64,0,0,0,128,332,5,0,0,224,259,267,14,12,38912,81920,0,45757,4096,49152,4194304,4096,512,5,1,0,0,5,1,143360,1024,110444,2,33024,1048576,4096,4194304,4096,0,0,49436,60,0,0,0,0,0,0,0,0,49184,28,0,0,0,0,0,0,0,0,49152,32,0,0,0,0
20207,61ca175c2f04cb5279f8507e69385577cf04e4e896a01d0b5357746a241c7846,1,5,144,3,0,4,0,65535,0,184,0,0,0,64,0,0,0,128,332,5,0,0,224,259,267,14,12,32768,15872,0,37647,4096,40960,4194304,4096,512,5,1,0,0,5,1,65536,1024,105148,2,33024,1048576,4096,1048576,4096,0,0,41228,40,61440,3772,0,0,0,0,0,0,40976,28,0,0,0,0,0,0,0,0,40960,16,0,0,0,0
20208,665afa26d6110bb35ec8a60878068a0e69e1c805d9073bef71a48a3404c164e9,1,5,144,3,0,4,0,65535,0,184,0,0,0,64,0,0,0,128,332,5,0,0,224,258,267,14,12,17408,198656,0,20743,4096,24576,4194304,4096,512,5,1,0,0,5,1,229376,1024,123277,2,33088,1048576,4096,1048576,4096,0,0,25336,280,184320,37408,0,0,0,0,225280,1352,25056,28,0,0,0,0,0,0,0,0,24576,480,0,0,0,0
20209,68872cc22fbdf0c2f69c32ac878ba9a7b7cf61fe5dd0e3da200131b8b23438e7,1,5,144,3,0,4,0,65535,0,184,0,0,0,64,0,0,0,128,332,4,0,0,224,258,267,14,12,29184,37888,0,33205,4096,36864,4194304,4096,512,5,1,0,0,5,1,81920,1024,64120,2,33088,1048576,4096,1048576,4096,0,0,37120,40,0,0,0,0,0,0,77824,2796,36880,28,0,0,0,0,0,0,0,0,36864,16,0,0,0,0
20210,6931b124d38d52bd7cdef48121fda457d407b63b59bb4e6ead4ce548f4bbb971,1,5,144,3,0,4,0,65535,0,184,0,0,0,64,0,0,0,128,332,3,0,0,224,258,267,14,12,16384,4096,40960,60768,45056,61440,4194304,4096,512,5,1,0,0,5,1,65536,4096,0,2,33088,1048576,4096,1048576,4096,0,0,61440,136,0,0,0,0,0,0,61576,12,0,0,0,0,0,0,0,0,0,0,0,0,0,0,0,0
20211,6d656f110246990d10fe0b0132704b1323859d4003f2b1d5d03f665c710b8fd3,1,5,144,3,0,4,0,65535,0,184,0,0,0,64,0,0,0,128,332,2,0,0,224,259,267,14,12,28160,34304,0,4096,4096,32768,4194304,4096,512,5,1,0,0,5,1,77824,512,57778,2,33024,1048576,4096,1048576,4096,0,0,73748,143,0,0,0,0,0,0,0,0,0,0,0,0,77324,40,0,0,0,0,0,0,0,0,0,0
20212,78782fd324bc98a57274bd3fff8f756217c011484ebf6b614060115a699ee134,1,5,144,3,0,4,0,65535,0,184,0,0,0,64,0,0,0,128,332,4,0,0,224,258,267,14,12,29184,37888,0,33213,4096,36864,4194304,4096,512,5,1,0,0,5,1,81920,1024,89981,2,33088,1048576,4096,1048576,4096,0,0,37120,40,0,0,0,0,0,0,77824,2796,36880,28,0,0,0,0,0,0,0,0,36864,16,0,0,0,0
20213,8cfd28911878af048fb96b6cc0b9da770542576d5c2b20b193c3cfc4bde4d3bc,1,5,144,3,0,4,0,65535,0,184,0,0,0,64,0,0,0,128,332,4,0,0,224,258,267,14,12,29696,37888,0,33297,4096,36864,4194304,4096,512,5,1,0,0,5,1,81920,1024,118593,2,33088,1048576,4096,1048576,4096,0,0,37120,40,0,0,0,0,0,0,77824,2800,36880,28,0,0,0,0,0,0,0,0,36864,16,0,0,0,0
20214,973dfafc3051d8c2849f62c556ab8057da706f15d1ffd8871de894ae3a24d86b,1,5,144,3,0,4,0,65535,0,184,0,0,0,64,0,0,0,128,332,4,0,0,224,258,267,14,12,19456,22016,0,23013,4096,24576,4194304,4096,512,5,1,0,0,5,1,53248,4096,0,2,33088,1048576,4096,1048576,4096,0,0,24848,40,0,0,0,0,0,0,49152,1888,0,0,0,0,0,0,0,0,0,0,0,0,0,0,0,0
20215,9cee5522a7ca2bfca7cd3d9daba23e9a30deb6205f56c12045839075f7627297,1,5,144,3,0,4,0,65535,0,184,0,0,0,64,0,0,0,128,332,3,0,0,224,258,267,14,12,16384,4096,40960,60768,45056,61440,4194304,4096,512,5,1,0,0,5,1,65536,4096,0,2,33088,1048576,4096,1048576,4096,0,0,61440,136,0,0,0,0,0,0,61576,12,0,0,0,0,0,0,0,0,0,0,0,0,0,0,0,0
20216,a11cc5051e3a88428db495f6d8e4b6381a1cb3fa5946a525ef5c00bfcb44e210,1,5,144,3,0,4,0,65535,0,184,0,0,0,64,0,0,0,128,332,5,0,0,224,259,267,14,12,37376,15872,0,41653,4096,45056,4194304,4096,512,5,1,0,0,5,1,73728,1024,54464,2,33024,1048576,4096,4194304,4096,0,0,45324,40,0,0,0,0,0,0,0,0,45072,28,0,0,0,0,0,0,0,0,45056,16,0,0,0,0
20217,ac092962654b46a670b030026d07f5b8161cecd2abd6eece52b7892965aa521b,1,5,144,3,0,4,0,65535,0,184,0,0,0,64,0,0,0,128,332,4,0,0,224,258,267,14,12,29184,37888,0,33205,4096,36864,4194304,4096,512,5,1,0,0,5,1,81920,1024,64120,2,33088,1048576,4096,1048576,4096,0,0,37120,40,0,0,0,0,0,0,77824,2796,36880,28,0,0,0,0,0,0,0,0,36864,16,0,0,0,0
20218,afb22b1ff281c085b60052831ead0a0ed300fac0160f87851dacc67d4e158178,1,5,144,3,0,4,0,65535,0,184,0,0,0,64,0,0,0,128,332,4,0,0,224,258,267,14,12,29184,37376,0,33159,4096,36864,4194304,4096,512,5,1,0,0,5,1,81920,1024,63132,2,33088,1048576,4096,1048576,4096,0,0,37120,40,0,0,0,0,0,0,77824,2792,36880,28,0,0,0,0,0,0,0,0,36864,16,0,0,0,0
20219,b565e9266717161163e884793dc1004f9f2ca94ab0533df9c167d5d188cebf2f,1,5,144,3,0,4,0,65535,0,184,0,0,0,64,0,0,0,128,332,5,0,0,224,259,267,14,12,42496,150016,0,49853,4096,53248,4194304,4096,512,5,1,0,0,5,1,212992,1024,65685,2,33024,1048576,4096,4194304,4096,0,0,53532,60,0,0,0,0,0,0,0,0,53280,28,0,0,0,0,0,0,0,0,53248,32,0,0,0,0
20220,b6855793aebdd821a7f368585335cb132a043d30cb1f8dccceb5d2127ed4b9a4,1,5,144,3,0,4,0,65535,0,184,0,0,0,64,0,0,0,128,332,5,0,0,224,259,267,14,12,38912,81920,0,45757,4096,49152,4194304,4096,512,5,1,0,0,5,1,139264,1024,110444,2,33024,1048576,4096,4194304,4096,0,0,49436,60,0,0,0,0,0,0,0,0,49184,28,0,0,0,0,0,0,0,0,49152,32,0,0,0,0
20221,bac7f1cb70a0fe909590f7b270248705d216b4abaf4e5dd4969fa4f1949badec,1,5,144,3,0,4,0,65535,0,184,0,0,0,64,0,0,0,128,332,5,0,0,224,259,267,14,12,38912,81920,0,45757,4096,49152,4194304,4096,512,5,1,0,0,5,1,139264,1024,110444,2,33024,1048576,4096,4194304,4096,0,0,49436,60,0,0,0,0,0,0,0,0,49184,28,0,0,0,0,0,0,0,0,49152,32,0,0,0,0
20222,bafa2efff234303166d663f967037dae43701e7d63d914efc8c894b3e5be9408,1,5,144,3,0,4,0,65535,0,184,0,0,0,64,0,0,0,280,332,7,0,0,224,258,267,14,16,111104,1619968,0,34859,4096,118784,4194304,4096,512,6,0,0,0,6,0,2166784,1024,2166940,2,0,1048576,4096,1048576,4096,0,0,181240,60,196608,1541580,0,0,2142208,5088,1740800,8652,170832,112,0,0,0,0,0,0,0,0,118784,300,0,0,0,0
20223,bc32a2ccf158ebe2b76646be865a4c6dd91da6b8e5bb0dd9520102a9bfea5439,1,5,144,3,0,4,0,65535,0,184,0,0,0,64,0,0,0,128,332,4,0,0,224,258,267,14,12,19456,22016,0,23013,4096,24576,4194304,4096,512,5,1,0,0,5,1,53248,4096,0,2,33088,1048576,4096,1048576,4096,0,0,24848,40,0,0,0,0,0,0,49152,1888,0,0,0,0,0,0,0,0,0,0,0,0,0,0,0,0
20224,bfb31c96f9e6285f5bb60433f2e45898b8a7183a2591157dc1d766be16c29893,1,5,144,3,0,4,0,65535,0,184,0,0,0,64,0,0,0,128,332,5,0,0,224,259,267,14,12,36864,15872,0,41743,4096,45056,4194304,4096,512,5,1,0,0,5,1,73728,1024,75573,2,33024,1048576,4096,1048576,4096,0,0,45324,40,65536,4635,0,0,0,0,0,0,45072,28,0,0,0,0,0,0,0,0,45056,16,0,0,0,0
20225,cbbc7052fed8d0002d07736a68219f01a5a4e1c19ee50310e2381e96fa8836ed,1,5,144,3,0,4,0,65535,0,184,0,0,0,64,0,0,0,128,332,5,0,0,224,259,267,14,12,37888,15872,0,41653,4096,45056,4194304,4096,512,5,1,0,0,5,1,69632,1024,66153,2,33024,1048576,4096,4194304,4096,0,0,45324,40,0,0,0,0,0,0,0,0,45072,28,0,0,0,0,0,0,0,0,45056,16,0,0,0,0
20226,cc54647e8c3fe7b701d78a6fa072c52641ac11d395a6d2ffaf05f38f53112556,1,5,144,3,0,4,0,65535,0,184,0,0,0,64,0,0,0,128,332,4,0,0,224,258,267,14,12,29184,37888,0,33205,4096,36864,4194304,4096,512,5,1,0,0,5,1,81920,1024,64120,2,33088,1048576,4096,1048576,4096,0,0,37120,40,0,0,0,0,0,0,77824,2796,36880,28,0,0,0,0,0,0,0,0,36864,16,0,0,0,0
20227,d43b271fb4931263f8fa54b297e3cf60762a0fe5c50ed76999f276dcc3c283be,1,5,144,3,0,4,0,65535,0,184,0,0,0,64,0,0,0,128,332,4,0,0,224,258,267,14,12,29696,37888,0,33297,4096,36864,4194304,4096,512,5,1,0,0,5,1,81920,1024,118593,2,33088,1048576,4096,1048576,4096,0,0,37120,40,0,0,0,0,0,0,77824,2800,36880,28,0,0,0,0,0,0,0,0,36864,16,0,0,0,0
20228,d97c0b6ee613e03aa3256fcdd3757e54ba4c7bb5910887247dc857f2701f9a46,1,5,144,3,0,4,0,65535,0,184,0,0,0,64,0,0,0,128,332,5,0,0,224,259,267,14,12,38912,81920,0,45757,4096,49152,4194304,4096,512,5,1,0,0,5,1,143360,1024,110444,2,33024,1048576,4096,4194304,4096,0,0,49436,60,0,0,0,0,0,0,0,0,49184,28,0,0,0,0,0,0,0,0,49152,32,0,0,0,0
20229,e0493b082077648eb33ca1294f2b26bc4c96d3820913c46330923e8bb3d73230,1,5,144,3,0,4,0,65535,0,184,0,0,0,64,0,0,0,128,332,5,0,0,224,259,267,14,12,38912,81920,0,45757,4096,49152,4194304,4096,512,5,1,0,0,5,1,143360,1024,110444,2,33024,1048576,4096,4194304,4096,0,0,49436,60,0,0,0,0,0,0,0,0,49184,28,0,0,0,0,0,0,0,0,49152,32,0,0,0,0
20230,e0c0cbc50a9ed4d01a176497c8dba913cbbba515ea701a67ef00dcb7c8a84368,1,5,144,3,0,4,0,65535,0,184,0,0,0,64,0,0,0,128,332,5,0,0,224,770,267,14,12,16384,4096,40960,23013,45056,61440,4194304,4096,512,5,1,0,0,5,1,73728,1024,0,2,33088,1048576,4096,1048576,4096,0,0,65536,40,0,0,0,0,0,0,69632,1888,0,0,0,0,0,0,0,0,0,0,0,0,0,0,0,0
20231,e51e4c372edf2bbe476a4b7630225c1875c5ccea2ed55b418bd793c54ce9a84d,1,5,144,3,0,4,0,65535,0,184,0,0,0,64,0,0,0,128,332,5,0,0,224,259,267,14,12,36352,15360,0,41743,4096,45056,4194304,4096,512,5,1,0,0,5,1,69632,1024,98238,2,33024,1048576,4096,1048576,4096,0,0,45324,40,65536,3567,0,0,0,0,0,0,45072,28,0,0,0,0,0,0,0,0,45056,16,0,0,0,0
20232,ec368752c2cf3b23efbfa5705f9e582fc9d6766435a7b8eea8ef045082c6fbce,1,5,144,3,0,4,0,65535,0,184,0,0,0,64,0,0,0,128,332,4,0,0,224,258,267,14,12,29696,37888,0,33297,4096,36864,4194304,4096,512,5,1,0,0,5,1,81920,4096,0,2,33088,1048576,4096,1048576,4096,0,0,37120,40,0,0,0,0,0,0,0,0,0,0,0,0,0,0,0,0,0,0,0,0,0,0,0,0
20233,f3f25af554bedfa4ee2824bb858280282bd87828d446048619dc49fe061741b4,1,5,144,3,0,4,0,65535,0,184,0,0,0,64,0,0,0,128,332,5,0,0,224,259,267,14,12,38912,81920,0,45757,4096,49152,4194304,4096,512,5,1,0,0,5,1,143360,1024,110444,2,33024,1048576,4096,4194304,4096,0,0,49436,60,0,0,0,0,0,0,0,0,49184,28,0,0,0,0,0,0,0,0,49152,32,0,0,0,0
20234,f42bcc81c05e8944649958f8b9296c5523d1eb8ab00842d66530702e476561ef,1,5,144,3,0,4,0,65535,0,184,0,0,0,64,0,0,0,128,332,6,0,0,224,259,267,2,25,19456,22016,0,7265,4096,24576,4194304,4096,512,5,1,0,0,5,1,3600384,1024,0,2,32832,1048576,4096,1048576,4096,0,0,2670592,476,0,0,0,0,0,0,0,0,0,0,0,0,0,0,0,0,0,0,0,0,0,0,0,0
20235,fb76b4a667c6d790c39fcc93a3aac8cd2a224f0eb9ece4ecfd7825f606c2a8b6,1,5,144,3,0,4,0,65535,0,184,0,0,0,64,0,0,0,128,332,4,0,0,224,258,267,14,12,29696,37888,0,33297,4096,36864,4194304,4096,512,5,1,0,0,5,1,81920,1024,118593,2,33088,1048576,4096,1048576,4096,0,0,37120,40,0,0,0,0,0,0,77824,2800,36880,28,0,0,0,0,0,0,0,0,36864,16,0,0,0,0
20236,00ce72bb6fb1d2c1d32aa4c4a147e1b9b390cf9d3ae8b5c0cab2718118db4430,1,6,144,3,0,4,0,65535,0,184,0,0,0,64,0,0,0,200,332,3,0,0,224,259,267,10,0,40448,54272,0,43472,4096,45056,4194304,4096,512,5,1,0,0,5,1,102400,1024,0,2,34048,1048576,4096,1048576,4096,0,0,54496,40,0,0,0,0,0,0,0,0,45104,28,0,0,0,0,0,0,0,0,45056,40,0,0,0,0
20237,038e577d25d5b9237fbbef6080f53f462b01e75f83449bf0020ef0b14f371ac6,1,6,144,3,0,4,0,65535,0,184,0,0,0,64,0,0,0,200,332,3,0,0,224,259,267,10,0,40448,54272,0,43472,4096,45056,4194304,4096,512,5,1,0,0,5,1,102400,1024,0,2,34048,1048576,4096,1048576,4096,0,0,54496,40,0,0,0,0,0,0,0,0,45104,28,0,0,0,0,0,0,0,0,45056,40,0,0,0,0
20238,085105e613ad37808a8db9a3c2ba5561d5d38d5c5c43b469c93d15f0d64af0c1,1,6,144,3,0,4,0,65535,0,184,0,0,0,64,0,0,0,200,332,3,0,0,224,259,267,10,0,40448,54272,0,43472,4096,45056,4194304,4096,512,5,1,0,0,5,1,102400,1024,0,2,34048,1048576,4096,1048576,4096,0,0,54496,40,0,0,0,0,0,0,0,0,45104,28,0,0,0,0,0,0,0,0,45056,40,0,0,0,0
20239,0a40acb8ddbc2ed8f8b703681fadf9fcb2672fdb75d93c150b45c6465cc9b1b4,1,6,144,3,0,4,0,65535,0,184,0,0,0,64,0,0,0,200,332,3,0,0,224,259,267,10,0,40448,54272,0,43472,4096,45056,4194304,4096,512,5,1,0,0,5,1,102400,1024,0,2,34048,1048576,4096,1048576,4096,0,0,54496,40,0,0,0,0,0,0,0,0,45104,28,0,0,0,0,0,0,0,0,45056,40,0,0,0,0
20240,118d216a9a9a4fd19ac8e56cef76fe9529269a152857ad8e98386361a5fb8e0d,1,6,144,3,0,4,0,65535,0,184,0,0,0,64,0,0,0,200,332,3,0,0,224,259,267,10,0,40448,54272,0,43472,4096,45056,4194304,4096,512,5,1,0,0,5,1,102400,1024,0,2,34048,1048576,4096,1048576,4096,0,0,54496,40,0,0,0,0,0,0,0,0,45104,28,0,0,0,0,0,0,0,0,45056,40,0,0,0,0
20241,17227020b2f5ca57f2d632d0d37de8d0ffcdef142e98a6af591e8180963cd3cc,1,6,144,3,0,4,0,65535,0,184,0,0,0,64,0,0,0,200,332,3,0,0,224,259,267,10,0,40448,54272,0,43472,4096,45056,4194304,4096,512,5,1,0,0,5,1,102400,1024,0,2,34048,1048576,4096,1048576,4096,0,0,54496,40,0,0,0,0,0,0,0,0,45104,28,0,0,0,0,0,0,0,0,45056,40,0,0,0,0
20242,18c2ad1d4db2011971f1a67a82762cc48d3e6c4f2e5d27fbc719bff465f98933,1,6,80,2,0,4,15,65535,0,184,0,0,0,64,26,0,0,256,332,8,0,0,224,33166,267,2,25,29696,10752,0,32996,4096,36864,4194304,4096,512,4,0,0,0,4,0,110592,1024,0,2,0,1048576,16384,1048576,4096,0,0,86016,2148,102400,5120,0,0,0,0,98304,1484,0,0,0,0,94208,24,0,0,0,0,0,0,0,0,0,0
20243,246fbca7a62d38c5c15e47bddbb92c303e2470adaf514817b43c9f274cb47e7f,1,6,144,3,0,4,0,65535,0,184,0,0,0,64,0,0,0,200,332,3,0,0,224,259,267,10,0,40448,54272,0,43472,4096,45056,4194304,4096,512,5,1,0,0,5,1,102400,1024,0,2,34048,1048576,4096,1048576,4096,0,0,54496,40,0,0,0,0,0,0,0,0,45104,28,0,0,0,0,0,0,0,0,45056,40,0,0,0,0
20244,2c487a43ae6091d64f09bcfb1baa8b43fb502e9c9fc34f828cebfe251d9ad1f5,1,6,144,3,0,4,0,65535,0,184,0,0,0,64,0,0,0,200,332,3,0,0,224,259,267,10,0,40448,54272,0,43472,4096,45056,4194304,4096,512,5,1,0,0,5,1,102400,1024,0,2,34048,1048576,4096,1048576,4096,0,0,54496,40,0,0,0,0,0,0,0,0,45104,28,0,0,0,0,0,0,0,0,45056,40,0,0,0,0
20245,2d0eb35f04745646d8c6eb3d1ab1c3e8bc8c30f1a9dc0ad89ea260e898ed9d4e,1,6,144,3,0,4,0,65535,0,184,0,0,0,64,0,0,0,200,332,3,0,0,224,259,267,10,0,40448,54272,0,43472,4096,45056,4194304,4096,512,5,1,0,0,5,1,102400,1024,0,2,34048,1048576,4096,1048576,4096,0,0,54496,40,0,0,0,0,0,0,0,0,45104,28,0,0,0,0,0,0,0,0,45056,40,0,0,0,0
20246,2dd2c201103ac3a5bf77ae7b30d0032ed215f59f883543c816e516ab454383fb,1,6,144,3,0,4,0,65535,0,184,0,0,0,64,0,0,0,200,332,3,0,0,224,259,267,10,0,40448,54272,0,43472,4096,45056,4194304,4096,512,5,1,0,0,5,1,102400,1024,0,2,34048,1048576,4096,1048576,4096,0,0,54496,40,0,0,0,0,0,0,0,0,45104,28,0,0,0,0,0,0,0,0,45056,40,0,0,0,0
20247,307077d1a3fd2b53b94d88268e31b0b89b8c0c2ee9dbb46041d3e2395243f1b3,1,6,144,3,0,4,0,65535,0,184,0,0,0,64,0,0,0,200,332,3,0,0,224,259,267,10,0,40448,54272,0,43472,4096,45056,4194304,4096,512,5,1,0,0,5,1,102400,1024,0,2,34048,1048576,4096,1048576,4096,0,0,54496,40,0,0,0,0,0,0,0,0,45104,28,0,0,0,0,0,0,0,0,45056,40,0,0,0,0
20248,324cb383fd7f47c079b162b725215bb4badfd4c0b2e41d330fa38344e59e77ce,1,6,144,3,0,4,0,65535,0,184,0,0,0,64,0,0,0,200,332,3,0,0,224,259,267,10,0,40448,54272,0,43472,4096,45056,4194304,4096,512,5,1,0,0,5,1,102400,1024,0,2,34048,1048576,4096,1048576,4096,0,0,54496,40,0,0,0,0,0,0,0,0,45104,28,0,0,0,0,0,0,0,0,45056,40,0,0,0,0
20249,32eadf068d9d090fcf57145a09df4ce515c196387e409a01fbf052ff790879bf,1,6,144,3,0,4,0,65535,0,184,0,0,0,64,0,0,0,200,332,3,0,0,224,259,267,10,0,40448,54272,0,43472,4096,45056,4194304,4096,512,5,1,0,0,5,1,102400,1024,0,2,34048,1048576,4096,1048576,4096,0,0,54496,40,0,0,0,0,0,0,0,0,45104,28,0,0,0,0,0,0,0,0,45056,40,0,0,0,0
20250,34c485ad11076ede709ff409c0e1867dc50fd40311ae6e7318ddf50679fa4049,1,6,144,3,0,4,0,65535,0,184,0,0,0,64,0,0,0,200,332,3,0,0,224,259,267,10,0,40448,54272,0,43472,4096,45056,4194304,4096,512,5,1,0,0,5,1,102400,1024,0,2,34048,1048576,4096,1048576,4096,0,0,54496,40,0,0,0,0,0,0,0,0,45104,28,0,0,0,0,0,0,0,0,45056,40,0,0,0,0
20251,3e7f30a802c595379ad3158ffe4ba5bc9e4a4d304430a2d846330adee70dc9a5,1,6,144,3,0,4,0,65535,0,184,0,0,0,64,0,0,0,200,332,3,0,0,224,259,267,10,0,40448,54272,0,43472,4096,45056,4194304,4096,512,5,1,0,0,5,1,102400,1024,0,2,34048,1048576,4096,1048576,4096,0,0,54496,40,0,0,0,0,0,0,0,0,45104,28,0,0,0,0,0,0,0,0,45056,40,0,0,0,0
20252,40a837f93edb2531fe35733d725efb490c7b5199d031a6e087b5041aed6eea05,1,6,144,3,0,4,0,65535,0,184,0,0,0,64,0,0,0,200,332,3,0,0,224,259,267,10,0,40448,54272,0,43472,4096,45056,4194304,4096,512,5,1,0,0,5,1,102400,1024,0,2,34048,1048576,4096,1048576,4096,0,0,54496,40,0,0,0,0,0,0,0,0,45104,28,0,0,0,0,0,0,0,0,45056,40,0,0,0,0
20253,438af5e212ca33f9e04431dfac555945a3f0926865930f96230adb07dec0a2be,1,6,144,3,0,4,0,65535,0,184,0,0,0,64,0,0,0,200,332,3,0,0,224,259,267,10,0,40448,54272,0,43472,4096,45056,4194304,4096,512,5,1,0,0,5,1,102400,1024,0,2,34048,1048576,4096,1048576,4096,0,0,54496,40,0,0,0,0,0,0,0,0,45104,28,0,0,0,0,0,0,0,0,45056,40,0,0,0,0
20254,4708750c9a6fdeaec5f499a3cd26bb5f61db4f82e66484dc7b44118effbb246f,1,6,144,3,0,4,0,65535,0,184,0,0,0,64,0,0,0,200,332,3,0,0,224,259,267,10,0,40448,54272,0,43472,4096,45056,4194304,4096,512,5,1,0,0,5,1,102400,1024,0,2,34048,1048576,4096,1048576,4096,0,0,54496,40,0,0,0,0,0,0,0,0,45104,28,0,0,0,0,0,0,0,0,45056,40,0,0,0,0
20255,4992506df46c0b80f4619f3cb7478346561260366422c085f18356194b6cc3e3,1,6,144,3,0,4,0,65535,0,184,0,0,0,64,0,0,0,200,332,3,0,0,224,259,267,10,0,40448,54272,0,43472,4096,45056,4194304,4096,512,5,1,0,0,5,1,102400,1024,0,2,34048,1048576,4096,1048576,4096,0,0,54496,40,0,0,0,0,0,0,0,0,45104,28,0,0,0,0,0,0,0,0,45056,40,0,0,0,0
20256,4b6de6cf9a91af3abf522643cb138747725ec1ae47d1defd66488e246a1fec8d,1,6,144,3,0,4,0,65535,0,184,0,0,0,64,0,0,0,200,332,3,0,0,224,259,267,10,0,40448,54272,0,43472,4096,45056,4194304,4096,512,5,1,0,0,5,1,102400,1024,0,2,34048,1048576,4096,1048576,4096,0,0,54496,40,0,0,0,0,0,0,0,0,45104,28,0,0,0,0,0,0,0,0,45056,40,0,0,0,0
20257,4d8ffa30554984f32eabbcb7a99699dd833ea85a8483db8753cc40bde7cee923,1,6,144,3,0,4,0,65535,0,184,0,0,0,64,0,0,0,200,332,3,0,0,224,259,267,10,0,40448,54272,0,43472,4096,45056,4194304,4096,512,5,1,0,0,5,1,102400,1024,0,2,34048,1048576,4096,1048576,4096,0,0,54496,40,0,0,0,0,0,0,0,0,45104,28,0,0,0,0,0,0,0,0,45056,40,0,0,0,0
20258,53cee5760768d57218ccc210948592f29d41b98cba17a81a87d0392e1eeffaf6,1,6,144,3,0,4,0,65535,0,184,0,0,0,64,0,0,0,200,332,3,0,0,224,259,267,10,0,40448,54272,0,43472,4096,45056,4194304,4096,512,5,1,0,0,5,1,102400,1024,0,2,34048,1048576,4096,1048576,4096,0,0,54496,40,0,0,0,0,0,0,0,0,45104,28,0,0,0,0,0,0,0,0,45056,40,0,0,0,0
20259,553532c3bc00e3b85bcbac054bc4f05cb4fffba6f44a17c663dd37732ce1772d,1,6,144,3,0,4,0,65535,0,184,0,0,0,64,0,0,0,200,332,3,0,0,224,259,267,10,0,40448,54272,0,43472,4096,45056,4194304,4096,512,5,1,0,0,5,1,102400,1024,0,2,34048,1048576,4096,1048576,4096,0,0,54496,40,0,0,0,0,0,0,0,0,45104,28,0,0,0,0,0,0,0,0,45056,40,0,0,0,0
20260,553f674770840d592fd718f1cb8eed6d4210c7ce73944fb2d200e8588584fccb,1,6,144,3,0,4,0,65535,0,184,0,0,0,64,0,0,0,200,332,3,0,0,224,259,267,10,0,40448,54272,0,43472,4096,45056,4194304,4096,512,5,1,0,0,5,1,102400,1024,0,2,34048,1048576,4096,1048576,4096,0,0,54496,40,0,0,0,0,0,0,0,0,45104,28,0,0,0,0,0,0,0,0,45056,40,0,0,0,0
20261,55f111fa13c58f4e6eb6f9828621a463944b7de26fa09cff5a38c31f457def7d,1,6,144,3,0,4,0,65535,0,184,0,0,0,64,0,0,0,200,332,3,0,0,224,259,267,10,0,40448,54272,0,43472,4096,45056,4194304,4096,512,5,1,0,0,5,1,102400,1024,0,2,34048,1048576,4096,1048576,4096,0,0,54496,40,0,0,0,0,0,0,0,0,45104,28,0,0,0,0,0,0,0,0,45056,40,0,0,0,0
20262,56f1a65ab205548d7cc50c044c510210f084d7c7a381be7e3dd6530da1ce6aff,1,6,144,3,0,4,0,65535,0,184,0,0,0,64,0,0,0,200,332,3,0,0,224,259,267,10,0,40448,54272,0,43472,4096,45056,4194304,4096,512,5,1,0,0,5,1,102400,1024,0,2,34048,1048576,4096,1048576,4096,0,0,54496,40,0,0,0,0,0,0,0,0,45104,28,0,0,0,0,0,0,0,0,45056,40,0,0,0,0
20263,584e757b4fb9b56105c3a57053976323f82535c8264082f81dd43f233c04cab9,1,6,144,3,0,4,0,65535,0,184,0,0,0,64,0,0,0,200,332,3,0,0,224,259,267,10,0,40448,54272,0,43472,4096,45056,4194304,4096,512,5,1,0,0,5,1,102400,1024,0,2,34048,1048576,4096,1048576,4096,0,0,54496,40,0,0,0,0,0,0,0,0,45104,28,0,0,0,0,0,0,0,0,45056,40,0,0,0,0
20264,5997f7c46d8860cb07a00edf9e093e21a2416cc508c51dbd3838628d9b46b0d5,1,6,144,3,0,4,0,65535,0,184,0,0,0,64,0,0,0,200,332,3,0,0,224,259,267,10,0,40448,54272,0,43472,4096,45056,4194304,4096,512,5,1,0,0,5,1,102400,1024,0,2,34048,1048576,4096,1048576,4096,0,0,54496,40,0,0,0,0,0,0,0,0,45104,28,0,0,0,0,0,0,0,0,45056,40,0,0,0,0
20265,5a0d1265d52d2f76dae31aab48b706a72f03078a6111694f59c4ebf06e6e9f43,1,6,144,3,0,4,0,65535,0,184,0,0,0,64,0,0,0,200,332,3,0,0,224,259,267,10,0,40448,54272,0,43472,4096,45056,4194304,4096,512,5,1,0,0,5,1,102400,1024,0,2,34048,1048576,4096,1048576,4096,0,0,54496,40,0,0,0,0,0,0,0,0,45104,28,0,0,0,0,0,0,0,0,45056,40,0,0,0,0
20266,629302ede09446efc6c44bea6fb9d4c62354816e227f61868528b6af43eeee94,1,6,144,3,0,4,0,65535,0,184,0,0,0,64,0,0,0,200,332,3,0,0,224,259,267,10,0,40448,54272,0,43472,4096,45056,4194304,4096,512,5,1,0,0,5,1,102400,1024,0,2,34048,1048576,4096,1048576,4096,0,0,54496,40,0,0,0,0,0,0,0,0,45104,28,0,0,0,0,0,0,0,0,45056,40,0,0,0,0
20267,6985917d29596b66d9bbc745a13d5577110d9b0408719c5559d23dd59a9e4f0b,1,6,144,3,0,4,0,65535,0,184,0,0,0,64,0,0,0,200,332,3,0,0,224,259,267,10,0,40448,54272,0,43472,4096,45056,4194304,4096,512,5,1,0,0,5,1,102400,1024,0,2,34048,1048576,4096,1048576,4096,0,0,54496,40,0,0,0,0,0,0,0,0,45104,28,0,0,0,0,0,0,0,0,45056,40,0,0,0,0
20268,8e8b6818423930eea073315743b788aef2f41198961946046b7b89042cb3f95a,1,6,144,3,0,4,0,65535,0,184,0,0,0,64,0,0,0,200,332,3,0,0,224,259,267,10,0,40448,54272,0,43472,4096,45056,4194304,4096,512,5,1,0,0,5,1,102400,1024,0,2,34048,1048576,4096,1048576,4096,0,0,54496,40,0,0,0,0,0,0,0,0,45104,28,0,0,0,0,0,0,0,0,45056,40,0,0,0,0
20269,90c54543aaf085e00879d4fe98a6dfb8148548f374828d50b6e3ac44668138b2,1,6,144,3,0,4,0,65535,0,184,0,0,0,64,0,0,0,200,332,3,0,0,224,259,267,10,0,40448,54272,0,43472,4096,45056,4194304,4096,512,5,1,0,0,5,1,102400,1024,0,2,34048,1048576,4096,1048576,4096,0,0,54496,40,0,0,0,0,0,0,0,0,45104,28,0,0,0,0,0,0,0,0,45056,40,0,0,0,0
20270,97689f3967844dd326e7a2b68e7da5b6b3967eea7748d1e3313910a16cacdf16,1,6,144,3,0,4,0,65535,0,184,0,0,0,64,0,0,0,200,332,3,0,0,224,259,267,10,0,40448,54272,0,43472,4096,45056,4194304,4096,512,5,1,0,0,5,1,102400,1024,0,2,34048,1048576,4096,1048576,4096,0,0,54496,40,0,0,0,0,0,0,0,0,45104,28,0,0,0,0,0,0,0,0,45056,40,0,0,0,0
20271,9a4e6b6a25332f21e4e15bd5c67ea1613db78bf02fa3cef2eba47f27723f8d58,1,6,144,3,0,4,0,65535,0,184,0,0,0,64,0,0,0,200,332,3,0,0,224,259,267,10,0,40448,54272,0,43472,4096,45056,4194304,4096,512,5,1,0,0,5,1,102400,1024,0,2,34048,1048576,4096,1048576,4096,0,0,54496,40,0,0,0,0,0,0,0,0,45104,28,0,0,0,0,0,0,0,0,45056,40,0,0,0,0
20272,a08c192df62e58faf203a10d830a6f0c34f1d843373ce5ca6f4826ed45a36764,1,6,144,3,0,4,0,65535,0,184,0,0,0,64,0,0,0,200,332,3,0,0,224,259,267,10,0,40448,54272,0,43472,4096,45056,4194304,4096,512,5,1,0,0,5,1,102400,1024,0,2,34048,1048576,4096,1048576,4096,0,0,54496,40,0,0,0,0,0,0,0,0,45104,28,0,0,0,0,0,0,0,0,45056,40,0,0,0,0
20273,ad14312e134f8b9483b2d701b1470758e8944764ec803252efede6b1c49e9485,1,6,144,3,0,4,0,65535,0,184,0,0,0,64,0,0,0,200,332,3,0,0,224,259,267,10,0,40448,54272,0,43472,4096,45056,4194304,4096,512,5,1,0,0,5,1,102400,1024,0,2,34048,1048576,4096,1048576,4096,0,0,54496,40,0,0,0,0,0,0,0,0,45104,28,0,0,0,0,0,0,0,0,45056,40,0,0,0,0
20274,b565c8e1e81796db13409f37e4bd28877272b5e54ab5c0a3d9b6a024e7f5a039,1,6,144,3,0,4,0,65535,0,184,0,0,0,64,0,0,0,200,332,3,0,0,224,259,267,10,0,40448,54272,0,43472,4096,45056,4194304,4096,512,5,1,0,0,5,1,102400,1024,0,2,34048,1048576,4096,1048576,4096,0,0,54496,40,0,0,0,0,0,0,0,0,45104,28,0,0,0,0,0,0,0,0,45056,40,0,0,0,0
20275,b6c644a1644dd9b81a604fb6ad6a8cebf4a9b14d5c41da633a93ba2f459f31ae,1,6,144,3,0,4,0,65535,0,184,0,0,0,64,0,0,0,200,332,3,0,0,224,259,267,10,0,40448,54272,0,43472,4096,45056,4194304,4096,512,5,1,0,0,5,1,102400,1024,0,2,34048,1048576,4096,1048576,4096,0,0,54496,40,0,0,0,0,0,0,0,0,45104,28,0,0,0,0,0,0,0,0,45056,40,0,0,0,0
20276,c855a83b6b0b51c9e9bc1b2676d5644f1c578b87734517ce63820ca33d155707,1,6,144,3,0,4,0,65535,0,184,0,0,0,64,0,0,0,200,332,3,0,0,224,259,267,10,0,40448,54272,0,43472,4096,45056,4194304,4096,512,5,1,0,0,5,1,102400,1024,0,2,34048,1048576,4096,1048576,4096,0,0,54496,40,0,0,0,0,0,0,0,0,45104,28,0,0,0,0,0,0,0,0,45056,40,0,0,0,0
20277,d13c712deac973ddd3666c02b76e8c0f2f5a4291078b579e231cdb8f5554efb2,1,6,144,3,0,4,0,65535,0,184,0,0,0,64,0,0,0,200,332,3,0,0,224,259,267,10,0,40448,54272,0,43472,4096,45056,4194304,4096,512,5,1,0,0,5,1,102400,1024,0,2,34048,1048576,4096,1048576,4096,0,0,54496,40,0,0,0,0,0,0,0,0,45104,28,0,0,0,0,0,0,0,0,45056,40,0,0,0,0
20278,d424fd77dc8e421ac66621a2ea3a36533e6cdb19335b909cbaaac970993e62a4,1,6,144,3,0,4,0,65535,0,184,0,0,0,64,0,0,0,200,332,3,0,0,224,259,267,10,0,40448,54272,0,43472,4096,45056,4194304,4096,512,5,1,0,0,5,1,102400,1024,0,2,34048,1048576,4096,1048576,4096,0,0,54496,40,0,0,0,0,0,0,0,0,45104,28,0,0,0,0,0,0,0,0,45056,40,0,0,0,0
20279,d4b6920e28ddba697f8e2e33f6479d16c9b92fefdc36894e3c594e3f71095e4d,1,6,144,3,0,4,0,65535,0,184,0,0,0,64,0,0,0,200,332,3,0,0,224,259,267,10,0,40448,54272,0,43472,4096,45056,4194304,4096,512,5,1,0,0,5,1,102400,1024,0,2,34048,1048576,4096,1048576,4096,0,0,54496,40,0,0,0,0,0,0,0,0,45104,28,0,0,0,0,0,0,0,0,45056,40,0,0,0,0
20280,e4a43f0bb8216496b95826c2c1aeb2f3ece6a7d87a8dbc7a0cc6a3935ace3d90,1,6,144,3,0,4,0,65535,0,184,0,0,0,64,0,0,0,200,332,3,0,0,224,259,267,10,0,40448,54272,0,43472,4096,45056,4194304,4096,512,5,1,0,0,5,1,102400,1024,0,2,34048,1048576,4096,1048576,4096,0,0,54496,40,0,0,0,0,0,0,0,0,45104,28,0,0,0,0,0,0,0,0,45056,40,0,0,0,0
20281,e589257b8ad21635e0b1cf15b0936f939b19153806c3dcb9d502853525977817,1,6,144,3,0,4,0,65535,0,184,0,0,0,64,0,0,0,200,332,3,0,0,224,259,267,10,0,40448,54272,0,43472,4096,45056,4194304,4096,512,5,1,0,0,5,1,102400,1024,0,2,34048,1048576,4096,1048576,4096,0,0,54496,40,0,0,0,0,0,0,0,0,45104,28,0,0,0,0,0,0,0,0,45056,40,0,0,0,0
20282,0b5f142418adffa1ba2c6fed16dee81a505481b411759aa7355c1d3fb0d719b4,1,7,144,3,0,4,0,65535,0,184,0,0,0,64,0,0,0,356,332,6,0,0,224,258,267,12,0,32768,4096,1,4141,4096,36864,20971520,4096,4096,5,0,0,0,5,0,3719168,4096,0,3,33088,1048576,4096,1048576,4096,0,0,3682472,80,3690496,14153,0,0,0,0,3706880,2080,142352,4152,0,0,0,0,0,0,0,0,3682304,168,0,0,0,0
20283,0fe622ba1a8d90793d2646b8afa7c75834d1a4bf9dd0696e5b894037c13ed299,1,7,144,3,0,4,0,65535,0,184,0,0,0,64,0,0,0,232,332,4,0,0,224,258,267,14,16,103936,22528,0,110572,4096,110592,262864896,4096,512,6,0,0,0,6,0,143360,4096,0,2,33088,1048576,4096,1048576,4096,130656,296,131180,80,0,0,0,0,0,0,139264,684,130624,28,0,0,0,0,0,0,0,0,110592,32,0,0,0,0
20284,17528798f8b5ec83731a383b16b692bb3a5aa6d9c09fe0e9bb6fb92687350963,1,7,144,3,0,4,0,65535,0,184,0,0,0,64,0,0,0,320,332,8,0,0,224,258,267,12,0,12288,4096,1,7648,4096,16384,20971520,4096,4096,5,0,0,0,5,0,3194880,4096,0,3,33088,1048576,4096,1048576,4096,0,0,1364000,60,3137536,11368,0,0,0,0,3149824,44312,36442112,4152,0,0,0,0,0,0,0,0,1363968,32,0,0,0,0
20285,1ccbe79a55bb1b855fcd6e66611ab754b608b16a9500fc87334c3e2c25a2a91b,1,7,144,3,0,4,0,65535,0,184,0,0,0,64,0,0,0,208,332,5,0,0,224,258,267,12,0,3022848,1081345,0,8788,4096,3031041,5832704,4096,512,5,0,0,0,5,0,3633152,1024,1673669,3,33088,1048576,4096,1048576,4096,0,0,3499904,100,3592192,1672,0,0,0,0,3596288,35632,1824216,4152,0,0,0,0,0,0,0,0,0,0,0,0,0,0
20286,3da52a407801a5e41d792a65d145f056059d470a242849b92032f51fcec8ecfc,1,7,20815,3475,0,4,0,65535,0,184,0,0,0,64,0,0,0,224,332,6,0,0,224,259,267,182,0,81408,11264,0,8808,4096,86016,20971520,4096,512,5,1,0,0,5,1,1646592,1024,0,2,33088,1048576,4096,1048576,4096,0,0,95040,80,0,0,0,0,0,0,0,0,94784,28,0,0,0,0,0,0,0,0,86016,32,0,0,0,0
20287,46254a390027a1708f6951f8af3da13d033dee9a71a4ee75f257087218676dd5,1,7,40505,14142,0,4,0,65535,0,184,0,0,0,64,0,0,0,224,332,6,0,0,224,258,267,91,0,81408,11264,0,8808,4096,86016,4194304,4096,512,5,1,0,0,5,1,1646592,1024,0,2,33088,1048576,4096,1048576,4096,0,0,95040,80,0,0,0,0,0,0,106496,480,94784,28,0,0,0,0,0,0,0,0,86016,32,0,0,0,0
20288,516fb7b0f610494d2702c31402dcb1116a489760f70ea102c900482d0514f465,1,7,144,3,0,4,0,65535,0,184,0,0,0,64,0,0,0,308,332,6,0,0,224,258,267,12,1,32768,0,1,4146,4096,36864,20971520,4096,4096,5,0,1,0,5,0,3731456,4096,0,3,33088,1048576,4096,1048576,4096,0,0,3690784,80,3698688,23068,0,0,0,0,3723264,1264,70048,4152,0,0,0,0,0,0,0,0,3690496,288,0,1,0,0
20289,53709a38525d1f76995a3f70fdab6521eb0f2a568cb31693db15231198ed55a5,1,7,144,3,0,4,0,65535,0,184,0,0,0,64,0,0,0,200,332,5,0,0,224,258,267,14,0,89600,28672,0,26040,4096,94208,4194304,4096,512,5,1,0,0,5,1,135168,1024,130909,3,33024,1048576,4096,1048576,4096,0,0,119596,40,0,0,0,0,0,0,131072,616,119360,28,0,0,0,0,0,0,0,0,94208,32,0,0,0,0
20290,60ab87df9a77924e9f12484fa94f63fa4bb4c646072cf4b002492f59b1ee0103,1,7,144,3,0,4,0,65535,0,184,0,0,0,64,0,0,0,308,332,6,0,0,224,258,267,12,1,32768,0,1,4146,4096,36864,20971520,4096,4096,5,0,1,0,5,0,3731456,4096,0,3,33088,1048576,4096,1048576,4096,0,0,3690784,80,3698688,23068,0,0,0,0,3723264,1284,70192,4152,0,0,0,0,0,0,0,0,3690496,288,0,1,0,0
20291,624255fef7e958cc3de9e454d2de4ae1a914a41fedc98b2042756042f68c2b69,1,7,144,3,0,4,0,65535,0,184,0,0,0,64,0,0,0,308,332,6,0,0,224,258,267,12,1,32768,0,1,4146,4096,36864,20971520,4096,4096,5,0,1,0,5,0,3731456,4096,0,3,33088,1048576,4096,1048576,4096,0,0,3690784,80,3698688,23068,0,0,0,0,3723264,1268,70128,4152,0,0,0,0,0,0,0,0,3690496,288,0,1,0,0
20292,64aae03c2a7f3646e6e85102074f691fc64c605d3cd7e5f2c019e0be25e03962,1,7,144,3,0,4,0,65535,0,184,0,0,0,64,0,0,0,212,332,5,0,0,224,258,267,12,0,3022847,1081345,0,8788,4096,3031041,20971520,4096,512,5,0,0,0,5,0,3633152,1024,137978,3,33088,1048576,4096,1048576,4096,0,0,3505740,100,3592192,1672,0,0,0,0,3596288,35872,1824216,56,0,0,0,0,0,0,0,0,0,0,0,0,0,0
20293,750150ec6d50212936151b881c6e3bae30bf76fb233602b064984bc46fc4f4c0,1,7,144,3,0,4,0,65535,0,184,0,0,0,64,0,0,0,212,332,5,0,0,224,258,267,12,0,3022847,1081345,0,8788,4096,3031041,20971520,4096,512,5,0,0,0,5,0,3633152,1024,137978,3,33088,1048576,4096,1048576,4096,0,0,3505740,100,3592192,1672,0,0,0,0,3596288,35872,1824216,56,0,0,0,0,0,0,0,0,0,0,0,0,0,0
20294,7f0dcd67e61f9f1388d3ba92cca0c6da0c49751f96d77b3100e0c6173092524c,1,7,144,3,0,4,0,65535,0,184,0,0,0,64,0,0,0,336,332,6,0,0,224,258,267,12,0,12288,4096,1,7296,4096,16384,20971520,4096,4096,5,0,0,0,5,0,3080192,4096,0,3,33088,1048576,4096,1048576,4096,0,0,3055648,60,3063808,11368,0,0,0,0,3076096,2032,36442112,4152,0,0,0,0,0,0,0,0,3055616,32,0,0,0,0
20295,84dfebb04d3f98ea63f803c46d83243c4bbdbcb6a6be238600e2ff9118fb05ed,1,7,20815,3475,0,4,0,65535,0,184,0,0,0,64,0,0,0,224,332,6,0,0,224,259,267,182,0,81408,11264,0,8808,4096,86016,20971520,4096,512,5,1,0,0,5,1,1646592,1024,0,2,33088,1048576,4096,1048576,4096,0,0,95040,80,0,0,0,0,0,0,0,0,94784,28,0,0,0,0,0,0,0,0,86016,32,0,0,0,0
20296,a0c3976f5d93927b0ee4e5c17057d3bb028ff26e4200ba63fbc9fa0d311eda57,1,7,144,3,0,4,0,65535,0,184,0,0,0,64,0,0,0,308,332,6,0,0,224,258,267,12,1,36864,0,1,4146,4096,40960,20971520,4096,4096,5,0,1,0,5,0,3735552,4096,0,3,33088,1048576,4096,1048576,4096,0,0,3694880,80,3702784,23068,0,0,0,0,3727360,1296,74368,4152,0,0,0,0,0,0,0,0,3694592,288,0,1,0,0
20297,b3e2ebc49bed60465f27a1ad5364014053bb0182ae3eb06211a12f2008893ee0,1,7,144,3,0,4,0,65535,0,184,0,0,0,64,0,0,0,356,332,6,0,0,224,258,267,12,0,36864,4096,1,4141,4096,40960,20971520,4096,4096,5,0,0,0,5,0,3723264,4096,0,3,33088,1048576,4096,1048576,4096,0,0,3686580,80,3694592,14153,0,0,0,0,3710976,2100,3088,4152,0,0,0,0,0,0,0,0,3686400,180,0,0,0,0
20298,c66157a916c7f874bd381a775b8eede422eb59819872fdffafc5649eefa76373,1,7,144,3,0,4,0,65535,0,184,0,0,0,64,0,0,0,228,332,7,0,0,224,258,267,12,0,32768,5537792,0,4126,4096,36864,20971520,4096,4096,5,0,1,0,5,0,5574656,4096,854318249,3,33088,1048576,4096,1048576,4096,0,4294967295,1880356,80,5505024,3158,0,0,0,0,5509120,43740,145552,55,0,0,0,0,0,0,0,0,1880064,292,0,0,0,0
20299,cf961a8a5da4d9453ac1eea45b6f33a896616c4872a50ca603b9899aac403691,1,7,144,3,0,4,0,65535,0,184,0,0,0,64,0,0,0,308,332,6,0,0,224,258,267,12,1,32768,0,1,4146,4096,36864,20971520,4096,4096,5,0,1,0,5,0,3731456,4096,0,3,33088,1048576,4096,1048576,4096,0,0,3690784,80,3698688,23068,0,0,0,0,3723264,1276,70192,4152,0,0,0,0,0,0,0,0,3690496,288,0,1,0,0
20300,d4d2701df5c47ccb3ccb95693fcb0cfa493695be32c6daba2218ca73f76cf9e9,1,7,144,3,0,4,0,65535,0,184,0,0,0,64,0,0,0,356,332,6,0,0,224,258,267,12,0,32768,4096,1,4146,4096,36864,20971520,4096,4096,5,0,0,0,5,0,3727360,4096,3776400,3,33088,1048576,4096,1048576,4096,0,0,3686672,80,3694592,14153,0,0,3727360,3032,3710976,2168,31760,4152,0,0,0,0,0,0,0,0,3686400,272,0,0,0,0
20301,f27e8691520ca218bccc6bfc6880d52bcce3e2218fd1cb0d40c85260df2d822c,1,7,49446,52666,0,4,0,65535,0,184,0,0,0,64,0,0,0,224,332,6,0,0,224,259,267,188,0,81408,11264,0,8808,4096,86016,20971520,4096,512,5,1,0,0,5,1,1646592,1024,0,2,33088,1048576,4096,1048576,4096,0,0,95040,80,0,0,0,0,0,0,0,0,94784,28,0,0,0,0,0,0,0,0,86016,32,0,0,0,0
20302,f658ddcf8e87de957a81bb92d44ce02913b427e8bccbe663669ee2613d355555,1,7,144,3,0,4,0,65535,0,184,0,0,0,64,0,0,0,272,332,6,0,0,224,258,267,14,0,190976,242176,0,120665,4096,196608,4194304,4096,512,5,1,0,0,5,1,446464,1024,0,2,33088,1048576,4096,1048576,4096,232640,52,232692,60,380928,57296,0,0,0,0,438272,8140,224992,84,0,0,0,0,203048,64,0,0,196608,604,229964,288,0,0
20303,f6c5fe6cf03045fa15b36adaaefba0b3a2bee19551c34b61f886904c5060f457,1,7,144,3,0,4,0,65535,0,184,0,0,0,64,0,0,0,320,332,7,0,0,224,258,267,12,0,16384,4096,1,11808,4096,20480,20971520,4096,4096,5,0,0,0,5,0,3198976,4096,0,3,33088,1048576,4096,1048576,4096,0,0,1323188,340,3141632,11368,0,0,0,0,3153920,43912,36442112,4152,0,0,0,0,0,0,0,0,1323008,180,0,0,0,0
20304,fb04d01431c33b1ec19cc2986e48174e97a0c62fdab1ec08cacf3969f3d51bda,1,7,26716,8105,0,4,0,65535,0,184,0,0,0,64,0,0,0,224,332,4,0,0,224,258,267,166,0,134656,29696,0,25264,4096,139264,4194304,4096,512,5,1,0,0,5,1,171720,1024,0,3,33088,1048576,4096,1048576,4096,163504,78,163252,60,0,0,0,0,0,0,167936,1868,0,0,0,0,0,0,0,0,0,0,0,0,0,0,0,0
20305,027d99aaaa6803a07d07ce0ba1fa66964388129d3b26dcf8621a3310692b0a61,1,8,144,3,0,4,0,65535,0,184,0,0,0,64,0,0,0,192,332,4,0,0,224,258,267,14,16,18432,25088,0,12944,4096,24576,4194304,4096,512,6,0,0,0,6,0,57344,1024,0,3,34112,1048576,4096,1048576,4096,0,0,44412,260,0,0,0,0,0,0,53248,1240,44176,56,0,0,0,0,0,0,0,0,24576,512,0,0,0,0
20306,2b37a372626063afce9e08199342a41bbe4183b0d5ba7864ff61eb6e6f7c4fdf,1,8,144,3,0,4,0,65535,0,184,0,0,0,64,0,0,0,192,34404,4,0,0,240,34,523,14,16,24576,28160,0,15792,4096,0,5368709120,4096,512,6,0,0,0,6,0,65536,1024,0,3,33120,1048576,4096,1048576,4096,0,0,50976,260,0,0,61440,1032,0,0,0,0,49584,56,0,0,0,0,0,0,0,0,28672,1024,0,0,0,0
20307,3582343032c1b72e970ac45cabc28610eb47aa4e3d5d0eea3e231e6958db0f3b,1,8,144,3,0,4,0,65535,0,184,0,0,0,64,0,0,0,232,332,8,0,0,224,259,267,2,25,114688,49305088,0,12572,4096,118784,4194304,4096,512,5,1,0,0,5,1,53002240,1024,198772,3,32768,1048576,4096,1048576,4096,0,0,52070728,476,49393664,42696,0,0,0,0,0,0,0,0,0,0,52056064,24,0,0,0,0,0,0,0,0,0,0
20308,428ce154645d5d70743dcd489ce18e3618f7a9b8fe6856584c1501d5e5841a8b,1,8,144,3,0,4,0,65535,0,184,0,0,0,64,0,0,0,232,332,5,0,0,224,259,267,10,0,114688,49305088,0,36524,4096,118784,4194304,4096,512,5,1,0,0,5,1,49393664,1024,198772,3,32768,1048576,4096,1048576,4096,0,0,116112,80,49344512,48280,0,0,0,0,0,0,0,0,0,0,19944,24,0,0,0,0,4096,420,0,0,0,0
20309,4d1b3c3907d6ad35f69899e5e8244e541e86e643c2628b61f254341ff95ecb52,1,8,144,3,0,4,0,65535,0,184,0,0,0,64,0,0,0,192,332,4,0,0,224,258,267,14,16,18432,25088,0,12945,4096,24576,4194304,4096,512,6,0,0,0,6,0,57344,1024,0,3,34112,1048576,4096,1048576,4096,0,0,44524,260,0,0,0,0,0,0,53248,1248,44288,56,0,0,0,0,0,0,0,0,24576,512,0,0,0,0
20310,6db3aae21a6d80857c85f58c4c8b2cf9c6b7f8b8a9ab1d5496d18eaf9bd0bd01,1,8,144,3,0,4,0,65535,0,184,0,0,0,64,0,0,0,192,332,4,0,0,224,258,267,14,16,18432,25088,0,12944,4096,24576,4194304,4096,512,6,0,0,0,6,0,57344,1024,0,3,34112,1048576,4096,1048576,4096,0,0,44412,260,0,0,0,0,0,0,53248,1240,44176,56,0,0,0,0,0,0,0,0,24576,512,0,0,0,0
20311,793dcc731fa2c6f7406fd52c7ac43926ac23e39badce09677128cce0192e19b0,1,8,144,3,0,4,0,65535,0,184,0,0,0,64,0,0,0,192,34404,4,0,0,240,34,523,14,16,24576,27648,0,15632,4096,0,5368709120,4096,512,6,0,0,0,6,0,65536,1024,0,3,33120,1048576,4096,1048576,4096,0,0,50928,260,0,0,61440,1020,0,0,0,0,49536,56,0,0,0,0,0,0,0,0,28672,1024,0,0,0,0
20312,8ce8636d2b4807cf66f78156ad7af4035202f6b770eed78b5fe875d3e321b155,1,8,144,3,0,4,0,65535,0,184,0,0,0,64,0,0,0,192,332,4,0,0,224,258,267,14,16,18432,25088,0,12944,4096,24576,4194304,4096,512,6,0,0,0,6,0,57344,4096,0,3,34112,1048576,4096,1048576,4096,0,0,44492,260,0,0,0,0,0,0,0,0,0,0,0,0,0,0,0,0,0,0,0,0,0,0,0,0
20313,8d684a790a5683b8decde9fb5a819c4a164d3032723a151a30ff26d3c2b1aabf,1,8,144,3,0,4,0,65535,0,184,0,0,0,64,0,0,0,192,332,4,0,0,224,258,267,14,16,18432,25088,0,12944,4096,24576,4194304,4096,512,6,0,0,0,6,0,57344,1024,0,3,34112,1048576,4096,1048576,4096,0,0,44412,260,0,0,0,0,0,0,53248,1240,44176,56,0,0,0,0,0,0,0,0,24576,512,0,0,0,0
20314,8da469200a4b3899b23a34232eec537f12c621aa3c8766a9745d8ff721ef5296,1,8,144,3,0,4,0,65535,0,184,0,0,0,64,0,0,0,192,332,4,0,0,224,258,267,14,16,18432,25088,0,13050,4096,24576,4194304,4096,512,6,0,0,0,6,0,57344,1024,0,3,34112,1048576,4096,1048576,4096,0,0,44428,260,0,0,0,0,0,0,53248,1248,44192,56,0,0,0,0,0,0,0,0,24576,512,0,0,0,0
20315,a7e27cc38a39ff242da39d05e04b95ea9b656829dfe2e90e8226351da8813d7d,1,8,144,3,0,4,0,65535,0,184,0,0,0,64,0,0,0,192,332,4,0,0,224,258,267,14,16,18432,25088,0,12944,4096,24576,4194304,4096,512,6,0,0,0,6,0,57344,1024,0,3,34112,1048576,4096,1048576,4096,0,0,44412,260,0,0,0,0,0,0,53248,1240,44176,56,0,0,0,0,0,0,0,0,24576,512,0,0,0,0
20316,b1280c85c41ba01ae9d6bf83b8d1483033dce2d15133b273e303cf935e0be9f8,1,8,144,3,0,4,0,65535,0,184,0,0,0,64,0,0,0,192,34404,4,0,0,240,34,523,14,16,24576,28160,0,15640,4096,0,5368709120,4096,512,6,0,0,0,6,0,65536,4096,0,3,33120,1048576,4096,1048576,4096,0,0,50896,260,0,0,61440,1032,0,0,0,0,0,0,0,0,0,0,0,0,0,0,0,0,0,0,0,0
20317,b1bcc54ef15f91d9291357eca02862174bd6158e95813eff1ab0c16ba48ff10e,1,8,144,3,0,4,0,65535,0,184,0,0,0,64,0,0,0,192,332,4,0,0,224,258,267,14,16,18432,25088,0,13050,4096,24576,4194304,4096,512,6,0,0,0,6,0,57344,1024,0,3,34112,1048576,4096,1048576,4096,0,0,44428,260,0,0,0,0,0,0,53248,1248,44192,56,0,0,0,0,0,0,0,0,24576,512,0,0,0,0
20318,bf6e5f9d060ebc5bb70144ca6e795bfc249c6590ab9f45e258ec9b5f3d49eeb6,1,8,144,3,0,4,0,65535,0,184,0,0,0,64,0,0,0,192,332,4,0,0,224,258,267,14,16,18432,25088,0,13050,4096,24576,4194304,4096,512,6,0,0,0,6,0,57344,1024,0,3,34112,1048576,4096,1048576,4096,0,0,44428,260,0,0,0,0,0,0,53248,1248,44192,56,0,0,0,0,0,0,0,0,24576,512,0,0,0,0
20319,cea934f291a4be8edb7b29e5c960093da9ee47195e53720dd6df5c977e741f4f,1,8,144,3,0,4,0,65535,0,184,0,0,0,64,0,0,0,192,332,4,0,0,224,258,267,14,16,18432,25088,0,12945,4096,24576,4194304,4096,512,6,0,0,0,6,0,57344,1024,0,3,34112,1048576,4096,1048576,4096,0,0,44524,260,0,0,0,0,0,0,53248,1248,44288,56,0,0,0,0,0,0,0,0,24576,512,0,0,0,0
20320,dfecb46078038bcfa9d0b8db18bdc0646f33bad55ee7dd5ee46e61c6cf399620,1,8,144,3,0,4,0,65535,0,184,0,0,0,64,0,0,0,192,332,4,0,0,224,258,267,14,16,55296,13824,0,22112,4096,61440,4194304,4096,512,6,0,0,0,6,0,86016,1024,0,2,34112,6291456,4096,1048576,4096,0,0,74108,40,0,0,0,0,0,0,81920,372,73872,56,0,0,0,0,0,0,0,0,61440,16,0,0,0,0
20321,eeb8a83d7532797d39d060ffb2a65562e8d803c4dbd8379289f99367cac2f850,1,8,144,3,0,4,0,65535,0,184,0,0,0,64,0,0,0,192,34404,4,0,0,240,34,523,14,16,24576,28160,0,15640,4096,0,5368709120,4096,512,6,0,0,0,6,0,65536,1024,0,3,33120,1048576,4096,1048576,4096,0,0,50896,260,0,0,61440,1032,0,0,0,0,49504,56,0,0,0,0,0,0,0,0,28672,1024,0,0,0,0
20322,f86e27e58356c554269b93713ea53b797d92359f0abb25bf70fe2de278278f7f,1,8,144,3,0,4,0,65535,0,184,0,0,0,64,0,0,0,192,332,4,0,0,224,258,267,14,16,18432,25088,0,12944,4096,24576,4194304,4096,512,6,0,0,0,6,0,57344,1024,0,3,34112,1048576,4096,1048576,4096,0,0,44492,260,0,0,0,0,0,0,53248,1244,44256,56,0,0,0,0,0,0,0,0,24576,512,0,0,0,0
20323,fdb89d5de25bbf478ab5c14e2586128f4fb309c5ef2fa5bf917fc7e37afcd1ff,1,8,144,3,0,4,0,65535,0,184,0,0,0,64,0,0,0,192,332,3,0,0,224,258,267,14,16,20480,4096,40960,62768,45056,65536,4194304,4096,512,6,0,0,0,6,0,69632,4096,0,3,34112,1048576,4096,1048576,4096,0,0,65536,732,0,0,0,0,0,0,66268,12,0,0,0,0,0,0,0,0,0,0,0,0,0,0,0,0
20324,0030c9190c6f96dffea80d960cf4d87aacbeffb2f08c2c9e7a60b318bd636dbf,1,9,144,3,0,4,0,65535,0,184,0,0,0,64,0,0,0,232,332,4,0,0,224,258,267,12,0,80896,110592,0,39996,4096,86016,4194304,4096,512,5,1,0,0,5,1,200704,1024,0,2,33088,1048576,4096,1048576,4096,0,0,179028,60,0,0,0,0,0,0,196608,3576,0,0,0,0,0,0,178136,64,0,0,86016,288,0,0,0,0
20325,007988b1ffdce1e161071f92a130b64650735a5eed6445806c2c967d0902c286,1,9,144,3,0,4,0,65535,0,184,0,0,0,64,0,0,0,232,332,5,0,0,224,258,267,12,0,80896,68096,0,25129,4096,86016,4194304,4096,512,5,1,0,0,5,1,163840,1024,0,2,33088,1048576,4096,1048576,4096,0,0,109380,200,151552,480,0,0,0,0,155648,5032,0,0,0,0,0,0,108768,64,0,0,86016,728,0,0,0,0
20326,07c82be075c33f06ef8e411d5f32e7b3d51a47be63233f2d66250cbf2903b777,1,9,144,3,0,4,0,65535,0,184,0,0,0,64,0,0,0,232,332,4,0,0,224,258,267,12,0,80896,110592,0,39996,4096,86016,4194304,4096,512,5,1,0,0,5,1,200704,1024,0,2,33088,1048576,4096,1048576,4096,0,0,179028,60,0,0,0,0,0,0,196608,3576,0,0,0,0,0,0,178136,64,0,0,86016,288,0,0,0,0
20327,098aad386b0f549cefddf2001dba9f31f40d88a3618cd3a8d5589b4b0b467342,1,9,144,3,0,4,0,65535,0,184,0,0,0,64,0,0,0,232,332,5,0,0,224,258,267,12,0,80896,68096,0,25129,4096,86016,4194304,4096,512,5,1,0,0,5,1,163840,1024,0,2,33088,1048576,4096,1048576,4096,0,0,109380,200,151552,480,0,0,0,0,155648,5032,0,0,0,0,0,0,108768,64,0,0,86016,728,0,0,0,0
20328,0d38a79805947ec49ba34769b9a9f9cdfc4032c3c7112bed465d46b09b587ef9,1,9,144,3,0,4,0,65535,0,184,0,0,0,64,0,0,0,232,332,5,0,0,224,258,267,12,0,81408,97280,0,25336,4096,86016,4194304,4096,512,5,1,0,0,5,1,192512,1024,0,2,33088,1048576,4096,1048576,4096,0,0,109428,200,180224,480,0,0,0,0,184320,5056,0,0,0,0,0,0,108816,64,0,0,86016,732,0,0,0,0
20329,0d8a1610fbe90831d4aae127563c8b6d0f0fe85aae3cd7062013f74cf38be4f0,1,9,144,3,0,4,0,65535,0,184,0,0,0,64,0,0,0,232,332,5,0,0,224,258,267,12,0,80896,68096,0,25129,4096,86016,4194304,4096,512,5,1,0,0,5,1,163840,1024,0,2,33088,1048576,4096,1048576,4096,0,0,109380,200,151552,480,0,0,0,0,155648,5032,0,0,0,0,0,0,108768,64,0,0,86016,728,0,0,0,0
20330,137e0d194e572f779a9334960063f1c482e73d4758d75663f2a298393bc52bea,1,9,144,3,0,4,0,65535,0,184,0,0,0,64,0,0,0,232,332,5,0,0,224,258,267,12,0,80384,67072,0,25111,4096,86016,4194304,4096,512,5,1,0,0,5,1,163840,1024,0,2,33088,1048576,4096,1048576,4096,0,0,109348,200,151552,480,0,0,0,0,155648,5008,0,0,0,0,0,0,108736,64,0,0,86016,720,0,0,0,0
20331,1673a950aa003ed5110d0ced961bfb29e9acd424897cd27d846f3a686d73678c,1,9,144,3,0,4,0,65535,0,184,0,0,0,64,0,0,0,232,332,5,0,0,224,258,267,12,0,80896,68096,0,25129,4096,86016,4194304,4096,512,5,1,0,0,5,1,163840,1024,0,2,33088,1048576,4096,1048576,4096,0,0,109380,200,151552,480,0,0,0,0,155648,5032,0,0,0,0,0,0,108768,64,0,0,86016,728,0,0,0,0
20332,1b808c06993ff740e36df55805d367217933c17bff9a34c6767a5e6f3d4453fd,1,9,144,3,0,4,0,65535,0,184,0,0,0,64,0,0,0,224,332,5,0,0,224,271,267,6,0,106496,258048,0,14473,4096,110592,4194304,4096,4096,4,0,0,0,4,0,368640,4096,370163,2,0,1048576,4096,1048576,4096,0,0,183728,180,266240,11620,0,0,0,0,0,0,0,0,0,0,0,0,0,0,0,0,110592,1060,0,0,0,0
20333,2698c0506fd1c0332cfab3d1a7b3438269f2a2d1168eb3d09c83d805bf0724b1,1,9,144,3,0,4,0,65535,0,184,0,0,0,64,0,0,0,232,332,5,0,0,224,258,267,12,0,80384,67072,0,25111,4096,86016,4194304,4096,512,5,1,0,0,5,1,163840,1024,0,2,33088,1048576,4096,1048576,4096,0,0,109348,200,151552,480,0,0,0,0,155648,5008,0,0,0,0,0,0,108736,64,0,0,86016,720,0,0,0,0
20334,2c9538b89e32cac819526b5ec77a19cd32ec88c60631bec1f00311c11e3b0219,1,9,144,3,0,4,0,65535,0,184,0,0,0,64,0,0,0,232,332,4,0,0,224,258,267,12,0,80896,110592,0,39996,4096,86016,4194304,4096,512,5,1,0,0,5,1,200704,1024,0,2,33088,1048576,4096,1048576,4096,0,0,179028,60,0,0,0,0,0,0,196608,3576,0,0,0,0,0,0,178136,64,0,0,86016,288,0,0,0,0
20335,2e92f62d73a7157e74bf3810356b799cfb77bf57b97e6f8c9261f02ed1ce944c,1,9,144,3,0,4,0,65535,0,184,0,0,0,64,0,0,0,232,332,4,0,0,224,258,267,12,0,80896,110592,0,39996,4096,86016,4194304,4096,512,5,1,0,0,5,1,200704,1024,0,2,33088,1048576,4096,1048576,4096,0,0,179028,60,0,0,0,0,0,0,196608,3576,0,0,0,0,0,0,178136,64,0,0,86016,288,0,0,0,0
20336,2fbe3c62a6ee7966c9bbc46be6e38d2a442fe544f38e74312b25f32f38d72715,1,9,144,3,0,4,0,65535,0,184,0,0,0,64,0,0,0,232,332,4,0,0,224,258,267,12,0,80896,110592,0,39996,4096,86016,4194304,4096,512,5,1,0,0,5,1,200704,1024,0,2,33088,1048576,4096,1048576,4096,0,0,179028,60,0,0,0,0,0,0,196608,3576,0,0,0,0,0,0,178136,64,0,0,86016,288,0,0,0,0
20337,33d1fcc12e2e01e484477df9a0c748fa6efd96fb2d004f6af7413939ebf36e12,1,9,144,3,0,4,0,65535,0,184,0,0,0,64,0,0,0,232,332,5,0,0,224,258,267,12,0,80384,67072,0,25111,4096,86016,4194304,4096,512,5,1,0,0,5,1,163840,1024,0,2,33088,1048576,4096,1048576,4096,0,0,109348,200,151552,480,0,0,0,0,155648,5008,0,0,0,0,0,0,108736,64,0,0,86016,720,0,0,0,0
20338,4837a97055193bf58d97c1c0e46dafdb754a5bd7654908231e3fb6cd650eec4c,1,9,144,3,0,4,0,65535,0,184,0,0,0,64,0,0,0,224,332,5,0,0,224,258,267,12,0,53248,77824,0,11732,4096,57344,4194304,4096,512,5,1,0,0,5,1,143360,1024,0,2,33088,1048576,4096,1048576,4096,0,0,77628,140,135168,480,0,0,0,0,139264,3864,0,0,0,0,0,0,76992,64,0,0,57344,536,0,0,0,0
20339,4864e064c66cfa321ff21d0730b9d2e78009803b3c99b1500b8ccdf31efd4b7d,1,9,144,3,0,4,0,65535,0,184,0,0,0,64,0,0,0,232,332,4,0,0,224,258,267,12,0,80896,110592,0,39996,4096,86016,4194304,4096,512,5,1,0,0,5,1,200704,1024,0,2,33088,1048576,4096,1048576,4096,0,0,179028,60,0,0,0,0,0,0,196608,3576,0,0,0,0,0,0,178136,64,0,0,86016,288,0,0,0,0
20340,4b5fe7497864d07f78af15fa3e1aa3702b303b89f9644624871d83dd0f484749,1,9,144,3,0,4,0,65535,0,184,0,0,0,64,0,0,0,232,332,5,0,0,224,258,267,12,0,80896,68096,0,25129,4096,86016,4194304,4096,512,5,1,0,0,5,1,163840,1024,0,2,33088,1048576,4096,1048576,4096,0,0,109380,200,151552,480,0,0,0,0,155648,5032,0,0,0,0,0,0,108768,64,0,0,86016,728,0,0,0,0
20341,4be2d7cc2d715d7e5b87eb21f0c984f4da961d63aec448c790800fc1f76f2b98,1,9,144,3,0,4,0,65535,0,184,0,0,0,64,0,0,0,232,332,5,0,0,224,258,267,12,0,80896,68096,0,25129,4096,86016,4194304,4096,512,5,1,0,0,5,1,163840,1024,0,2,33088,1048576,4096,1048576,4096,0,0,109380,200,151552,480,0,0,0,0,155648,5032,0,0,0,0,0,0,108768,64,0,0,86016,728,0,0,0,0
20342,52f2b6380b492c175837418285cbefa51f1de3187d00c01383bb5f9ca4ebe7db,1,9,144,3,0,4,0,65535,0,184,0,0,0,64,0,0,0,232,332,5,0,0,224,258,267,12,0,81408,97280,0,25336,4096,86016,4194304,4096,512,5,1,0,0,5,1,192512,1024,0,2,33088,1048576,4096,1048576,4096,0,0,109428,200,180224,480,0,0,0,0,184320,5056,0,0,0,0,0,0,108816,64,0,0,86016,732,0,0,0,0
20343,5c95c59b3a7fc2dfa43c0b372e3ae5af566d458d35296f3bd4313bbc4dcf050b,1,9,144,3,0,4,0,65535,0,184,0,0,0,64,0,0,0,232,332,4,0,0,224,258,267,12,0,80896,110592,0,39996,4096,86016,4194304,4096,512,5,1,0,0,5,1,200704,1024,0,2,33088,1048576,4096,1048576,4096,0,0,179028,60,0,0,0,0,0,0,196608,3576,0,0,0,0,0,0,178136,64,0,0,86016,288,0,0,0,0
20344,5c9fec26413d6b015d395afb86b87bb0ef245618bfae2d6c3a9bffb3fc56052c,1,9,144,3,0,4,0,65535,0,184,0,0,0,64,0,0,0,232,332,4,0,0,224,258,267,12,0,80896,110592,0,39996,4096,86016,4194304,4096,512,5,1,0,0,5,1,200704,1024,0,2,33088,1048576,4096,1048576,4096,0,0,179028,60,0,0,0,0,0,0,196608,3576,0,0,0,0,0,0,178136,64,0,0,86016,288,0,0,0,0
20345,64d341ecbc52f9d78080bf23559ec1778824979dd19498ee44032ec1d5224ff6,1,9,144,3,0,4,0,65535,0,184,0,0,0,64,0,0,0,232,332,5,0,0,224,258,267,12,0,81408,97280,0,25336,4096,86016,4194304,4096,512,5,1,0,0,5,1,192512,1024,0,2,33088,1048576,4096,1048576,4096,0,0,109428,200,180224,480,0,0,0,0,184320,5056,0,0,0,0,0,0,108816,64,0,0,86016,732,0,0,0,0
20346,650b1403bcd20a724261ecb656112ed5742610e41097d05d5eff160ce8fd0f91,1,9,144,3,0,4,0,65535,0,184,0,0,0,64,0,0,0,232,332,4,0,0,224,258,267,12,0,104960,87552,0,64028,4096,110592,4194304,4096,512,5,1,0,0,5,1,200704,1024,0,2,33088,1048576,4096,1048576,4096,0,0,128436,60,0,0,0,0,0,0,196608,3680,0,0,0,0,0,0,127544,64,0,0,110592,288,0,0,0,0
20347,657ba4fed4cbf7c0b83967bfc80be084fb0a55afe6393914742232810275f052,1,9,144,3,0,4,0,65535,0,184,0,0,0,64,0,0,0,232,332,5,0,0,224,258,267,12,0,80896,68096,0,25129,4096,86016,4194304,4096,512,5,1,0,0,5,1,163840,1024,0,2,33088,1048576,4096,1048576,4096,0,0,109380,200,151552,480,0,0,0,0,155648,5032,0,0,0,0,0,0,108768,64,0,0,86016,728,0,0,0,0
20348,6f4de91333804c26c9b9807a8480bd2b7c7116bd42c3ad3f8f3d6d835d2153b2,1,9,144,3,0,4,0,65535,0,184,0,0,0,64,0,0,0,232,332,4,0,0,224,258,267,12,0,80896,110592,0,39996,4096,86016,4194304,4096,512,5,1,0,0,5,1,200704,1024,0,2,33088,1048576,4096,1048576,4096,0,0,179028,60,0,0,0,0,0,0,196608,3576,0,0,0,0,0,0,178136,64,0,0,86016,288,0,0,0,0
20349,7a6daa99265f10fe73576aafdfcf5c8ccbd9602d482f999cdc53c7b4c7f89687,1,9,144,3,0,4,0,65535,0,184,0,0,0,64,0,0,0,232,332,5,0,0,224,258,267,12,0,80384,67072,0,25111,4096,86016,4194304,4096,512,5,1,0,0,5,1,163840,1024,0,2,33088,1048576,4096,1048576,4096,0,0,109348,200,151552,480,0,0,0,0,155648,5008,0,0,0,0,0,0,108736,64,0,0,86016,720,0,0,0,0
20350,7cbc7453ac42556c52a88011cca5e634d86a3f5398e44c8d33b3c08f0ffde633,1,9,144,3,0,4,0,65535,0,184,0,0,0,64,0,0,0,232,332,5,0,0,224,258,267,12,0,80896,68096,0,25129,4096,86016,4194304,4096,512,5,1,0,0,5,1,163840,1024,0,2,33088,1048576,4096,1048576,4096,0,0,109380,200,151552,480,0,0,0,0,155648,5032,0,0,0,0,0,0,108768,64,0,0,86016,728,0,0,0,0
20351,81e34ce24935bf192ee0eff4a43c673ff65a36e4f6c5a12973371c7389037625,1,9,144,3,0,4,0,65535,0,184,0,0,0,64,0,0,0,232,332,4,0,0,224,258,267,12,0,80896,110592,0,39996,4096,86016,4194304,4096,512,5,1,0,0,5,1,200704,1024,0,2,33088,1048576,4096,1048576,4096,0,0,179028,60,0,0,0,0,0,0,196608,3576,0,0,0,0,0,0,178136,64,0,0,86016,288,0,0,0,0
20352,872bf2c276fe3242513c2ed1b254a5ab3c0dea273dde944c05b711697811753f,1,9,144,3,0,4,0,65535,0,184,0,0,0,64,0,0,0,232,332,5,0,0,224,258,267,12,0,81408,97280,0,25336,4096,86016,4194304,4096,512,5,1,0,0,5,1,192512,1024,0,2,33088,1048576,4096,1048576,4096,0,0,109428,200,180224,480,0,0,0,0,184320,5048,0,0,0,0,0,0,108816,64,0,0,86016,732,0,0,0,0
20353,97351c2e4ccee87ee68146c2efee6f138e03bcfc7b029d106661d00f40528039,1,9,144,3,0,4,0,65535,0,184,0,0,0,64,0,0,0,232,332,4,0,0,224,258,267,12,0,80896,110592,0,39996,4096,86016,4194304,4096,512,5,1,0,0,5,1,200704,1024,0,2,33088,1048576,4096,1048576,4096,0,0,179028,60,0,0,0,0,0,0,196608,3576,0,0,0,0,0,0,178136,64,0,0,86016,288,0,0,0,0
20354,9f7b9c0a9f745304a16b2e3b699b6ad2b7d3835cd6305b112f2590a9386c7fca,1,9,144,3,0,4,0,65535,0,184,0,0,0,64,0,0,0,232,332,4,0,0,224,258,267,12,0,104960,111616,0,64028,4096,110592,4194304,4096,512,5,1,0,0,5,1,225280,1024,0,2,33088,1048576,4096,1048576,4096,0,0,203700,60,0,0,0,0,0,0,221184,3680,0,0,0,0,0,0,202808,64,0,0,110592,288,0,0,0,0
20355,a383ec861e033b3a0035caa3447aff798dc5f63f8931682610b09bae7c2cb88e,1,9,144,3,0,4,0,65535,0,184,0,0,0,64,0,0,0,232,332,4,0,0,224,258,267,12,0,80896,110592,0,39996,4096,86016,4194304,4096,512,5,1,0,0,5,1,200704,1024,0,2,33088,1048576,4096,1048576,4096,0,0,179028,60,0,0,0,0,0,0,196608,3576,0,0,0,0,0,0,178136,64,0,0,86016,288,0,0,0,0
20356,a45bd4059d804b586397f43ee95232378d519c6b8978d334e07f6047435fe926,1,9,144,3,0,4,0,65535,0,184,0,0,0,64,0,0,0,184,332,3,0,0,224,271,267,6,0,569344,12288,0,5220,4096,573440,4194304,4096,4096,4,0,5,13,4,0,585728,4096,636149,2,0,1048576,4096,1048576,4096,0,0,570404,40,577536,4196,0,0,0,0,0,0,0,0,0,0,0,0,0,0,552,32,4096,316,0,0,0,0
20357,a4934922ea9e1e6924f24bba64af5888d2b4df87ffb938d92304a5677549899b,1,9,144,3,0,4,0,65535,0,184,0,0,0,64,0,0,0,232,332,4,0,0,224,258,267,12,0,80896,110592,0,39996,4096,86016,4194304,4096,512,5,1,0,0,5,1,200704,1024,0,2,33088,1048576,4096,1048576,4096,0,0,179028,60,0,0,0,0,0,0,196608,3576,0,0,0,0,0,0,178136,64,0,0,86016,288,0,0,0,0
20358,a81d350afaf97cc038b3f20b46d4757150d7854df5e56780326f91bc7d4fd215,1,9,144,3,0,4,0,65535,0,184,0,0,0,64,0,0,0,232,332,5,0,0,224,258,267,12,0,80384,67072,0,25111,4096,86016,4194304,4096,512,5,1,0,0,5,1,163840,1024,0,2,33088,1048576,4096,1048576,4096,0,0,109348,200,151552,480,0,0,0,0,155648,5008,0,0,0,0,0,0,108736,64,0,0,86016,720,0,0,0,0
20359,adad8b68c55b43fb2344c3051a28514b9ee25c9664dc7b35f36477c923664519,1,9,144,3,0,4,0,65535,0,184,0,0,0,64,0,0,0,232,332,5,0,0,224,258,267,12,0,80896,68096,0,25129,4096,86016,4194304,4096,512,5,1,0,0,5,1,163840,1024,0,2,33088,1048576,4096,1048576,4096,0,0,109380,200,151552,480,0,0,0,0,155648,5032,0,0,0,0,0,0,108768,64,0,0,86016,728,0,0,0,0
20360,b42540e0be78f72f1c3578634f8c89fbc9bd838c425bcbe2aabb0816dd3d2f84,1,9,144,3,0,4,0,65535,0,184,0,0,0,64,0,0,0,232,332,4,0,0,224,258,267,12,0,80896,110592,0,39996,4096,86016,4194304,4096,512,5,1,0,0,5,1,200704,1024,0,2,33088,1048576,4096,1048576,4096,0,0,179028,60,0,0,0,0,0,0,196608,3576,0,0,0,0,0,0,178136,64,0,0,86016,288,0,0,0,0
20361,b4f1fb8fea5f5155e0e7f4ecd22d4c4a9582df7fb240af41728ad98c70949c11,1,9,144,3,0,4,0,65535,0,184,0,0,0,64,0,0,0,232,332,4,0,0,224,258,267,12,0,80896,110592,0,39996,4096,86016,4194304,4096,512,5,1,0,0,5,1,200704,1024,0,2,33088,1048576,4096,1048576,4096,0,0,179028,60,0,0,0,0,0,0,196608,3576,0,0,0,0,0,0,178136,64,0,0,86016,288,0,0,0,0
20362,b86383ac86f27e1e6fc8656407bfbcd2462ee00640e7a310a6df265c9a0e2ae6,1,9,144,3,0,4,0,65535,0,184,0,0,0,64,0,0,0,232,332,4,0,0,224,258,267,12,0,80896,110592,0,39996,4096,86016,4194304,4096,512,5,1,0,0,5,1,200704,1024,0,2,33088,1048576,4096,1048576,4096,0,0,179028,60,0,0,0,0,0,0,196608,3576,0,0,0,0,0,0,178136,64,0,0,86016,288,0,0,0,0
20363,c1eca612b5b4a7ac0076d05f8e4a6c5296296c1bf0139479b9c2dd02eb75d11f,1,9,144,3,0,4,0,65535,0,184,0,0,0,64,0,0,0,232,332,4,0,0,224,258,267,12,0,80896,110592,0,39996,4096,86016,4194304,4096,512,5,1,0,0,5,1,200704,1024,0,2,33088,1048576,4096,1048576,4096,0,0,179028,60,0,0,0,0,0,0,196608,3576,0,0,0,0,0,0,178136,64,0,0,86016,288,0,0,0,0
20364,c45c084efff13cc2d01cecde8656f71c9b56b6f00704e35d1f019acc787858c4,1,9,144,3,0,4,0,65535,0,184,0,0,0,64,0,0,0,224,332,5,0,0,224,258,267,12,0,53248,77824,0,11732,4096,57344,4194304,4096,512,5,1,0,0,5,1,143360,1024,0,2,33088,1048576,4096,1048576,4096,0,0,77628,140,135168,480,0,0,0,0,139264,3864,0,0,0,0,0,0,76992,64,0,0,57344,536,0,0,0,0
20365,cbcff29c73b151176818c93d10ae34a1be58c710bf8b4b86b4d8e13e2232264f,1,9,144,3,0,4,0,65535,0,184,0,0,0,64,0,0,0,232,332,4,0,0,224,258,267,12,0,80896,110592,0,39996,4096,86016,4194304,4096,512,5,1,0,0,5,1,200704,1024,0,2,33088,1048576,4096,1048576,4096,0,0,179028,60,0,0,0,0,0,0,196608,3576,0,0,0,0,0,0,178136,64,0,0,86016,288,0,0,0,0
20366,ce093ffa19f020a2b73719f653b5e0423df28ef1d59035d55e99154a85c5c668,1,9,144,3,0,4,0,65535,0,184,0,0,0,64,0,0,0,224,332,5,0,0,224,258,267,12,0,53248,77824,0,12045,4096,57344,4194304,4096,512,5,1,0,0,5,1,143360,1024,0,2,33088,1048576,4096,1048576,4096,0,0,77804,140,135168,480,0,0,0,0,139264,3880,0,0,0,0,0,0,77168,64,0,0,57344,536,0,0,0,0
20367,ce8a3474f1be9d750b5a5d5447e8f66b651d215799c1b5acb261296426542659,1,9,144,3,0,4,0,65535,0,184,0,0,0,64,0,0,0,232,332,5,0,0,224,258,267,12,0,80896,68096,0,25129,4096,86016,4194304,4096,512,5,1,0,0,5,1,163840,1024,0,2,32768,1048576,4096,1048576,4096,0,0,109380,200,151552,480,0,0,0,0,155648,5032,0,0,0,0,0,0,108768,64,0,0,86016,728,0,0,0,0
20368,da8c0a6ac025e95d408e72e2656d4cad02d4a3b4027ecef9d97c1a12311f37b4,1,9,144,3,0,4,0,65535,0,184,0,0,0,64,0,0,0,232,332,5,0,0,224,258,267,12,0,80896,68096,0,25129,4096,86016,4194304,4096,512,5,1,0,0,5,1,163840,1024,0,2,33088,1048576,4096,1048576,4096,0,0,109380,200,151552,480,0,0,0,0,155648,5032,0,0,0,0,0,0,108768,64,0,0,86016,728,0,0,0,0
20369,dbb88de4201933bdb099b21f91786be636b6e4486765f023abd3319300ed0006,1,9,144,3,0,4,0,65535,0,184,0,0,0,64,0,0,0,232,332,5,0,0,224,258,267,12,0,80896,68096,0,25129,4096,86016,4194304,4096,512,5,1,0,0,5,1,163840,1024,0,2,33088,1048576,4096,1048576,4096,0,0,109380,200,151552,480,0,0,0,0,155648,5032,0,0,0,0,0,0,108768,64,0,0,86016,728,0,0,0,0
20370,dc4e3c1a007475326c0a04eef870cecfd719c35f11908a113ce26355a62138ca,1,9,144,3,0,4,0,65535,0,184,0,0,0,64,0,0,0,232,332,5,0,0,224,258,267,12,0,80896,68096,0,25129,4096,86016,4194304,4096,512,5,1,0,0,5,1,163840,1024,0,2,33088,1048576,4096,1048576,4096,0,0,109380,200,151552,480,0,0,0,0,155648,5032,0,0,0,0,0,0,108768,64,0,0,86016,728,0,0,0,0
20371,dcdd516739eb88e2781d92429e58f7d97298d63d2a3b4df805f771407f02d33e,1,9,144,3,0,4,0,65535,0,184,0,0,0,64,0,0,0,232,332,4,0,0,224,258,267,12,0,80896,110592,0,39996,4096,86016,4194304,4096,512,5,1,0,0,5,1,200704,1024,0,2,33088,1048576,4096,1048576,4096,0,0,179028,60,0,0,0,0,0,0,196608,3576,0,0,0,0,0,0,178136,64,0,0,86016,288,0,0,0,0
20372,e906f1c983c7c2756f4bcd4de9edb2c6e8d16c1f84a18fecf15b698a459183fc,1,9,144,3,0,4,0,65535,0,184,0,0,0,64,0,0,0,176,332,3,0,0,224,271,267,6,0,540672,8192,0,4244,4096,544768,4194304,4096,4096,4,0,1,6,4,0,552960,4096,572914,2,0,1048576,4096,1048576,4096,0,0,543348,40,548864,2154,0,0,548864,6088,0,0,0,0,0,0,0,0,0,0,544,32,4096,60,0,0,0,0
20373,f0cce9bb1ede97017e6edac8f3372c522df26b73a6f136cfcfb2e1d94d0e3168,1,9,144,3,0,4,0,65535,0,184,0,0,0,64,0,0,0,232,332,4,0,0,224,258,267,12,0,80896,110592,0,39996,4096,86016,4194304,4096,512,5,1,0,0,5,1,200704,1024,0,2,33088,1048576,4096,1048576,4096,0,0,179028,60,0,0,0,0,0,0,196608,3576,0,0,0,0,0,0,178136,64,0,0,86016,288,0,0,0,0
20374,00ad914476509f84b40f2dbe804dc7c37a1a24ef3472674574d3367079bf0a2a,1,10,144,3,0,4,0,65535,0,184,0,0,0,64,0,0,0,232,332,3,0,0,224,259,267,14,16,917504,99328,0,786320,4096,921600,4194304,4096,512,5,1,0,0,5,1,1028096,1024,984234,2,33024,1048576,4096,1048576,4096,0,0,1024064,120,0,0,0,0,0,0,0,0,0,0,0,0,0,0,0,0,0,0,1024000,64,0,0,0,0
20375,04f65270c92dda82c759c1eee49cf8f4c98a2ed0071272e49132331fda482dba,1,10,144,3,0,4,0,65535,0,184,0,0,0,64,0,0,0,232,332,3,0,0,224,259,267,14,16,917504,99328,0,786320,4096,921600,4194304,4096,512,5,1,0,0,5,1,1028096,1024,984234,2,33024,1048576,4096,1048576,4096,0,0,1024064,120,0,0,0,0,0,0,0,0,0,0,0,0,0,0,0,0,0,0,1024000,64,0,0,0,0
20376,082f91d85c437f415cea44b36afb4198da07b78593c836a398cd96365166e7d8,1,10,144,3,0,4,0,65535,0,184,0,0,0,64,0,0,0,232,332,3,0,0,224,259,267,14,16,917504,99328,0,786320,4096,921600,4194304,4096,512,5,1,0,0,5,1,1028096,1024,984234,2,33024,1048576,4096,1048576,4096,0,0,1024064,120,0,0,0,0,0,0,0,0,0,0,0,0,0,0,0,0,0,0,1024000,64,0,0,0,0
20377,0cd33e6b180862072a00a0c2f897afa754df071bcec3d13e581c41a5c27a3102,1,10,144,3,0,4,0,65535,0,184,0,0,0,64,0,0,0,232,332,3,0,0,224,259,267,14,16,917504,99328,0,786320,4096,921600,4194304,4096,512,5,1,0,0,5,1,1028096,1024,984234,2,33024,1048576,4096,1048576,4096,0,0,1024064,120,0,0,0,0,0,0,0,0,0,0,0,0,0,0,0,0,0,0,1024000,64,0,0,0,0
20378,21aab3925870f8e11cf4c94b9b84d252118278a50206e622b8148001e205213f,1,10,144,3,0,4,0,65535,0,184,0,0,0,64,0,0,0,232,332,3,0,0,224,259,267,14,10,105472,52224,0,93712,4096,110592,4194304,4096,512,5,1,0,0,5,1,167936,1024,160038,2,33024,1048576,4096,1048576,4096,0,0,147312,300,0,0,0,0,0,0,0,0,0,0,0,0,0,0,0,0,0,0,110592,896,0,0,0,0
20379,2508d0ab9bed37a9f8d1ab04d2440849fcfc7e149971baf452a0440a924eeac5,1,10,144,3,0,4,0,65535,0,184,0,0,0,64,0,0,0,232,332,3,0,0,224,259,267,14,16,917504,99328,0,786320,4096,921600,4194304,4096,512,5,1,0,0,5,1,1028096,1024,984234,2,33024,1048576,4096,1048576,4096,0,0,1024064,120,0,0,0,0,0,0,0,0,0,0,0,0,0,0,0,0,0,0,1024000,64,0,0,0,0
20380,33d79363679a3a7a1066a28784d1a472276389f7621af35a03dc643ea9b37165,1,10,144,3,0,4,0,65535,0,184,0,0,0,64,0,0,0,232,332,3,0,0,224,259,267,14,16,917504,99328,0,786320,4096,921600,4194304,4096,512,5,1,0,0,5,1,1028096,1024,984234,2,33024,1048576,4096,1048576,4096,0,0,1024064,120,0,0,0,0,0,0,0,0,0,0,0,0,0,0,0,0,0,0,1024000,64,0,0,0,0
20381,3b52db44c2cdd8adfacb906362837ed449e96fcf761de4b1f26388b66b6edabe,1,10,144,3,0,4,0,65535,0,184,0,0,0,64,0,0,0,232,332,3,0,0,224,259,267,14,10,105472,52224,0,93712,4096,110592,4194304,4096,512,5,1,0,0,5,1,167936,1024,160038,2,33024,1048576,4096,1048576,4096,0,0,147312,300,0,0,0,0,0,0,0,0,0,0,0,0,0,0,0,0,0,0,110592,896,0,0,0,0
20382,40c436f4ac5193735d05cfe2375d29449a90269a718fba9d7af179317688e2fb,1,10,144,3,0,4,0,65535,0,184,0,0,0,64,0,0,0,232,332,3,0,0,224,259,267,14,16,917504,99328,0,786320,4096,921600,4194304,4096,512,5,1,0,0,5,1,1028096,1024,984234,2,33024,1048576,4096,1048576,4096,0,0,1024064,120,0,0,0,0,0,0,0,0,0,0,0,0,0,0,0,0,0,0,1024000,64,0,0,0,0
20383,411c61de0ff1356abeb8daed0e63c8214fd73685e6f3b6f73c96d07250d8542c,1,10,144,3,0,4,0,65535,0,184,0,0,0,64,0,0,0,232,332,2,0,0,224,259,267,14,16,232448,8192,0,169488,4096,237568,4194304,4096,512,5,1,0,0,5,1,245760,1024,293754,2,33536,1048576,4096,1048576,4096,0,0,0,0,0,0,0,0,0,0,0,0,0,0,0,0,0,0,0,0,0,0,0,0,0,0,0,0
20384,43ae62f2d7be7a9bf34c9a46ce26b94e8f73c8b7ea434830f51553a0fc820d1b,1,10,144,3,0,4,0,65535,0,184,0,0,0,64,0,0,0,232,332,3,0,0,224,259,267,14,16,917504,99328,0,786320,4096,921600,4194304,4096,512,5,1,0,0,5,1,1028096,1024,984234,2,33024,1048576,4096,1048576,4096,0,0,1024064,120,0,0,0,0,0,0,0,0,0,0,0,0,0,0,0,0,0,0,1024000,64,0,0,0,0
20385,4672f4ade47a4717255db6bcd9ae1fb6f4d71e85d059bb08e65df55d416126eb,1,10,144,3,0,4,0,65535,0,184,0,0,0,64,0,0,0,232,332,3,0,0,224,259,267,14,16,917504,99328,0,786320,4096,921600,4194304,4096,512,5,1,0,0,5,1,1028096,1024,984234,2,33024,1048576,4096,1048576,4096,0,0,1024064,120,0,0,0,0,0,0,0,0,0,0,0,0,0,0,0,0,0,0,1024000,64,0,0,0,0
20386,50d08c974f7abce2da5c2a8976d3c6017334a418359d7bb031bd0914b848b24a,1,10,144,3,0,4,0,65535,0,184,0,0,0,64,0,0,0,232,332,3,0,0,224,259,267,14,16,917504,99328,0,786320,4096,921600,4194304,4096,512,5,1,0,0,5,1,1028096,1024,984234,2,33024,1048576,4096,1048576,4096,0,0,1024064,120,0,0,0,0,0,0,0,0,0,0,0,0,0,0,0,0,0,0,1024000,64,0,0,0,0
20387,51634f69ba2c47e171bc6ca7acb570eefe3fafdc2dfa78be46d9f1920cb309bd,1,10,144,3,0,4,0,65535,0,184,0,0,0,64,0,0,0,232,332,3,0,0,224,259,267,14,16,917504,99328,0,786320,4096,921600,4194304,4096,512,5,1,0,0,5,1,1028096,1024,984234,2,33024,1048576,4096,1048576,4096,0,0,1024064,120,0,0,0,0,0,0,0,0,0,0,0,0,0,0,0,0,0,0,1024000,64,0,0,0,0
20388,53cb4674c759d5b16aa29618d36a6008e5d730585a1bcf3b465fd2517a0e90c2,1,10,144,3,0,4,0,65535,0,184,0,0,0,64,0,0,0,216,332,2,0,0,224,259,267,14,16,823296,93696,0,687520,4096,827392,4194304,4096,512,5,1,0,0,5,1,921600,1024,932193,2,33024,1048576,4096,1048576,4096,0,0,0,0,0,0,0,0,0,0,0,0,0,0,0,0,0,0,0,0,0,0,0,0,0,0,0,0
20389,54664bedb8b1e8e5a05a60490739080c757a234a71cbee0917f1bdfde3c95b97,1,10,144,3,0,4,0,65535,0,184,0,0,0,64,0,0,0,232,332,3,0,0,224,259,267,14,10,105472,52224,0,93712,4096,110592,4194304,4096,512,5,1,0,0,5,1,167936,1024,160038,2,33024,1048576,4096,1048576,4096,0,0,147312,300,0,0,0,0,0,0,0,0,0,0,0,0,0,0,0,0,0,0,110592,896,0,0,0,0
20390,54d14a53b99a62a19cd544c389fdf2dff02bea9fcaee7cf54f81b3ba8442877f,1,10,144,3,0,4,0,65535,0,184,0,0,0,64,0,0,0,232,332,2,0,0,224,259,267,14,16,232448,8192,0,169488,4096,237568,4194304,4096,512,5,1,0,0,5,1,245760,1024,293754,2,33536,1048576,4096,1048576,4096,0,0,0,0,0,0,0,0,0,0,0,0,0,0,0,0,0,0,0,0,0,0,0,0,0,0,0,0
20391,5a67b802ccb3ff343066d6f285b8c933dbd9b43da1e7592f512d54d6e517b5ee,1,10,144,3,0,4,0,65535,0,184,0,0,0,64,0,0,0,232,332,3,0,0,224,259,267,14,16,917504,99328,0,786320,4096,921600,4194304,4096,512,5,1,0,0,5,1,1028096,1024,984234,2,33024,1048576,4096,1048576,4096,0,0,1024064,120,0,0,0,0,0,0,0,0,0,0,0,0,0,0,0,0,0,0,1024000,64,0,0,0,0
20392,626a4fa1f52623e89b3011c37c2d3ca4069dc5a4d3f5c4f74d4579c2d3d50356,1,10,144,3,0,4,0,65535,0,184,0,0,0,64,0,0,0,232,332,3,0,0,224,259,267,14,16,917504,99328,0,786320,4096,921600,4194304,4096,512,5,1,0,0,5,1,1028096,1024,984234,2,33024,1048576,4096,1048576,4096,0,0,1024064,120,0,0,0,0,0,0,0,0,0,0,0,0,0,0,0,0,0,0,1024000,64,0,0,0,0
20393,69310d0c9f42dd45ee986a3220f40e860ce4c9b24ab83a85c4f2f5c15439d6f5,1,10,144,3,0,4,0,65535,0,184,0,0,0,64,0,0,0,232,332,3,0,0,224,259,267,14,16,917504,99328,0,786320,4096,921600,4194304,4096,512,5,1,0,0,5,1,1028096,1024,984234,2,33024,1048576,4096,1048576,4096,0,0,1024064,120,0,0,0,0,0,0,0,0,0,0,0,0,0,0,0,0,0,0,1024000,64,0,0,0,0
20394,7363f13db048624a97528e2a2592e6657e4882028933506b5df9ecc62f869528,1,10,144,3,0,4,0,65535,0,184,0,0,0,64,0,0,0,232,332,3,0,0,224,259,267,14,16,917504,99328,0,786320,4096,921600,4194304,4096,512,5,1,0,0,5,1,1028096,1024,984234,2,33024,1048576,4096,1048576,4096,0,0,1024064,120,0,0,0,0,0,0,0,0,0,0,0,0,0,0,0,0,0,0,1024000,64,0,0,0,0
20395,80e8fadc73c34a227ed4cc9c5c822391c593c3eaba8d841feb4f4b3c7234d08e,1,10,144,3,0,4,0,65535,0,184,0,0,0,64,0,0,0,216,332,2,0,0,224,259,267,14,16,823296,93696,0,687520,4096,827392,4194304,4096,512,5,1,0,0,5,1,921600,1024,932193,2,33024,1048576,4096,1048576,4096,0,0,0,0,0,0,0,0,0,0,0,0,0,0,0,0,0,0,0,0,0,0,0,0,0,0,0,0
20396,85d83b744c8837c9391358a4e75e364d52aa35e7727b61331b5085be363d59b3,1,10,144,3,0,4,0,65535,0,184,0,0,0,64,0,0,0,232,332,2,0,0,224,259,267,14,16,232448,8192,0,169488,4096,237568,4194304,4096,512,5,1,0,0,5,1,245760,1024,293754,2,33536,1048576,4096,1048576,4096,0,0,0,0,0,0,0,0,0,0,0,0,0,0,0,0,0,0,0,0,0,0,0,0,0,0,0,0
20397,8d141b8ef137032125cece55ec945038c35d4eeed54ce43e0b99c2731e8790ba,1,10,144,3,0,4,0,65535,0,184,0,0,0,64,0,0,0,232,332,3,0,0,224,259,267,14,16,917504,99328,0,786320,4096,921600,4194304,4096,512,5,1,0,0,5,1,1028096,1024,984234,2,33024,1048576,4096,1048576,4096,0,0,1024064,120,0,0,0,0,0,0,0,0,0,0,0,0,0,0,0,0,0,0,1024000,64,0,0,0,0
20398,95739e350d7f2aca2c609768ee72ad67fcf05efca5c7ad8df3027c82b9c454cf,1,10,144,3,0,4,0,65535,0,184,0,0,0,64,0,0,0,232,332,3,0,0,224,259,267,14,10,105472,52224,0,93712,4096,110592,4194304,4096,512,5,1,0,0,5,1,167936,1024,160038,2,33024,1048576,4096,1048576,4096,0,0,147312,300,0,0,0,0,0,0,0,0,0,0,0,0,0,0,0,0,0,0,110592,896,0,0,0,0
20399,9dd6cc25b2f920b825e15682a4d06435a42b281674ba6e99c8e2b2222c9d638f,1,10,144,3,0,4,0,65535,0,184,0,0,0,64,0,0,0,232,332,3,0,0,224,259,267,14,16,927744,99328,0,789776,4096,933888,4194304,4096,512,5,1,0,0,5,1,1040384,1024,1048966,2,33024,1048576,4096,1048576,4096,0,0,1036356,120,0,0,0,0,0,0,0,0,0,0,0,0,0,0,0,0,0,0,1036288,68,0,0,0,0
20400,a2ad5cc5045a1645f07da7eab14ba13eb69ab7286204f61ba6a4226bfade7f17,1,10,144,3,0,4,0,65535,0,184,0,0,0,64,0,0,0,232,332,3,0,0,224,259,267,14,16,917504,99328,0,786320,4096,921600,4194304,4096,512,5,1,0,0,5,1,1028096,1024,984234,2,33024,1048576,4096,1048576,4096,0,0,1024064,120,0,0,0,0,0,0,0,0,0,0,0,0,0,0,0,0,0,0,1024000,64,0,0,0,0
20401,a4c7080ed8a6caa39e35dd47234c0960f91e43135186378c064f90291a0455c6,1,10,144,3,0,4,0,65535,0,184,0,0,0,64,0,0,0,232,332,3,0,0,224,259,267,14,16,917504,99328,0,786320,4096,921600,4194304,4096,512,5,1,0,0,5,1,1028096,1024,984234,2,33024,1048576,4096,1048576,4096,0,0,1024064,120,0,0,0,0,0,0,0,0,0,0,0,0,0,0,0,0,0,0,1024000,64,0,0,0,0
20402,a696ad284e82463e8e7942976bc517feb4247e42d14595c5997c2e6558dc17a9,1,10,144,3,0,4,0,65535,0,184,0,0,0,64,0,0,0,232,332,3,0,0,224,259,267,14,10,105472,52224,0,93712,4096,110592,4194304,4096,512,5,1,0,0,5,1,167936,1024,160038,2,33024,1048576,4096,1048576,4096,0,0,147312,300,0,0,0,0,0,0,0,0,0,0,0,0,0,0,0,0,0,0,110592,896,0,0,0,0
20403,a9cb8fb06970ee8652983bdad227d24f50133853b64e29b76bae98b4063409b3,1,10,144,3,0,4,0,65535,0,184,0,0,0,64,0,0,0,232,332,3,0,0,224,259,267,14,16,917504,99328,0,786320,4096,921600,4194304,4096,512,5,1,0,0,5,1,1028096,1024,984234,2,33024,1048576,4096,1048576,4096,0,0,1024064,120,0,0,0,0,0,0,0,0,0,0,0,0,0,0,0,0,0,0,1024000,64,0,0,0,0
20404,ac123fae7b38fab3b9dfc3b28af23688d1ad1e66b659ab38e75ca334d7c91bf2,1,10,144,3,0,4,0,65535,0,184,0,0,0,64,0,0,0,232,332,3,0,0,224,259,267,14,16,917504,99328,0,786320,4096,921600,4194304,4096,512,5,1,0,0,5,1,1028096,1024,984234,2,33024,1048576,4096,1048576,4096,0,0,1024064,120,0,0,0,0,0,0,0,0,0,0,0,0,0,0,0,0,0,0,1024000,64,0,0,0,0
20405,b726d6252d6177be9e6d93ee8dffedc1949e37af927a90b28b8ca97e3208d9a6,1,10,144,3,0,4,0,65535,0,184,0,0,0,64,0,0,0,232,332,3,0,0,224,259,267,14,16,917504,99328,0,786320,4096,921600,4194304,4096,512,5,1,0,0,5,1,1028096,1024,984234,2,33024,1048576,4096,1048576,4096,0,0,1024064,120,0,0,0,0,0,0,0,0,0,0,0,0,0,0,0,0,0,0,1024000,64,0,0,0,0
20406,bcbb1e388759eea5c1fbb4f35c29b6f66f3f4ca4c715bab35c8fc56dcf3fa621,1,10,144,3,0,4,0,65535,0,184,0,0,0,64,0,0,0,232,332,3,0,0,224,259,267,14,16,917504,99328,0,786320,4096,921600,4194304,4096,512,5,1,0,0,5,1,1028096,1024,984234,2,33024,1048576,4096,1048576,4096,0,0,1024064,120,0,0,0,0,0,0,0,0,0,0,0,0,0,0,0,0,0,0,1024000,64,0,0,0,0
20407,bdc2801e747ee4dd2b50b1ecd3fa3eb53b6c8101ec37eff8d18e485a7f4a7bd0,1,10,144,3,0,4,0,65535,0,184,0,0,0,64,0,0,0,232,332,3,0,0,224,259,267,14,16,917504,99328,0,786320,4096,921600,4194304,4096,512,5,1,0,0,5,1,1028096,1024,984234,2,33024,1048576,4096,1048576,4096,0,0,1024064,120,0,0,0,0,0,0,0,0,0,0,0,0,0,0,0,0,0,0,1024000,64,0,0,0,0
20408,c64105b9808685b07ce4a6d47d797cbe7c045101fb793ff9389a6620c7755bb7,1,10,144,3,0,4,0,65535,0,184,0,0,0,64,0,0,0,232,332,3,0,0,224,259,267,14,16,917504,99328,0,786320,4096,921600,4194304,4096,512,5,1,0,0,5,1,1028096,1024,984234,2,33024,1048576,4096,1048576,4096,0,0,1024064,120,0,0,0,0,0,0,0,0,0,0,0,0,0,0,0,0,0,0,1024000,64,0,0,0,0
20409,d03a96edaf798e9a80442f4fc4fe0c8cb1a2ba3a1876f9defdc6c28ba266a77d,1,10,144,3,0,4,0,65535,0,184,0,0,0,64,0,0,0,232,332,3,0,0,224,259,267,14,16,917504,99328,0,786320,4096,921600,4194304,4096,512,5,1,0,0,5,1,1028096,1024,984234,2,33024,1048576,4096,1048576,4096,0,0,1024064,120,0,0,0,0,0,0,0,0,0,0,0,0,0,0,0,0,0,0,1024000,64,0,0,0,0
20410,d0de5ea05083d0284943accb929c6700592b230af4d6b05e281760b64b97802e,1,10,144,3,0,4,0,65535,0,184,0,0,0,64,0,0,0,232,332,3,0,0,224,259,267,14,16,917504,99328,0,786320,4096,921600,4194304,4096,512,5,1,0,0,5,1,1028096,1024,984234,2,33024,1048576,4096,1048576,4096,0,0,1024064,120,0,0,0,0,0,0,0,0,0,0,0,0,0,0,0,0,0,0,1024000,64,0,0,0,0
20411,d5ea463e0719ee2d1705ff305cdd8529bd2ff23dde79c502c4f478937a91f874,1,10,144,3,0,4,0,65535,0,184,0,0,0,64,0,0,0,232,332,3,0,0,224,259,267,14,10,105472,52224,0,93712,4096,110592,4194304,4096,512,5,1,0,0,5,1,167936,1024,160038,2,33024,1048576,4096,1048576,4096,0,0,147312,300,0,0,0,0,0,0,0,0,0,0,0,0,0,0,0,0,0,0,110592,896,0,0,0,0
20412,dad101c7193fd0b995723ec830aade763d853665fdc9cf9f0bc77adf25b460ce,1,10,144,3,0,4,0,65535,0,184,0,0,0,64,0,0,0,232,332,3,0,0,224,259,267,14,16,917504,99328,0,786320,4096,921600,4194304,4096,512,5,1,0,0,5,1,1028096,1024,984234,2,33024,1048576,4096,1048576,4096,0,0,1024064,120,0,0,0,0,0,0,0,0,0,0,0,0,0,0,0,0,0,0,1024000,64,0,0,0,0
20413,dec4ca3a0863919f85c2a1a4a7e607e68063a9be1719ccb395353fe4a2d087e5,1,10,144,3,0,4,0,65535,0,184,0,0,0,64,0,0,0,232,332,3,0,0,224,259,267,14,16,917504,99328,0,786320,4096,921600,4194304,4096,512,5,1,0,0,5,1,1028096,1024,984234,2,33024,1048576,4096,1048576,4096,0,0,1024064,120,0,0,0,0,0,0,0,0,0,0,0,0,0,0,0,0,0,0,1024000,64,0,0,0,0
20414,df232fc543fc078df14cd07e7ad676d1b53e1de4f1909512ac97b03c2e1d1c51,1,10,144,3,0,4,0,65535,0,184,0,0,0,64,0,0,0,232,332,3,0,0,224,259,267,14,16,917504,99328,0,786320,4096,921600,4194304,4096,512,5,1,0,0,5,1,1028096,1024,984234,2,33024,1048576,4096,1048576,4096,0,0,1024064,120,0,0,0,0,0,0,0,0,0,0,0,0,0,0,0,0,0,0,1024000,64,0,0,0,0
20415,dfc52af21bad04c3860c0cdb5c8e7760b3fd1e5abbe038154f956a7dd1d6437c,1,10,144,3,0,4,0,65535,0,184,0,0,0,64,0,0,0,232,332,3,0,0,224,259,267,14,16,917504,99328,0,786320,4096,921600,4194304,4096,512,5,1,0,0,5,1,1028096,1024,984234,2,33024,1048576,4096,1048576,4096,0,0,1024064,120,0,0,0,0,0,0,0,0,0,0,0,0,0,0,0,0,0,0,1024000,64,0,0,0,0
20416,e216372e4328f1cf5cf39a73540b508adc8d777fef90ca77af635c2331deb5cc,1,10,144,3,0,4,0,65535,0,184,0,0,0,64,0,0,0,232,332,3,0,0,224,259,267,14,16,917504,99328,0,786320,4096,921600,4194304,4096,512,5,1,0,0,5,1,1028096,1024,984234,2,33024,1048576,4096,1048576,4096,0,0,1024064,120,0,0,0,0,0,0,0,0,0,0,0,0,0,0,0,0,0,0,1024000,64,0,0,0,0
20417,e31c78b7d21539b10d3b70317135f843217881270f7356b0a2e197d698833d01,1,10,144,3,0,4,0,65535,0,184,0,0,0,64,0,0,0,232,332,3,0,0,224,259,267,14,16,917504,99328,0,786320,4096,921600,4194304,4096,512,5,1,0,0,5,1,1028096,1024,984234,2,33024,1048576,4096,1048576,4096,0,0,1024064,120,0,0,0,0,0,0,0,0,0,0,0,0,0,0,0,0,0,0,1024000,64,0,0,0,0
20418,e75e79383b75613f4c1b87eef929cf719d9b344c4de122ab4139ad2328d38aed,1,10,144,3,0,4,0,65535,0,184,0,0,0,64,0,0,0,232,332,3,0,0,224,259,267,14,16,917504,99328,0,786320,4096,921600,4194304,4096,512,5,1,0,0,5,1,1028096,1024,984234,2,33024,1048576,4096,1048576,4096,0,0,1024064,120,0,0,0,0,0,0,0,0,0,0,0,0,0,0,0,0,0,0,1024000,64,0,0,0,0
20419,ead321bd27e49aa74c46662449189289dede9d0a70b017abaf9fe3a4c76e5760,1,10,144,3,0,4,0,65535,0,184,0,0,0,64,0,0,0,232,332,3,0,0,224,259,267,14,16,917504,99328,0,786320,4096,921600,4194304,4096,512,5,1,0,0,5,1,1028096,1024,984234,2,33024,1048576,4096,1048576,4096,0,0,1024064,120,0,0,0,0,0,0,0,0,0,0,0,0,0,0,0,0,0,0,1024000,64,0,0,0,0
20420,ee2115e39ffc78a185d533fab74ee5683f233c3d0865443ea9fcadead1fc99ea,1,10,144,3,0,4,0,65535,0,184,0,0,0,64,0,0,0,216,332,2,0,0,224,259,267,14,16,823296,93696,0,687520,4096,827392,4194304,4096,512,5,1,0,0,5,1,921600,1024,932193,2,33024,1048576,4096,1048576,4096,0,0,0,0,0,0,0,0,0,0,0,0,0,0,0,0,0,0,0,0,0,0,0,0,0,0,0,0
20421,faaa06208acdf230496128dfd656984d3f0f99a9b5be4f2cbaaec0bb830bdcf9,1,10,144,3,0,4,0,65535,0,184,0,0,0,64,0,0,0,232,332,3,0,0,224,259,267,14,10,105472,52224,0,93712,4096,110592,4194304,4096,512,5,1,0,0,5,1,167936,1024,160038,2,33024,1048576,4096,1048576,4096,0,0,147312,300,0,0,0,0,0,0,0,0,0,0,0,0,0,0,0,0,0,0,110592,896,0,0,0,0
20422,07d305bba3b31f810315d3c0a835e1bdb11e325f410a14fd7b732b8afda69507,1,11,144,3,0,4,0,65535,0,184,0,0,0,64,0,0,0,200,332,5,0,0,224,271,267,6,0,26112,334336,1024,13128,4096,32768,4194304,4096,512,4,0,6,0,4,0,409600,1024,309517,2,34112,1048576,4096,1048576,4096,0,0,34116,160,233472,174296,0,0,0,0,0,0,0,0,0,0,0,0,0,0,0,0,32768,668,0,0,0,0
20423,1066b29d5f34d57efa4877907fa846ea474c3f03b5c0759171929195347fa00c,1,11,144,3,0,4,0,65535,0,184,0,0,0,64,0,0,0,200,332,5,0,0,224,271,267,6,0,25600,348672,1024,12907,4096,32768,4194304,4096,512,4,0,6,0,4,0,425984,1024,329291,2,34112,1048576,4096,1048576,4096,0,0,34108,160,233472,188530,0,0,0,0,0,0,0,0,0,0,0,0,0,0,0,0,32768,660,0,0,0,0
20424,176cb863f10a9f2fac32eb5d75c01c91dadb99d229db56d2535a25067e55835f,1,11,144,3,0,4,0,65535,0,184,0,0,0,64,0,0,0,200,332,4,0,0,224,259,267,8,0,16896,15872,0,15920,4096,24576,4194304,4096,512,4,0,0,0,4,0,45056,1024,0,2,1024,1048576,4096,1048576,4096,0,0,25064,120,0,0,0,0,0,0,0,0,0,0,0,0,0,0,0,0,0,0,24576,332,0,0,0,0
20425,28aeaf450afc07c4db9c35814e130ca2c0b8448c85b573bbb59337c794782980,1,11,144,3,0,4,0,65535,0,184,0,0,0,64,0,0,0,200,332,5,0,0,224,271,267,6,0,25600,422400,1024,12907,4096,32768,4194304,4096,512,4,0,6,0,4,0,499712,1024,397844,2,34112,1048576,4096,1048576,4096,0,0,34108,160,233472,262490,0,0,0,0,0,0,0,0,0,0,0,0,0,0,0,0,32768,660,0,0,0,0
20426,4cd59f4f2c399a3f23e2b4ae73d80a2136b2aed895bec72fa12e9b52a750d2cc,1,11,144,3,0,4,0,65535,0,184,0,0,0,64,0,0,0,200,332,5,0,0,224,271,267,6,0,25600,334848,1024,12907,4096,32768,4194304,4096,512,4,0,6,0,4,0,409600,1024,305366,2,34112,1048576,4096,1048576,4096,0,0,34108,160,233472,174926,0,0,0,0,0,0,0,0,0,0,0,0,0,0,0,0,32768,660,0,0,0,0
20427,50b0c7858bc2bb2d1fa3d441bd2c4e3930b88b77c6cef11a51af5705727d6639,1,11,144,3,0,4,0,65535,0,184,0,0,0,64,0,0,0,128,332,3,0,0,224,258,267,80,0,1069568,29184,0,1077738,8192,1081344,4194304,8192,512,4,0,0,0,4,0,1122304,512,0,2,34112,1048576,4096,1048576,4096,0,0,1077656,79,1081344,28384,0,0,0,0,1114112,12,0,0,0,0,0,0,0,0,0,0,8192,8,0,0,8200,72
20428,560d7fbb78858d4337f9a97226e137a27db581721641bab2e11d34ce55f5ddba,1,11,144,3,0,4,0,65535,0,184,0,0,0,64,0,0,0,208,332,5,0,0,224,259,267,8,0,30720,92160,0,26672,4096,36864,4194304,4096,512,4,0,0,0,4,0,135168,1024,0,2,1024,1048576,4096,1048576,4096,0,0,37516,140,131072,664,0,0,0,0,0,0,0,0,0,0,0,0,0,0,0,0,36864,488,0,0,0,0
20429,77703bf5f0224b4b6bc3c2333300eac887ce49e3e0bb4bc3d20b7e33cee749de,1,11,144,3,0,4,0,65535,0,184,0,0,0,64,0,0,0,200,332,5,0,0,224,271,267,6,0,25600,334336,1024,12907,4096,32768,4194304,4096,512,4,0,6,0,4,0,409600,1024,269522,2,34112,1048576,4096,1048576,4096,0,0,34108,160,233472,174198,0,0,0,0,0,0,0,0,0,0,0,0,0,0,0,0,32768,660,0,0,0,0
20430,89a12a1980732a6d039f48d358968903f2a5af157413bdf3310dd0ebe765ae40,1,11,144,3,0,4,0,65535,0,184,0,0,0,64,0,0,0,216,332,5,0,0,224,259,267,8,0,30208,97280,0,25968,4096,36864,4194304,4096,512,4,0,0,0,4,0,139264,1024,0,2,1024,1048576,4096,1048576,4096,0,0,37524,160,135168,624,0,0,0,0,0,0,0,0,0,0,0,0,0,0,0,0,36864,496,0,0,0,0
20431,91e573ed92344a8eb7110e6af97f10b9f848f25f9f1a0fe411e2eef39e3dc342,1,11,144,3,0,4,0,65535,0,184,0,0,0,64,0,0,0,224,332,4,0,0,224,291,267,9,0,104448,250880,0,52527,4096,110592,4194304,4096,512,5,0,0,0,5,0,372736,1024,146427,2,32768,1048576,4096,1048576,4096,0,0,136628,80,155648,217084,0,0,0,0,0,0,111040,28,0,0,0,0,134560,64,0,0,110592,388,0,0,0,0
20432,94658982002db6acea22c68b7619f71154933effd6428a81a235aba6e2789328,1,11,144,3,0,4,0,65535,0,184,0,0,0,64,0,0,0,128,332,2,0,0,224,258,267,11,0,733696,512,0,741646,8192,745472,4194304,8192,512,4,0,0,0,4,0,753664,512,0,2,34112,1048576,4096,1048576,4096,0,0,741560,83,0,0,0,0,752280,17560,745472,12,0,0,0,0,0,0,0,0,0,0,8192,8,0,0,8200,72
20433,a617fdbff227afe8c89ba96d34724fb03c0c08857c508c8c80f3fedc916fe2b4,1,11,144,3,0,4,0,65535,0,184,0,0,0,64,0,0,0,216,332,5,0,0,224,271,267,6,0,27136,3118592,2048,13613,4096,32768,4194304,4096,512,4,0,6,0,4,0,3223552,1024,3063641,2,34112,1048576,4096,1048576,4096,0,0,34320,160,286720,2934494,0,0,0,0,0,0,0,0,0,0,0,0,0,0,0,0,32768,688,0,0,0,0
20434,a6566bc4c76a36a0e880d2151e0a86a59c3af57082b7c83a669dba3f28afb959,1,11,144,3,0,4,0,65535,0,184,0,0,0,64,0,0,0,200,332,5,0,0,224,271,267,6,0,26112,333312,1024,13128,4096,32768,4194304,4096,512,4,0,6,0,4,0,409600,1024,918684,2,34112,1048576,4096,1048576,4096,0,0,34116,160,233472,173376,0,0,0,0,0,0,0,0,0,0,0,0,0,0,0,0,32768,668,0,0,0,0
20435,bc0ed3e73b8d1fdc839f2e8ed3578ca3221dba4eb984e581cb00dfb4cdfb7d49,1,11,144,3,0,4,0,65535,0,184,0,0,0,64,0,0,0,200,332,4,0,0,224,259,267,8,0,25088,81920,0,21488,4096,32768,4194304,4096,512,4,0,0,0,4,0,118784,1024,0,2,1024,1048576,4096,1048576,4096,0,0,33232,120,0,0,0,0,0,0,0,0,0,0,0,0,0,0,0,0,0,0,32768,348,0,0,0,0
20436,bc7965625bc87ba2730d9261ff122cf0a1d17cb64b8dad7a4b83d17029c8e1b4,1,11,144,3,0,4,0,65535,0,184,0,0,0,64,0,0,0,240,332,7,0,0,224,290,267,10,0,110592,69988352,0,19783,4096,114688,4194304,4096,512,5,1,0,0,5,1,70111232,1024,320650,2,33024,1048576,4096,1048576,4096,0,0,132212,60,69992448,72488,0,0,0,0,70066176,4828,0,0,0,0,127792,24,0,0,0,0,114688,420,0,0,0,0
20437,c23f9fca61a45de8a8808706523039b6385bc55d4b2b9545a5babf9d472700ec,1,11,144,3,0,4,0,65535,0,184,0,0,0,64,0,0,0,216,332,5,0,0,224,259,267,8,0,27136,82432,0,23072,4096,32768,4194304,4096,512,4,0,0,0,4,0,122880,1024,0,2,1024,1048576,4096,1048576,4096,0,0,33192,60,114688,4464,0,0,0,0,0,0,0,0,0,0,0,0,0,0,0,0,32768,304,0,0,0,0
20438,c311e0cd1b2052427260e95e3c7268451456167eb256a6032aa82d8e93ff6e34,1,11,144,3,0,4,0,65535,0,184,0,0,0,64,0,0,0,216,332,5,0,0,224,271,267,6,0,26624,390656,2048,13509,4096,32768,4194304,4096,512,4,0,6,0,4,0,495616,1024,318641,2,34112,1048576,4096,1048576,4096,0,0,34320,160,286720,206658,0,0,0,0,0,0,0,0,0,0,0,0,0,0,0,0,32768,688,0,0,0,0
20439,c34d0660da24b48480de58aaa394bd27f5a5b1ed9249d897ca4dde70312a87ec,1,11,144,3,0,4,0,65535,0,184,0,0,0,64,0,0,0,200,332,5,0,0,224,271,267,6,0,26112,328192,1024,13128,4096,32768,4194304,4096,512,4,0,6,0,4,0,405504,1024,332088,2,34112,1048576,4096,1048576,4096,0,0,34116,160,233472,168088,0,0,0,0,0,0,0,0,0,0,0,0,0,0,0,0,32768,668,0,0,0,0
20440,cb81d92235ea10499bf064b26c233dc498d24568e5b74f62249d63d1cf2a6c59,1,11,144,3,0,4,0,65535,0,184,0,0,0,64,0,0,0,200,332,5,0,0,224,271,267,6,0,26112,167936,1024,13128,4096,32768,4194304,4096,512,4,0,6,0,4,0,241664,1024,1129794,2,34112,1048576,4096,1048576,4096,0,0,34116,160,233472,7856,0,0,0,0,0,0,0,0,0,0,0,0,0,0,0,0,32768,668,0,0,0,0
20441,d07923f73f1b5f41ab02c3239468bc0eacfe31c02b84814b6bc522a98d9b4b22,1,11,144,3,0,4,0,65535,0,184,0,0,0,64,0,0,0,200,332,5,0,0,224,271,267,6,0,25600,561664,1024,12907,4096,32768,4194304,4096,512,4,0,6,0,4,0,638976,1024,513117,2,34112,1048576,4096,1048576,4096,0,0,34108,160,233472,401838,0,0,0,0,0,0,0,0,0,0,0,0,0,0,0,0,32768,660,0,0,0,0
20442,d64a2e8e21b9dd345095cbbe7a32ef47ac3d33012d350b9ec198db3838ca5eaa,1,11,144,3,0,4,0,65535,0,184,0,0,0,64,0,0,0,200,332,4,0,0,224,259,267,8,0,25088,81920,0,21488,4096,32768,4194304,4096,512,4,0,0,0,4,0,118784,1024,0,2,1024,1048576,4096,1048576,4096,0,0,33232,120,0,0,0,0,0,0,0,0,0,0,0,0,0,0,0,0,0,0,32768,348,0,0,0,0
20443,d779233bd09cb2c570f3a0965956c184e16d4e4783617f1d8b0c2b1e00d2a21a,1,11,144,3,0,4,0,65535,0,184,0,0,0,64,0,0,0,200,332,4,0,0,224,259,267,8,0,25088,81920,0,21488,4096,32768,4194304,4096,512,4,0,0,0,4,0,118784,1024,0,2,1024,1048576,4096,1048576,4096,0,0,33232,120,0,0,0,0,0,0,0,0,0,0,0,0,0,0,0,0,0,0,32768,348,0,0,0,0
20444,db32b7db15bcb9e7bb62465c78cd268cc62961f3d7038e4d52d2ac440f431108,1,11,144,3,0,4,0,65535,0,184,0,0,0,64,0,0,0,240,332,5,0,0,224,259,267,10,0,67072,44986368,0,9583,4096,73728,4194304,4096,512,5,1,0,0,5,1,45035520,1024,201758,2,33024,1048576,4096,1048576,4096,0,0,89532,60,44941312,92096,0,0,0,0,0,0,74176,28,0,0,0,0,83064,64,0,0,73728,376,0,0,0,0
20445,dc4f16af2ff3065b35e8b87c244c36013d228ed81f3f652d87637a968193a1c8,1,11,144,3,0,4,0,65535,0,184,0,0,0,64,0,0,0,208,332,5,0,0,224,259,267,8,0,30720,91648,0,26672,4096,36864,4194304,4096,512,4,0,0,0,4,0,135168,1024,0,2,1024,1048576,4096,1048576,4096,0,0,37516,140,131072,664,0,0,0,0,0,0,0,0,0,0,0,0,0,0,0,0,36864,488,0,0,0,0
20446,dc8fe9639a589c71112fc94da954701a72bcfc3f31df71ad52d10e6a5c3eb29f,1,11,144,3,0,4,0,65535,0,184,0,0,0,64,0,0,0,216,332,5,0,0,224,259,267,8,0,27136,87040,0,22944,4096,32768,4194304,4096,512,4,0,0,0,4,0,126976,1024,0,2,1024,1048576,4096,1048576,4096,0,0,33208,80,118784,4464,0,0,0,0,0,0,0,0,0,0,0,0,0,0,0,0,32768,316,0,0,0,0
20447,dffefbde27442b9095388b1871ffdc101c430b9a814138be4f962328a5b73fde,1,11,144,3,0,4,0,65535,0,184,0,0,0,64,0,0,0,200,332,5,0,0,224,271,267,6,0,25600,367104,1024,12907,4096,32768,4194304,4096,512,4,0,6,0,4,0,442368,1024,344675,2,34112,1048576,4096,1048576,4096,0,0,34108,160,233472,207106,0,0,0,0,0,0,0,0,0,0,0,0,0,0,0,0,32768,660,0,0,0,0
20448,e4133986284c2640065ed2cc5798ee1751479732c169a8728f41536306a42ba2,1,11,144,3,0,4,0,65535,0,184,0,0,0,64,0,0,0,216,332,5,0,0,224,259,267,8,0,26624,87040,0,22912,4096,32768,4194304,4096,512,4,0,0,0,4,0,126976,1024,0,2,1024,1048576,4096,1048576,4096,0,0,33208,80,118784,4464,0,0,0,0,0,0,0,0,0,0,0,0,0,0,0,0,32768,316,0,0,0,0
20449,e85e974255245ba41d391acc207908eeddb5ec95285e5375496a89617c5fb843,1,11,144,3,0,4,0,65535,0,184,0,0,0,64,0,0,0,200,332,5,0,0,224,271,267,6,0,26112,340992,1024,13128,4096,32768,4194304,4096,512,4,0,6,0,4,0,417792,1024,337760,2,34112,1048576,4096,1048576,4096,0,0,34116,160,233472,180812,0,0,0,0,0,0,0,0,0,0,0,0,0,0,0,0,32768,668,0,0,0,0
20450,e93c9326e4e8fc5bee71382d44b314180187d1f8fd2c64ab3a6050958076710c,1,11,144,3,0,4,0,65535,0,184,0,0,0,64,0,0,0,232,332,4,0,0,224,259,267,9,0,67584,26622976,0,9935,4096,73728,4194304,4096,512,5,0,0,0,5,0,26669056,1024,161210,2,33024,1048576,4096,1048576,4096,0,0,88104,60,26624000,43504,0,0,0,0,0,0,74272,28,0,0,81520,24,81448,64,0,0,73728,464,0,0,0,0
20451,eba743212808c7565cc2f69a3a72e4e8c8b3c4d666fffe4ac2ab740fc6be596f,1,11,144,3,0,4,0,65535,0,184,0,0,0,64,0,0,0,208,332,4,0,0,224,259,267,8,0,26112,81920,0,22352,4096,32768,4194304,4096,512,4,0,0,0,4,0,118784,1024,0,2,1024,1048576,4096,1048576,4096,0,0,33248,120,0,0,0,0,0,0,0,0,0,0,0,0,0,0,0,0,0,0,32768,356,0,0,0,0
20452,f2f496f56b33e0d7a1b81d879bbff3a237b083ddd977f106d7923ac2163ed3dc,1,11,144,3,0,4,0,65535,0,184,0,0,0,64,0,0,0,128,332,3,0,0,224,270,267,6,0,465408,413184,0,473434,8192,475136,4194304,8192,512,4,0,0,0,4,0,901120,512,0,2,34112,1048576,4096,1048576,4096,0,0,473344,87,475136,412492,0,0,0,0,892928,12,0,0,0,0,0,0,0,0,0,0,8192,8,0,0,8200,72
20453,f8b9df9ad59e5ca3f91c0fd59d53a172205b1fee47496e85ed0711e6a8981bdd,1,11,144,3,0,4,0,65535,0,184,0,0,0,64,0,0,0,208,332,5,0,0,224,259,267,8,0,30720,91648,0,26672,4096,36864,4194304,4096,512,4,0,0,0,4,0,135168,1024,0,2,1024,1048576,4096,1048576,4096,0,0,37516,140,131072,664,0,0,0,0,0,0,0,0,0,0,0,0,0,0,0,0,36864,488,0,0,0,0
20454,fa3621661fa0f97e266a8257980820cfd78272c11c7e2cfcd919fdf3356b3295,1,11,144,3,0,4,0,65535,0,184,0,0,0,64,0,0,0,208,332,5,0,0,224,259,267,8,0,30720,92160,0,26672,4096,36864,4194304,4096,512,4,0,0,0,4,0,135168,1024,0,2,1024,1048576,4096,1048576,4096,0,0,37516,140,131072,664,0,0,0,0,0,0,0,0,0,0,0,0,0,0,0,0,36864,488,0,0,0,0
20455,fc257f64a0279bb5ae221b968d3f38bbb7237a8475c165c5a8430fe6633e3fe6,1,11,144,3,0,4,0,65535,0,184,0,0,0,64,0,0,0,200,332,5,0,0,224,271,267,6,0,26112,182272,1024,13128,4096,32768,4194304,4096,512,4,0,6,0,4,0,258048,1024,126563,2,34112,1048576,4096,1048576,4096,0,0,34116,160,233472,22264,0,0,0,0,0,0,0,0,0,0,0,0,0,0,0,0,32768,668,0,0,0,0
20456,fe52d906fa596e7ae16633074ff7178b3ac40e26a93f0009f1b33d5cbf219e91,1,11,144,3,0,4,0,65535,0,184,0,0,0,64,0,0,0,208,332,5,0,0,224,259,267,8,0,24064,18432,0,22192,4096,28672,4194304,4096,512,4,0,0,0,4,0,57344,1024,0,2,1024,1048576,4096,1048576,4096,0,0,29284,120,53248,448,0,0,0,0,0,0,0,0,0,0,0,0,0,0,0,0,28672,428,0,0,0,0
20457,033d88301b55148a4498c2ec6b5209ad5f539c81b652e294889642a3aa0399c0,1,12,144,3,0,4,0,65535,0,184,0,0,0,64,0,0,0,224,332,4,0,0,224,8450,267,12,0,223744,140800,0,137792,4096,229376,268435456,4096,512,6,0,0,0,6,0,376832,1024,0,2,1344,1048576,4096,1048576,4096,0,0,290228,300,0,0,0,0,0,0,364544,9052,0,0,0,0,0,0,0,0,0,0,229376,720,0,0,0,0
20458,04e22ab46a8d5dc5fea6c41ea6fdc913b793a4e33df8f0bc1868b72b180c0e6e,1,12,144,3,0,4,0,65535,0,184,0,0,0,64,0,0,0,232,332,4,0,0,224,259,267,10,0,2042880,581632,0,1879702,4096,2048000,4194304,4096,512,5,1,0,0,5,1,2797568,1024,2685730,2,33024,1048576,4096,1048576,4096,0,0,2312012,340,2613248,180310,0,0,0,0,0,0,2051360,28,0,0,0,0,2224328,64,0,0,2048000,2336,0,0,0,0
20459,05297f8224bf663a3376a5983377e747a56256a18b30c914a2e10d5d5a144862,1,12,15333,5447,61610,28093,42253,141,8717,8763,63010,23586,60181,36237,42381,15245,63795,224,332,3,0,0,224,259,267,12,0,227328,130560,0,134992,4096,233472,4194304,4096,512,6,0,0,0,6,0,368640,1024,0,2,34048,1048576,4096,1048576,4096,0,0,293668,280,0,0,0,0,0,0,0,0,0,0,0,0,0,0,0,0,0,0,233472,692,0,0,0,0
20460,0624ac72025625c84cf14eb1bb30791f4c0ceb1114796c261fb2a02dc70fbac3,1,12,144,3,0,4,0,65535,0,184,0,0,0,64,0,0,0,224,332,3,0,0,224,259,267,12,0,240128,132096,0,137616,4096,245760,4194304,4096,512,6,0,0,0,6,0,380928,1024,0,2,34048,1048576,4096,1048576,4096,0,0,307236,300,0,0,0,0,0,0,0,0,0,0,0,0,0,0,0,0,0,0,245760,744,0,0,0,0
20461,067f1b8f1e0b2bfe286f5169e17834e8cf7f4266b8d97f28ea78995dc81b0e7b,1,12,144,3,0,4,0,65535,0,184,0,0,0,64,0,0,0,128,332,4,0,0,224,271,267,6,6,653824,98816,2560,49157,655360,655360,4194304,4096,512,4,0,0,0,4,0,765952,1024,769197,2,0,1048576,4096,1048576,4096,0,0,757760,80,659456,96044,0,0,0,0,0,0,0,0,0,0,0,0,0,0,536,72,657408,40,0,0,0,0
20462,0b9c99276ed36110afc58b3fb59ada135146180189c25d99618ca5897537ee21,1,12,144,3,0,4,0,65535,0,184,0,0,0,64,0,0,0,224,332,3,0,0,224,259,267,12,0,240128,132096,0,137616,4096,245760,4194304,4096,512,6,0,0,0,6,0,380928,1024,0,2,34048,1048576,4096,1048576,4096,0,0,307236,300,0,0,0,0,0,0,0,0,0,0,0,0,0,0,0,0,0,0,245760,744,0,0,0,0
20463,0d0a6f525dac3a44e345f33700160dc5bf32ac95c84ca1871836f6857db63c40,1,12,144,3,0,4,0,65535,0,184,0,0,0,64,0,0,0,240,332,3,0,0,224,259,267,12,0,241664,4096,151552,393168,155648,397312,4194304,4096,512,6,0,0,0,6,0,401408,4096,0,2,34048,1048576,4096,1048576,4096,0,0,397312,816,0,0,0,0,0,0,398128,12,0,0,0,0,0,0,0,0,0,0,0,0,0,0,0,0
20464,0e03b75972bc00a096a75f4eb6b2245dc23731ed683fcc48d9ed4045069aa0fd,1,12,144,3,0,4,0,65535,0,184,0,0,0,64,0,0,0,232,332,3,0,0,224,258,267,12,0,49152,1036288,1114112,1164816,1118208,1167360,4194304,4096,512,6,0,0,0,6,0,2203648,4096,0,2,33088,1048576,4096,1048576,4096,0,0,2200636,184,1167360,1033276,0,0,0,0,2200892,24,0,0,0,0,0,0,2200820,72,0,0,0,0,0,0,0,0
20465,0f489f6c5423d2c671655b14237dff2bd14cd8261c96e9a8c170980913f8d57e,1,12,144,3,0,4,0,65535,0,184,0,0,0,64,0,0,0,240,332,4,0,0,224,8450,267,12,0,231424,143360,0,136400,4096,237568,268435456,4096,512,6,0,0,0,6,0,385024,1024,0,2,1344,1048576,4096,1048576,4096,0,0,299076,300,0,0,0,0,0,0,372736,9588,0,0,0,0,0,0,0,0,0,0,237568,716,0,0,0,0
20466,0fb01d846e2682ed2507367d2d4537c45800304410b270a13e94f1ca778d161e,1,12,144,3,0,4,0,65535,0,184,0,0,0,64,0,0,0,240,332,4,0,0,224,258,267,12,0,229376,143360,0,136560,4096,233472,268435456,4096,512,6,0,0,0,6,0,380928,1024,0,2,1344,1048576,4096,1048576,4096,0,0,294980,300,0,0,0,0,0,0,368640,9396,0,0,0,0,0,0,0,0,0,0,233472,716,0,0,0,0
20467,1156e9951df46c4854cf9bc5bb96101b0b923c4e10adcffc286a0a1078fcb3da,1,12,144,3,0,4,0,65535,0,184,0,0,0,64,0,0,0,240,332,3,0,0,224,259,267,12,0,240128,133632,0,137456,4096,245760,4194304,4096,512,6,0,0,0,6,0,380928,1024,0,2,34048,1048576,4096,1048576,4096,0,0,307268,300,0,0,0,0,0,0,0,0,0,0,0,0,0,0,0,0,0,0,245760,716,0,0,0,0
20468,1161b030293e58d15b6a6a814a61a6432cf2c98ce9d156986157b432f3ebcf78,1,12,144,3,0,4,0,65535,0,184,0,0,0,64,0,0,0,128,332,3,0,0,224,271,267,6,6,683008,72704,4608,28425,4096,688128,4194304,4096,512,4,0,0,0,4,0,765952,1024,0,2,0,1048576,4096,1048576,4096,0,0,692284,100,696320,67808,0,0,0,0,0,0,0,0,0,0,0,0,0,0,0,0,692224,60,0,0,0,0
20469,138e4c4e33a36e147d296a4d9695e3adf1a33611d97e0365dd3884be1c26c60e,1,12,144,3,0,4,0,65535,0,184,0,0,0,64,0,0,0,216,332,4,0,0,224,258,267,12,0,69120,398336,0,28029,4096,73728,4194304,4096,512,6,0,0,0,6,0,479232,1024,0,2,33088,1048576,4096,1048576,4096,0,0,98432,80,0,0,0,0,0,0,471040,4836,0,0,0,0,0,0,96008,64,0,0,73728,356,0,0,0,0
20470,1de59d87840d41c7e779809708794ee9a9d5992f1ed113f3ede79aa6f33fd09d,1,12,144,3,0,4,0,65535,0,184,0,0,0,64,0,0,0,224,496,10,0,0,224,259,267,12,0,240640,8704,0,137696,4096,573440,4194304,4096,512,6,0,0,1,6,0,602112,1024,0,2,34048,1048576,4096,1048576,4096,0,0,593920,7680,0,0,0,0,0,0,0,0,0,0,0,0,0,0,0,0,0,0,595796,2903,0,0,0,0
20471,22ccc6a9a8834e08f190486524fb86b177f332b5835f4bd75f31b4b667271bb0,1,12,144,3,0,4,0,65535,0,184,0,0,0,64,0,0,0,224,332,3,0,0,224,259,267,12,0,240640,132096,0,137696,4096,245760,4194304,4096,512,6,0,0,0,6,0,380928,1024,0,2,34048,1048576,4096,1048576,4096,0,0,307236,300,0,0,0,0,0,0,0,0,0,0,0,0,0,0,0,0,0,0,245760,744,0,0,0,0
20472,2c69536793ab6f3a38bd0ab79d70ad8fb271b975c8c707175246f11d5be22f8c,1,12,144,3,0,4,0,65535,0,184,0,0,0,64,0,0,0,248,332,5,0,0,224,8450,267,12,0,67072,415232,0,18284,4096,73728,268435456,4096,512,6,0,0,0,6,0,495616,1024,0,2,320,1048576,4096,1048576,4096,95280,130,95412,40,487424,480,0,0,0,0,491520,4020,74080,56,0,0,0,0,93864,64,0,0,73728,288,0,0,0,0
20473,33afa2f1d53d5279b6fc87ce6834193fdd7e16e4b44e895aae4b9da00be0c502,1,12,144,3,0,4,0,65535,0,184,0,0,0,64,0,0,0,240,332,3,0,0,224,259,267,12,0,226816,132608,0,134640,4096,233472,4194304,4096,512,6,0,0,0,6,0,368640,1024,0,2,34048,1048576,4096,1048576,4096,0,0,293924,280,0,0,0,0,0,0,0,0,0,0,0,0,0,0,0,0,0,0,233472,704,0,0,0,0
20474,3645ca9ccd69bb7bef64843e8d79e20e98faee45c94f56dccb67a83616f8f827,1,12,144,3,0,4,0,65535,0,184,0,0,0,64,0,0,0,224,332,4,0,0,224,259,267,12,0,240640,8192,0,137696,4096,380928,4194304,4096,512,6,0,0,0,6,0,389120,1024,0,2,34048,1048576,4096,1048576,4096,0,0,307236,300,0,0,0,0,0,0,0,0,0,0,0,0,0,0,0,0,0,0,245760,744,0,0,0,0
20475,3885589a3c94d0475a6d994e4644e682f4cff93f8b4d65f37508ffe706861363,1,12,144,3,0,4,0,65535,0,184,0,0,0,64,0,0,0,232,332,4,0,0,224,258,267,12,0,72704,398848,0,31277,4096,77824,4194304,4096,512,6,0,0,0,6,0,483328,1024,0,2,33088,1048576,4096,1048576,4096,0,0,102608,120,0,0,0,0,0,0,475136,4940,0,0,0,0,0,0,100184,64,0,0,77824,428,0,0,0,0
20476,4263eacd358d5ef9efacff1f63ff79487639136c0268938755a4bfe3f5797167,1,12,21061,232,0,22528,59523,35593,33736,15552,139,49411,49283,808,65288,0,0,192,332,1,0,0,224,258,267,10,0,913408,0,0,4096,4096,913408,4194304,4096,512,5,1,0,0,5,1,917504,512,0,2,33024,1048576,4096,1048576,4096,0,0,0,0,0,0,0,0,0,0,0,0,0,0,0,0,0,0,0,0,0,0,0,0,0,0,0,0
20477,4674a5f259bdca4233d6e20c7797dd66db2a841be82dc9b73b71e04c51b546c9,1,12,144,3,0,4,0,65535,0,184,0,0,0,64,0,0,0,224,332,3,0,0,224,259,267,12,0,227328,130560,0,134992,4096,233472,4194304,4096,512,6,0,0,0,6,0,368640,1024,0,2,34048,1048576,4096,1048576,4096,0,0,293668,280,0,0,0,0,0,0,0,0,0,0,0,0,0,0,0,0,0,0,233472,692,0,0,0,0
20478,4744bd1157df9fd3864cd5cbfd46cfc167d7708ff6414aee4a034bbab1e03272,1,12,144,3,0,4,0,65535,0,184,0,0,0,64,0,0,0,240,332,3,0,0,224,259,267,12,0,226816,132608,0,134640,4096,233472,4194304,4096,512,6,0,0,0,6,0,368640,1024,0,2,34048,1048576,4096,1048576,4096,0,0,293924,280,0,0,0,0,0,0,0,0,0,0,0,0,0,0,0,0,0,0,233472,704,0,0,0,0
20479,485da83d711d4f9b1f968c7c7e62b30a9987e7cc5a961e5b92a4ab9fcb11611d,1,12,144,3,0,4,0,65535,0,184,0,0,0,64,0,0,0,224,332,4,0,0,224,259,267,12,0,240640,22016,0,137696,4096,380928,4194304,4096,512,6,0,0,0,6,0,405504,1024,0,2,34048,1048576,4096,1048576,4096,0,0,307236,300,0,0,0,0,0,0,0,0,0,0,0,0,0,0,0,0,0,0,245760,744,0,0,0,0
20480,4a95493039deedeceb37ae0c4065f0c55dac7f6ec66a691acea0a693a830cfb0,1,12,144,3,0,4,0,65535,0,184,0,0,0,64,0,0,0,224,332,4,0,0,224,259,267,12,0,240640,22016,0,137696,4096,380928,4194304,4096,512,6,0,0,0,6,0,405504,1024,0,2,34048,1048576,4096,1048576,4096,0,0,307236,300,0,0,0,0,0,0,0,0,0,0,0,0,0,0,0,0,0,0,245760,744,0,0,0,0
20481,4c051e7271b06cf26f59d2076be6e543595ae8599d7c62b55dbfbc438d6e4fe8,1,12,144,3,0,4,0,65535,0,184,0,0,0,64,0,0,0,248,332,5,0,0,224,8450,267,12,0,67072,414720,0,18284,4096,73728,268435456,4096,512,6,0,0,0,6,0,495616,1024,0,2,320,1048576,4096,1048576,4096,95248,127,95376,40,487424,480,0,0,0,0,491520,4020,74080,56,0,0,0,0,93832,64,0,0,73728,288,0,0,0,0
20482,4debcfc3bae9fdb89f223c050e7b5ce3e63783ce811781e4721f112743fecebe,1,12,144,3,0,4,0,65535,0,184,0,0,0,64,0,0,0,232,332,4,0,0,224,258,267,12,0,72704,398848,0,31277,4096,77824,4194304,4096,512,6,0,0,0,6,0,483328,1024,0,2,33088,1048576,4096,1048576,4096,0,0,102608,120,0,0,0,0,0,0,475136,4940,0,0,0,0,0,0,100184,64,0,0,77824,428,0,0,0,0
20483,4e2554b448424859b508433e6c4a043718343febc7894a849f446dd197b47d1e,1,12,144,3,0,4,0,65535,0,184,0,0,0,64,0,0,0,224,332,3,0,0,224,259,267,12,0,227328,130560,0,134992,4096,233472,4194304,4096,512,6,0,0,0,6,0,368640,1024,0,2,34048,1048576,4096,1048576,4096,0,0,293668,280,0,0,0,0,0,0,0,0,0,0,0,0,0,0,0,0,0,0,233472,692,0,0,0,0
20484,4feb2e00c0dc0c42f42fd2c93f48e350c37386768e7774f82cdc98c8bc8dbc69,1,12,144,3,0,4,0,65535,0,184,0,0,0,64,0,0,0,224,332,3,0,0,224,259,267,12,0,228864,132608,0,136704,4096,233472,4194304,4096,512,6,0,0,0,6,0,368640,1024,0,2,34048,1048576,4096,1048576,4096,0,0,294324,300,0,0,0,0,0,0,0,0,0,0,0,0,0,0,0,0,0,0,233472,720,0,0,0,0
20485,5094956aca00a39f205b83898e38dac3ef5c75781acf4c619af290079dea641b,1,12,144,3,0,4,0,65535,0,184,0,0,0,64,0,0,0,224,332,4,0,0,224,259,267,12,0,240640,53248,0,137696,4096,380928,4194304,4096,512,6,0,0,0,6,0,434176,1024,0,2,34048,1048576,4096,1048576,4096,0,0,307236,300,0,0,0,0,0,0,0,0,0,0,0,0,0,0,0,0,0,0,245760,744,0,0,0,0
20486,512cdfb0645fb0fe040c2ba7d37625cde03c2d0fe32966558f5374a19afa65ea,1,12,144,3,0,4,0,65535,0,184,0,0,0,64,0,0,0,224,332,3,0,0,224,259,267,12,0,240640,132096,0,137696,4096,245760,4194304,4096,512,6,0,0,0,6,0,380928,1024,0,2,34048,1048576,4096,1048576,4096,0,0,307236,300,0,0,0,0,0,0,0,0,0,0,0,0,0,0,0,0,0,0,245760,744,0,0,0,0
20487,5acbcc1df967d37bf86e429030c9c8ad43e84c8ec5d74bfe3737816c74994c18,1,12,144,3,0,4,0,65535,0,184,0,0,0,64,0,0,0,224,332,3,0,0,224,259,267,12,0,240128,132096,0,137616,4096,245760,4194304,4096,512,5,0,0,0,5,0,380928,1024,0,2,34048,1048576,4096,1048576,4096,0,0,307236,300,0,0,0,0,0,0,0,0,0,0,0,0,0,0,0,0,0,0,245760,744,0,0,0,0
20488,65c5d3e814ea91a79ce2864cd0e62c5683538d9724eb3122c5d9a3a4981ba52e,1,12,144,3,0,4,0,65535,0,184,0,0,0,64,0,0,0,224,332,3,0,0,224,259,267,12,0,230400,131584,0,138480,4096,237568,4194304,4096,512,6,0,0,0,6,0,372736,1024,0,2,34048,1048576,4096,1048576,4096,0,0,298420,300,0,0,0,0,0,0,0,0,0,0,0,0,0,0,0,0,0,0,237568,720,0,0,0,0
20489,7619b76b2b82ebb0e4d682a63ba22c8d776718e4e94feb72f1219b2ca6bc2ac7,1,12,144,3,0,4,0,65535,0,184,0,0,0,64,0,0,0,224,332,4,0,0,224,259,267,12,0,240640,16384,0,137696,4096,380928,4194304,4096,512,6,0,0,0,6,0,397312,1024,0,2,34048,1048576,4096,1048576,4096,0,0,307236,300,0,0,0,0,0,0,0,0,0,0,0,0,0,0,0,0,0,0,245760,744,0,0,0,0
20490,7642b9322ad6492c843c3f11c7c6c33157a903610cd1d7e8b46634330b355480,1,12,144,3,0,4,0,65535,0,184,0,0,0,64,0,0,0,224,332,3,0,0,224,259,267,12,0,225280,130560,0,134304,4096,229376,4194304,4096,512,6,0,0,0,6,0,364544,1024,0,2,34048,1048576,4096,1048576,4096,0,0,289572,280,0,0,0,0,0,0,0,0,0,0,0,0,0,0,0,0,0,0,229376,692,0,0,0,0
20491,767e8ba21d351fa1d93dbd9224d60b29b806221c9c5d30f24c6a4a5f73f3a6c1,1,12,144,3,0,4,0,65535,0,184,0,0,0,64,0,0,0,224,332,3,0,0,224,259,267,12,0,240128,132096,0,137616,4096,245760,4194304,4096,512,5,0,0,0,5,0,380928,1024,0,2,34048,1048576,4096,1048576,4096,0,0,307236,300,0,0,0,0,0,0,0,0,0,0,0,0,0,0,0,0,0,0,245760,744,0,0,0,0
20492,7f725e79ec9e7b2ffddb48296f6d9aeee9601a02a1645a20077844f1d9874684,1,12,144,3,0,4,0,65535,0,184,0,0,0,64,0,0,0,224,332,3,0,0,224,259,267,12,0,227328,130560,0,134992,4096,233472,4194304,4096,512,6,0,0,0,6,0,368640,1024,0,2,34048,1048576,4096,1048576,4096,0,0,293668,280,0,0,0,0,0,0,0,0,0,0,0,0,0,0,0,0,0,0,233472,692,0,0,0,0
20493,82ed2f75ac5249c733fd98cad6f9f9de4a3a624852d3ce49fbca03ac97dd5002,1,12,144,3,0,4,0,65535,0,184,0,0,0,64,0,0,0,224,332,4,0,0,224,259,267,12,0,484864,484864,0,368640,4096,233472,4194304,4096,4096,6,0,0,0,6,0,503808,4096,0,2,34048,1048576,4096,1048576,4096,0,0,495616,1340,0,0,0,0,0,0,0,0,0,0,0,0,0,0,0,0,0,0,233472,692,0,0,0,0
20494,877c439da147bab8e2c32f03814e3973c22cbcd112d35bc2735b803ac9113da1,1,12,144,3,0,4,0,65535,0,184,0,0,0,64,0,0,0,224,332,3,0,0,224,259,267,12,0,240640,132096,0,137696,4096,245760,4194304,4096,512,6,0,0,0,6,0,380928,1024,0,2,34048,1048576,4096,1048576,4096,0,0,307236,300,0,0,0,0,0,0,0,0,0,0,0,0,0,0,0,0,0,0,245760,744,0,0,0,0
20495,a6bf25b3bfc2ab57ad8c1c7e130379a3a4dc0a97b6b3da04e27db79ed361e697,1,12,144,3,0,4,0,65535,0,184,0,0,0,64,0,0,0,248,332,5,0,0,224,8450,267,12,0,67072,415232,0,18284,4096,73728,268435456,4096,512,6,0,0,0,6,0,495616,1024,0,2,320,1048576,4096,1048576,4096,95248,127,95376,40,487424,480,0,0,0,0,491520,4020,74080,56,0,0,0,0,93832,64,0,0,73728,288,0,0,0,0
20496,ac457fc7c907ca04a4aa2e243d4b5120c58d338b44771c84e0d282d625d463a0,1,12,144,3,0,4,0,65535,0,184,0,0,0,64,0,0,0,240,332,3,0,0,224,259,267,12,0,237568,133632,0,136112,4096,241664,4194304,4096,512,6,0,0,0,6,0,376832,1024,0,2,34048,1048576,4096,1048576,4096,0,0,303156,300,0,0,0,0,0,0,0,0,0,0,0,0,0,0,0,0,0,0,241664,716,0,0,0,0
20497,b62c47fe08cdb67d2a9754ea95ce87aeb7bfb6a7fd0ae10e919494d4bbd234a0,1,12,144,3,0,4,0,65535,0,184,0,0,0,64,0,0,0,224,332,3,0,0,224,259,267,12,0,240640,132096,0,137696,4096,245760,4194304,4096,512,6,0,0,0,6,0,380928,1024,0,2,34048,1048576,4096,1048576,4096,0,0,307236,300,0,0,0,0,0,0,0,0,0,0,0,0,0,0,0,0,0,0,245760,744,0,0,0,0
20498,b8522cf655bc40aeb9e0f0ed9f5e423dc6f7148f2525ec2609d1f2d75c55772d,1,12,144,3,0,4,0,65535,0,184,0,0,0,64,0,0,0,224,34404,4,0,0,224,259,267,12,0,227328,130560,0,134992,4096,233472,4194304,4096,512,6,0,0,0,6,0,376832,1024,0,2,34048,1048576,4096,1048576,4096,0,0,368640,7168,0,0,0,0,0,0,0,0,0,0,0,0,0,0,0,0,0,0,370340,2667,0,0,0,0
20499,bc7f37b3ff2b3cc9bfc297a077ffe76dd49d63b51e9bd85c105373b235642734,1,12,144,3,0,4,0,65535,0,184,0,0,0,64,0,0,0,224,43620,5,0,0,224,259,267,12,0,240640,132096,0,137696,4096,245760,4194304,4096,512,6,0,0,0,6,0,397312,1024,0,2,34048,1048576,4096,1048576,4096,0,0,389120,7680,0,0,0,0,0,0,0,0,0,0,0,0,0,0,0,0,0,0,390944,2893,0,0,0,0
20500,c212469a0a0f7956bb05cf955b846d31f905df8458f09645f3da51cd341a8fe5,1,12,144,3,0,4,0,65535,0,184,0,0,0,64,0,0,0,224,332,4,0,0,224,259,267,12,0,240640,66048,0,137696,4096,380928,4194304,4096,512,6,0,0,0,6,0,450560,1024,0,2,34048,1048576,4096,1048576,4096,0,0,307236,300,0,0,0,0,0,0,0,0,0,0,0,0,0,0,0,0,0,0,245760,744,0,0,0,0
20501,c926460840e4a88cd8f45cfabd4e59dcf804f97e502d773ee528c7dd7dd80ace,1,12,144,3,0,4,0,65535,0,184,0,0,0,64,0,0,0,224,332,6,0,0,224,259,267,12,0,240640,280576,0,137696,4096,397312,4194304,4096,512,6,0,0,0,6,0,679936,1024,0,2,34048,1048576,4096,1048576,4096,0,0,389120,7168,0,0,0,0,0,0,0,0,0,0,0,0,0,0,0,0,0,0,390916,2851,0,0,0,0
20502,d65fa9ed1220cfa12d22239ca62a4b5978bb613090fc1dcb0cccdf191151d125,1,12,144,3,0,4,0,65535,0,184,0,0,0,64,0,0,0,224,332,3,0,0,224,259,267,12,0,228352,130560,0,134912,4096,233472,4194304,4096,512,6,0,0,0,6,0,365440,1024,0,2,34048,1048576,4096,1048576,4096,0,0,293668,280,0,0,0,0,0,0,0,0,0,0,0,0,0,0,0,0,0,0,233472,692,0,0,0,0
20503,ddf779192b026a7c9e207b4fa65a8cf134cb4a6ed21aa768958a8cb8332fef69,1,12,144,3,0,4,0,65535,0,184,0,0,0,64,0,0,0,224,332,3,0,0,224,259,267,12,0,240128,132096,0,137696,4096,245760,4194304,4096,512,6,0,0,0,6,0,380928,1024,0,2,34048,1048576,4096,1048576,4096,0,0,307236,300,0,0,0,0,0,0,0,0,0,0,0,0,0,0,0,0,0,0,245760,744,0,0,0,0
20504,e8a091a84dd2ea7ee429135ff48e9f48f7787637ccb79f6c3eb42f34588bc684,1,12,144,3,0,4,0,65535,0,184,0,0,0,64,0,0,0,232,332,4,0,0,224,258,267,12,0,82432,409088,0,40871,4096,90112,4194304,4096,512,6,0,0,0,6,0,507904,1024,0,2,33088,1048576,4096,1048576,4096,0,0,114472,60,0,0,0,0,0,0,499712,4628,0,0,0,0,0,0,112152,64,0,0,90112,296,0,0,0,0
20505,ecd04ebbb3df053ce4efa2b73912fd4d086d1720f9b410235ee9c1e529ea52a2,1,12,144,3,0,4,0,65535,0,184,0,0,0,64,0,0,0,224,332,3,0,0,224,259,267,12,0,240128,132096,0,137696,4096,245760,4194304,4096,512,6,0,0,0,6,0,380928,1024,0,2,34048,1048576,4096,1048576,4096,0,0,307236,300,0,0,0,0,0,0,0,0,0,0,0,0,0,0,0,0,0,0,245760,744,0,0,0,0
20506,f03172bd32ed16df6dda8e8146d24b073b864da59d669218fcc5e97835a5e956,1,12,144,3,0,4,0,65535,0,184,0,0,0,64,0,0,0,224,332,3,0,0,224,259,267,12,0,240640,132096,0,137696,4096,245760,4194304,4096,512,6,0,0,0,6,0,380928,1024,0,2,34048,1048576,4096,1048576,4096,0,0,307236,300,0,0,0,0,0,0,0,0,0,0,0,0,0,0,0,0,0,0,245760,744,0,0,0,0
20507,00ed4c347cd62526226363a0aceb851b2ef7e3a4da78433a28f2cd6cbd5f1b99,1,13,144,3,0,4,0,65535,0,184,0,0,0,64,0,0,0,256,34404,6,0,0,240,34,523,14,12,27136,41472,512,21464,4096,0,5368709120,4096,512,6,0,0,0,6,0,90112,1024,0,2,32864,1048576,4096,1048576,4096,0,0,54464,260,0,0,81920,888,0,0,86016,212,0,0,0,0,0,0,0,0,0,0,36864,1120,0,0,0,0
20508,0aa8099c5a65062ba4baec8274e1a0650ff36e757a91312e1755fded50a79d47,1,13,144,3,0,4,0,65535,0,184,0,0,0,64,0,0,0,240,34404,6,0,0,240,34,523,14,12,10240,87040,512,12068,4096,0,5368709120,4096,512,6,0,0,0,6,0,114688,1024,0,2,32864,1048576,4096,1048576,4096,0,0,54892,140,0,0,102400,408,0,0,106496,5816,0,0,0,0,0,0,0,0,0,0,20480,624,0,0,0,0
20509,187610fb06cc60c73c0062b593c5fe3ba29e0436e396969feb9ed25391ff7e8b,1,13,144,3,0,4,0,65535,0,184,0,0,0,64,0,0,0,248,34404,6,0,0,240,34,523,14,12,16896,32256,512,16704,4096,0,5368709120,4096,512,6,0,0,0,6,0,73728,1024,0,2,32864,1048576,4096,1048576,4096,0,0,38664,160,0,0,65536,420,0,0,69632,188,0,0,0,0,0,0,0,0,0,0,28672,752,0,0,0,0
20510,226a723ffb4a91d9950a8b266167c5b354ab0db1dc225578494917fe53867ef2,1,13,144,3,0,4,0,65535,0,184,0,0,0,64,0,0,0,192,332,3,0,0,224,271,267,6,0,151552,49152,0,8480,4096,155648,4194304,4096,4096,4,0,1,0,4,0,221184,4096,229159,2,0,1048576,4096,1048576,4096,0,0,152100,40,176128,44816,0,0,0,0,0,0,0,0,0,0,0,0,0,0,560,32,4096,536,0,0,0,0
20511,4a5ac3c6f8383cc33c795804ba5f7f5553c029bbb4a6d28f1e4d8fb5107902c1,1,13,144,3,0,4,0,65535,0,184,0,0,0,64,0,0,0,256,34404,6,0,0,240,34,523,14,12,27136,41472,512,21464,4096,0,5368709120,4096,512,6,0,0,0,6,0,90112,1024,0,2,32864,1048576,4096,1048576,4096,0,0,54464,260,0,0,81920,888,0,0,86016,212,0,0,0,0,0,0,0,0,0,0,36864,1120,0,0,0,0
20512,4b917b60f4df6d6d08e895d179a22dcb7c38c6a6a6f39c96c3ded10368d86273,1,13,144,3,0,4,0,65535,0,184,0,0,0,64,0,0,0,240,332,5,0,0,224,258,267,14,12,8704,70656,512,10524,4096,16384,4194304,4096,512,5,1,0,0,5,1,94208,1024,0,2,32832,1048576,4096,1048576,4096,0,0,51056,140,0,0,0,0,0,0,86016,6496,0,0,0,0,0,0,0,0,0,0,20480,320,0,0,0,0
20513,5eae13527d4e39059025c3e56dad966cf67476fe7830090e40c14d0a4046adf0,1,13,144,3,0,4,0,65535,0,184,0,0,0,64,0,0,0,240,34404,6,0,0,240,34,523,14,12,10240,87040,512,12068,4096,0,5368709120,4096,512,6,0,0,0,6,0,114688,1024,0,2,32864,1048576,4096,1048576,4096,0,0,54892,140,0,0,102400,408,0,0,106496,5816,0,0,0,0,0,0,0,0,0,0,20480,624,0,0,0,0
20514,8b539f3ba05fe82c4f992ffbeb6ab55151b36dce2d03b64721e966dedf82be81,1,13,144,3,0,4,0,65535,0,184,0,0,0,64,0,0,0,248,34404,6,0,0,240,34,523,14,12,16896,32256,512,16704,4096,0,5368709120,4096,512,6,0,0,0,6,0,73728,1024,0,2,32864,1048576,4096,1048576,4096,0,0,38664,160,0,0,65536,420,0,0,69632,188,0,0,0,0,0,0,0,0,0,0,28672,752,0,0,0,0
20515,96056182d93b582b3d56bd82a560bafd5cde413c4ca216f4f62ab446c61c9b6a,1,13,144,3,0,4,0,65535,0,184,0,0,0,64,0,0,0,208,332,5,0,0,224,258,267,14,12,5632,66048,66560,7218,4096,12288,4194304,4096,512,5,1,0,0,5,1,151552,1024,0,2,32832,1048576,4096,1048576,4096,0,0,111952,140,0,0,0,0,0,0,143360,5988,0,0,0,0,0,0,0,0,0,0,81920,272,0,0,0,0
20516,b26749b17ca691328ba67ee49d4d9997c101966c607ab578afad204459b7bf8f,1,13,144,3,0,4,0,65535,0,184,0,0,0,64,0,0,0,224,332,4,0,0,224,259,267,9,0,85504,41464320,0,22191,4096,90112,4194304,4096,512,5,0,0,0,5,0,41517056,1024,214817,2,33024,1048576,4096,1048576,4096,0,0,106436,60,41488384,26704,0,0,0,0,0,0,90688,28,0,0,0,0,0,0,0,0,90112,488,0,0,0,0
20517,d228d35fcc1dfff6e5cb2a251f6dd4b1306f9e21faffe99bef0fd0aedd830e4e,1,13,144,3,0,4,0,65535,0,184,0,0,0,64,0,0,0,256,34404,6,0,0,240,34,523,14,12,26112,40960,512,21756,4096,0,5368709120,4096,512,6,0,0,0,6,0,90112,1024,0,2,32864,1048576,4096,1048576,4096,0,0,53976,260,0,0,81920,852,0,0,86016,220,0,0,0,0,0,0,0,0,0,0,36864,1088,0,0,0,0
20518,e435a95489a4ebdfdc12031091f92a7f9c5e3f6cc9b55355ee4030d82553e9ac,1,13,144,3,0,4,0,65535,0,184,0,0,0,64,0,0,0,232,34404,6,0,0,240,34,523,14,12,12800,35840,512,14216,4096,0,5368709120,4096,512,6,0,0,0,6,0,69632,1024,0,2,32864,1048576,4096,1048576,4096,0,0,33012,120,0,0,61440,444,0,0,65536,88,0,0,0,0,0,0,0,0,0,0,24576,688,0,0,0,0
20519,e7c277aae66085f1e0c4789fe51cac50e3ea86d79c8a242ffc066ed0b0548037,1,13,144,3,0,4,0,65535,0,184,0,0,0,64,0,0,0,184,332,3,0,0,224,271,267,6,0,491520,49152,0,7304,4096,495616,4194304,4096,4096,4,0,1,0,4,0,561152,4096,513122,2,0,1048576,4096,1048576,4096,0,0,490276,100,516096,44968,0,0,0,0,0,0,0,0,0,0,0,0,0,0,552,92,4096,608,0,0,0,0
20520,f570d5b17671e6f3e56eae6ad87be3a6bbfac46c677e478618afd9f59bf35963,1,13,144,3,0,4,0,65535,0,184,0,0,0,64,0,0,0,240,34404,6,0,0,240,34,523,14,12,10240,87040,512,12068,4096,0,5368709120,4096,512,6,0,0,0,6,0,114688,1024,0,2,32864,1048576,4096,1048576,4096,0,0,54892,140,0,0,102400,408,0,0,106496,5816,0,0,0,0,0,0,0,0,0,0,20480,624,0,0,0,0
20521,006c9ba4ca0218e7bd2c7c21653497d3215bbeefbc1f5c2781549b306bab8e5e,1,14,144,3,4,0,0,65535,0,139,0,0,0,64,0,0,0,128,34404,15,2997760,4183,240,546,523,3,0,1118720,110080,0,423008,4096,0,4194304,4096,512,6,1,1,0,6,1,3440640,1536,3182592,3,33120,2097152,4096,1048576,4096,0,0,3211264,1184,0,0,0,0,3176448,3584,3215360,42092,0,0,0,0,0,0,0,0,0,0,2105376,328,0,0,0,0
20522,08c7dfde13ade4b13350ae290616d7c2f4a87cbeac9a3886e90a175ee40fb641,1,14,144,3,0,4,0,65535,0,184,0,0,0,64,0,0,0,232,332,4,0,0,224,258,267,10,0,33280,29184,0,16196,4096,40960,4194304,4096,512,5,1,0,0,5,1,73728,1024,71521,2,33088,1048576,4096,1048576,4096,0,0,54988,100,0,0,0,0,59904,7472,65536,2640,41392,28,0,0,0,0,52944,64,0,0,40960,368,0,0,0,0
20523,0bafde9b22d7147de8fdb852bcd529b1730acddc9eb71316b66c180106f777f5,1,14,144,3,4,0,0,65535,0,139,0,0,0,64,0,0,0,128,34404,12,2931712,4556,240,547,523,3,0,1892864,102400,0,334976,4096,0,4194304,4096,512,4,0,1,0,4,0,3284992,1536,3166802,2,0,2097152,4096,1048576,4096,0,0,3084288,1022,0,0,0,0,3126272,7456,0,0,0,0,0,0,0,0,0,0,0,0,1900544,280,0,0,0,0
20524,1161e87c0774d03275e052e4be90b58fa063eb040c34aa29829b0681926d6022,1,14,144,3,0,4,0,65535,0,184,0,0,0,64,0,0,0,232,332,3,0,0,224,259,267,10,0,81920,23566848,0,12109,4096,86016,4194304,4096,512,5,1,0,0,5,1,23646208,1024,191120,2,32768,1048576,4096,1048576,4096,0,0,84124,60,23592960,52328,0,0,0,0,0,0,4464,28,0,0,0,0,10400,64,0,0,4096,300,0,0,0,0
20525,148845af1fc1221f27992cac24273aada38ef2482624850897bce87413f79888,1,14,144,3,4,0,0,65535,0,139,0,0,0,64,0,0,0,128,332,14,2454016,4435,224,771,267,3,0,837632,83456,0,295104,4096,1777664,4194304,4096,512,4,0,1,0,4,0,2760704,1024,0,3,0,1048576,4096,1048576,4096,0,0,2564096,902,0,0,0,0,0,0,0,0,0,0,0,0,0,0,0,0,0,0,1777664,144,0,0,0,0
20526,1e519cc1c302778535315ebfb4d6b1113ee81904644a8be5afa67bdd9474827a,1,14,144,3,4,0,0,65535,0,139,0,0,0,64,0,0,0,128,332,14,2195968,4054,224,771,267,3,0,734720,80896,0,294368,4096,1589248,4194304,4096,512,4,0,1,0,4,0,2490368,1024,2405602,3,0,1048576,4096,1048576,4096,0,0,2310144,902,0,0,0,0,2368512,7216,0,0,0,0,0,0,0,0,0,0,0,0,1589248,144,0,0,0,0
20527,24ada19b269279612370bdf16f2becc1d5b7e0f69821050e2d9b48cfc874dca0,1,14,144,3,0,4,0,65535,0,184,0,0,0,64,0,0,0,192,332,3,0,0,224,259,267,10,0,6144,5632,0,9587,4096,12288,4194304,4096,512,5,1,0,0,5,1,24576,1024,55617,2,34048,1048576,4096,1048576,4096,0,0,16780,40,0,0,0,0,12800,7488,0,0,12400,28,0,0,0,0,0,0,0,0,12288,104,0,0,0,0
20528,2d4b2b807ace9dfc3f13962c65f1b6b9b6ba80394c517729ada50d6302792d9c,1,14,144,3,4,0,0,65535,0,139,0,0,0,64,0,0,0,128,34404,15,3308544,4494,240,546,523,3,0,1250304,118784,0,426112,4096,0,4194304,4096,512,6,1,1,0,6,1,3768320,1536,0,3,33120,2097152,4096,1048576,4096,0,0,3518464,1184,0,0,0,0,0,0,3522560,46196,0,0,0,0,0,0,0,0,0,0,2334752,328,0,0,0,0
20529,353ee5805bc5c7a98fb5d522b15743055484dc47144535628d102a4098532cd5,1,14,144,3,0,4,0,65535,0,184,0,0,0,64,0,0,0,192,332,4,0,0,224,258,267,10,0,6656,7168,0,10456,4096,12288,4194304,4096,512,5,1,0,0,5,1,28672,1024,78776,2,34112,1048576,4096,1048576,4096,0,0,16644,40,0,0,0,0,14848,3576,24576,928,0,0,0,0,0,0,0,0,0,0,12288,124,0,0,0,0
20530,3bac058dbea51f52ce154fed0325fd835f35c1cd521462ce048b41c9b099e1e5,1,14,144,3,0,4,0,65535,0,184,0,0,0,64,0,0,0,192,332,4,0,0,224,258,267,10,0,6656,7168,0,10456,4096,12288,4194304,4096,512,5,1,0,0,5,1,28672,1024,0,2,34112,1048576,4096,1048576,4096,0,0,16644,40,0,0,0,0,0,0,24576,928,0,0,0,0,0,0,0,0,0,0,12288,124,0,0,0,0
20531,45e35c9b095871fbc9b85afff4e79dd36b7812b96a302e1ccc65ce7668667fe6,1,14,144,3,4,0,0,65535,0,139,0,0,0,64,0,0,0,128,332,14,2692096,4718,224,771,267,3,0,924160,91136,0,297056,4096,1953792,4194304,4096,512,4,0,1,0,4,0,3006464,1024,2948457,3,0,1048576,4096,1048576,4096,0,0,2797568,902,0,0,0,0,2893824,7216,0,0,0,0,0,0,0,0,0,0,0,0,1953792,144,0,0,0,0
20532,511fee839098dfa28dd859ffd3ece5148be13bfb83baa807ed7cac2200103390,1,14,144,3,4,0,0,65535,0,139,0,0,0,64,0,0,0,128,34404,15,3308544,4494,240,546,523,3,0,1250304,118784,0,426112,4096,0,4194304,4096,512,6,1,1,0,6,1,3768320,1536,3513274,3,33120,2097152,4096,1048576,4096,0,0,3518464,1184,0,0,0,0,3502080,6496,3522560,46196,0,0,0,0,0,0,0,0,0,0,2334752,328,0,0,0,0
20533,52e25bdd600695cfed0d4ee3aca4f121bfebf0de889593e6ba06282845cf39ea,1,14,144,3,0,4,0,65535,0,184,0,0,0,64,0,0,0,240,332,4,0,0,224,258,267,9,0,44032,4387840,0,27384,4096,49152,16777216,4096,512,6,1,6,1,5,0,4448256,1024,4451016,2,33088,262144,8192,1048576,4096,0,0,44300,160,61440,4382468,0,0,0,0,4444160,2088,4768,28,0,0,0,0,5872,64,0,0,4096,640,0,0,0,0
20534,5ab834f599c6ad35fcd0a168d93c52c399c6de7d1c20f33e25cb1fdb25aec9c6,1,14,144,3,0,4,0,65535,0,184,0,0,0,64,0,0,0,232,332,3,0,0,224,258,267,10,0,28672,4096,49152,80096,53248,81920,4194304,4096,512,5,1,0,0,5,1,86016,4096,0,2,33088,1048576,4096,1048576,4096,0,0,81920,340,0,0,0,0,0,0,82260,16,0,0,0,0,0,0,80540,72,0,0,0,0,0,0,0,0
20535,7a73032ece59af3316c4a64490344ee111e4cb06aaf00b4a96c10adfdd655599,1,14,144,3,0,4,0,65535,0,184,0,0,0,64,0,0,0,232,332,4,0,0,224,258,267,10,0,33280,29184,0,16196,4096,40960,4194304,4096,512,5,1,0,0,5,1,73728,4096,0,2,33088,1048576,4096,1048576,4096,0,0,54988,100,0,0,0,0,0,0,0,0,0,0,0,0,0,0,52944,64,0,0,0,0,0,0,0,0
20536,7de8ca88e240fb905fc2e8fd5db6c5af82d8e21556f0ae36d055f623128c3377,1,14,144,3,0,4,0,65535,0,184,0,0,0,64,0,0,0,192,332,4,0,0,224,258,267,10,0,6656,7168,0,10456,4096,12288,4194304,4096,512,5,1,0,0,5,1,28672,1024,78776,2,34112,1048576,4096,1048576,4096,0,0,16644,40,0,0,0,0,14848,3576,24576,928,0,0,0,0,0,0,0,0,0,0,12288,124,0,0,0,0
20537,8be1c54a1a4d07c84b7454e789a26f04a30ca09933b41475423167e232abea2b,1,14,144,3,0,4,0,65535,0,184,0,0,0,64,0,0,0,192,332,6,0,0,224,770,267,10,0,6656,7168,0,10456,4096,12288,4194304,4096,512,5,1,0,0,5,1,40960,1024,18026,2,34112,1048576,4096,1048576,4096,0,0,16644,40,0,0,0,0,14848,3576,24576,928,0,0,0,0,0,0,0,0,0,0,0,0,0,0,0,0
20538,9093233af919545a06bb718dd45e2b033be1caaf0844eec11c1f4cb8c0df3527,1,14,144,3,4,0,0,65535,0,139,0,0,0,64,0,0,0,128,34404,15,2997760,4183,240,546,523,3,0,1118720,110080,0,423008,4096,0,4194304,4096,512,6,1,1,0,6,1,3440640,1536,3204701,3,33120,2097152,4096,1048576,4096,0,0,3211264,1184,0,0,0,0,3176448,3584,3215360,42092,0,0,0,0,0,0,0,0,0,0,2105376,328,0,0,0,0
20539,9c6b020769101b8274ec0814628a42efb45fce1798a3d5abf35a78021ec3eca4,1,14,144,3,0,4,0,65535,0,184,0,0,0,64,0,0,0,192,332,3,0,0,224,259,267,10,0,7680,5632,0,11483,4096,12288,4194304,4096,512,5,1,0,0,5,1,24576,1024,22786,2,34048,1048576,4096,1048576,4096,0,0,16620,40,0,0,0,0,14336,7472,0,0,12400,28,0,0,0,0,0,0,0,0,12288,104,0,0,0,0
20540,9e6be0a3bf10410a43c979902507647a4e4f4625a1470ad1ed90e460183b5995,1,14,144,3,4,0,0,65535,0,139,0,0,0,64,0,0,0,128,332,12,2490880,4455,224,771,267,3,0,1579520,83456,0,298864,4096,1585152,4194304,4096,512,4,0,1,0,4,0,2793472,1024,2744053,3,0,1048576,4096,1048576,4096,0,0,2596864,882,0,0,0,0,2680320,7504,0,0,0,0,0,0,0,0,0,0,0,0,1585152,140,0,0,0,0
20541,a2fe2942436546be34c1f83639f1624cae786ab2a57a29a75f27520792cbf3da,1,14,144,3,0,4,0,65535,0,184,0,0,0,64,0,0,0,240,332,4,0,0,224,258,267,14,28,81408,39936,0,17264,4096,86016,4194304,4096,512,6,0,0,0,6,0,135168,1024,169858,3,33088,1048576,4096,1048576,4096,0,0,114052,40,0,0,0,0,119808,6712,126976,4544,112136,56,0,0,0,0,112192,64,0,0,86016,324,0,0,0,0
20542,a51fec27e478a1908fc58c96eb14f3719608ed925f1b44eb67bbcc67bd4c4099,1,14,144,3,4,0,0,65535,0,139,0,0,0,64,0,0,0,128,332,12,2517504,4474,224,771,267,3,0,1591808,89600,0,298928,4096,1597440,4194304,4096,512,4,0,1,0,4,0,2822144,1024,0,3,0,1048576,4096,1048576,4096,0,0,2625536,882,0,0,0,0,0,0,0,0,0,0,0,0,0,0,0,0,0,0,1597440,140,0,0,0,0
20543,b227fa0485e34511627a8a4a7d3f1abb6231517be62d022916273b7a51b80a17,1,14,144,3,0,4,0,65535,0,184,0,0,0,64,0,0,0,192,332,4,0,0,224,258,267,10,0,6656,7168,0,10456,4096,12288,4194304,4096,512,5,1,0,0,5,1,28672,1024,40913,2,34112,1048576,4096,1048576,4096,0,0,16652,40,0,0,0,0,14848,3576,24576,928,0,0,0,0,0,0,0,0,0,0,12288,124,0,0,0,0
20544,b8066b7ec376bc5928d78693d236dbf47414571df05f818a43fb5f52136e8f2e,1,14,144,3,0,4,0,65535,0,184,0,0,0,64,0,0,0,192,332,4,0,0,224,259,267,10,0,6656,7168,0,10390,4096,12288,4194304,4096,512,5,1,0,0,5,1,28672,1024,67453,2,34048,1048576,4096,1048576,4096,0,0,17004,40,24576,792,0,0,14848,7496,0,0,12416,28,0,0,0,0,0,0,0,0,12288,124,0,0,0,0
20545,c2b9f3b84e3e990e2c225e05ea65e7a3aaaf5a688864d0ee68ed2eece557fac0,1,14,144,3,4,0,0,65535,0,139,0,0,0,64,0,0,0,128,34404,12,2931712,4556,240,547,523,3,0,1892864,102400,0,334976,4096,0,4194304,4096,512,4,0,1,0,4,0,3284992,1536,3157696,2,0,2097152,4096,1048576,4096,0,0,3084288,1022,0,0,0,0,3126272,7456,0,0,0,0,0,0,0,0,0,0,0,0,1900544,280,0,0,0,0
20546,c81c2c539ccba4c38add72e271fe63a2e389f2f645050289257fc6af4f47a82e,1,14,144,3,4,0,0,65535,0,139,0,0,0,64,0,0,0,128,34404,15,2990592,4185,240,546,523,3,0,1118720,110080,0,423072,4096,0,4194304,4096,512,6,1,1,0,6,1,3428352,1536,3216305,3,33120,2097152,4096,1048576,4096,0,0,3198976,1184,0,0,0,0,3169280,7504,3203072,42090,0,0,0,0,0,0,0,0,0,0,2105376,328,0,0,0,0
20547,d4492a9eb36f87a9b3156b59052ebaf10e264d5d1ce4c015a6b0d205614e58e3,1,14,144,3,0,4,0,65535,0,184,0,0,0,64,0,0,0,232,332,4,0,0,224,258,267,10,0,33280,29184,0,16196,4096,40960,4194304,4096,512,5,1,0,0,5,1,73728,1024,110799,2,33088,1048576,4096,1048576,4096,0,0,54988,100,0,0,0,0,59904,12768,65536,2640,41392,28,0,0,0,0,52944,64,0,0,40960,368,0,0,0,0
20548,d7730301815e33bd571c6ef6db91534de5b4a0e7a0f4eab41f2e5d6d6f330df2,1,14,144,3,0,4,0,65535,0,184,0,0,0,64,0,0,0,240,332,4,0,0,224,258,267,14,28,81408,39936,0,17264,4096,86016,4194304,4096,512,6,0,0,0,6,0,135168,1024,140211,3,33088,1048576,4096,1048576,4096,0,0,114116,40,0,0,0,0,119808,6712,126976,4544,112152,56,0,0,0,0,112208,64,0,0,86016,324,0,0,0,0
20549,dda5c2bcd1a1bacd2381fef6801e482bc3c3c39692b2ed9b2f5ba6acc149c193,1,14,144,3,4,0,0,65535,0,139,0,0,0,64,0,0,0,128,34404,15,2990592,4185,240,546,523,3,0,1118720,110080,0,423072,4096,0,4194304,4096,512,6,1,1,0,6,1,3428352,1536,3198053,3,33120,2097152,4096,1048576,4096,0,0,3198976,1184,0,0,0,0,3169280,7504,3203072,42090,0,0,0,0,0,0,0,0,0,0,2105376,328,0,0,0,0
20550,e3dfc0485c5ecbeeb9a71473a25a6a8cdf616b7f05d66788ed6e6ade76aaf1af,1,14,144,3,4,0,0,65535,0,139,0,0,0,64,0,0,0,128,332,12,2491392,4457,224,771,267,3,0,1580032,83456,0,298864,4096,1585152,4194304,4096,512,4,0,1,0,4,0,2793472,1024,2716924,3,0,1048576,4096,1048576,4096,0,0,2596864,882,0,0,0,0,2680832,7504,0,0,0,0,0,0,0,0,0,0,0,0,1585152,140,0,0,0,0
20551,e508f4cda8e32c9b0b6112865b955ff88fbc5b2cfdd27cc09121108a782badc5,1,14,144,3,0,4,0,65535,0,184,0,0,0,64,0,0,0,216,332,4,0,0,224,258,267,14,27,8192,5632,0,11696,4096,12288,4194304,4096,512,6,0,0,0,6,0,28672,1024,45614,2,34112,1048576,4096,1048576,4096,0,0,15888,40,0,0,0,0,14336,7464,24576,480,15636,56,0,0,0,0,0,0,0,0,12288,112,0,0,0,0
20552,e7782335cc26b9362ec4525d23f0e6c1bf32b0cadcfa2d95f4955aed2e350cfd,1,14,144,3,0,4,0,65535,0,184,0,0,0,64,0,0,0,192,332,3,0,0,224,259,267,10,0,7680,5632,0,11483,4096,12288,4194304,4096,512,5,1,0,0,5,1,24576,1024,85803,2,34048,1048576,4096,1048576,4096,0,0,16636,40,0,0,0,0,14336,7472,0,0,12400,28,0,0,0,0,0,0,0,0,12288,104,0,0,0,0
20553,e7ccbcc9f500272f8b6422e9900c5131768cc9ca074e6cb8cc92bce385a7ee2e,1,14,144,3,4,0,0,65535,0,139,0,0,0,64,0,0,0,128,34404,15,2990592,4185,240,546,523,3,0,1118720,110080,0,423072,4096,0,4194304,4096,512,6,1,1,0,6,1,3428352,1536,3207301,3,33120,2097152,4096,1048576,4096,0,0,3198976,1184,0,0,0,0,3169280,7504,3203072,42090,0,0,0,0,0,0,0,0,0,0,2105376,328,0,0,0,0
20554,eacbf729bb96cf2eddac62806a555309d08a705f6084dd98c7cf93503927c34f,1,14,144,3,0,4,0,65535,0,184,0,0,0,64,0,0,0,192,332,3,0,0,224,259,267,10,0,7680,5632,0,11483,4096,12288,4194304,4096,512,5,1,0,0,5,1,24576,1024,44246,2,34048,1048576,4096,1048576,4096,0,0,16620,40,0,0,0,0,14336,7472,0,0,12400,28,0,0,0,0,0,0,0,0,12288,104,0,0,0,0
20555,eb9a7ce77f7475b7652a66e548af6d7271ccadb35f2f947a4dfe63e522274374,1,14,144,3,0,4,0,65535,0,184,0,0,0,64,0,0,0,200,332,3,0,0,224,259,267,10,0,6144,5632,0,9803,4096,12288,4194304,4096,512,5,1,0,0,5,1,24576,1024,60807,2,34048,1048576,4096,1048576,4096,0,0,16612,40,0,0,0,0,12800,7472,0,0,12400,28,0,0,0,0,0,0,0,0,12288,108,0,0,0,0
20556,f9ed3c070a2731acbfef6d4b2af980b6e922b2dda0e9227e02f4b4f3821f4b17,1,14,144,3,4,0,0,65535,0,139,0,0,0,64,0,0,0,128,34404,12,2931712,4556,240,547,523,3,0,1892864,102400,0,334976,4096,0,4194304,4096,512,4,0,1,0,4,0,3284992,1536,3161813,2,0,2097152,4096,1048576,4096,0,0,3084288,1022,0,0,0,0,3126272,7456,0,0,0,0,0,0,0,0,0,0,0,0,1900544,280,0,0,0,0
20557,fb3f622cf5557364a0a3abacc3e9acf399b3631bf3630acb8132514c486751e7,1,14,144,3,4,0,0,65535,0,139,0,0,0,64,0,0,0,128,34404,15,3308544,4494,240,546,523,3,0,1250304,118784,0,426112,4096,0,4194304,4096,512,6,1,1,0,6,1,3768320,1536,3568073,3,33120,2097152,4096,1048576,4096,0,0,3518464,1184,0,0,0,0,3502080,9688,3522560,46196,0,0,0,0,0,0,0,0,0,0,2334752,328,0,0,0,0
20558,fcc2921020690a58c60eba35df885e575669e9803212f7791d7e1956f9bf8020,1,14,144,3,0,4,0,65535,0,184,0,0,0,64,0,0,0,192,332,4,0,0,224,259,267,10,0,6656,7168,0,10390,4096,12288,4194304,4096,512,5,1,0,0,5,1,28672,1024,83230,2,34048,1048576,4096,1048576,4096,0,0,17028,40,24576,792,0,0,14848,7496,0,0,12416,28,0,0,0,0,0,0,0,0,12288,124,0,0,0,0
20559,fdaefa45c8679a161c6590b8f5bb735c12c9768172f81c930bb68c93a53002f7,1,14,144,3,0,4,0,65535,0,184,0,0,0,64,0,0,0,232,332,4,0,0,224,258,267,10,0,33280,29184,0,16196,4096,40960,4194304,4096,512,5,1,0,0,5,1,73728,1024,0,2,33088,1048576,4096,1048576,4096,0,0,54988,100,0,0,0,0,0,0,65536,2640,0,0,0,0,0,0,52944,64,0,0,40960,368,0,0,0,0
20560,02cb34da6e620d9428f9c8f375fe96a397464d272f723abd8296c4b420fb0e77,1,15,144,3,0,4,0,65535,0,184,0,0,0,64,0,0,0,208,332,5,0,0,224,258,267,14,16,59904,9728,0,49568,4096,65536,4194304,4096,512,6,0,0,0,5,0,86016,1024,0,2,34368,1048576,4096,1048576,4096,0,0,66532,40,73728,5372,0,0,0,0,81920,1368,66240,56,0,0,0,0,0,0,0,0,65536,16,0,0,0,0
20561,07b743dffd93be79b3ae4e8d5e0f05aec66af1115c4ec070df4cd35e800452d7,1,15,144,3,0,4,0,65535,0,184,0,0,0,64,0,0,0,200,332,5,0,0,224,258,267,14,16,83968,8704,0,73600,4096,90112,4194304,4096,512,6,0,0,0,5,0,110592,1024,0,2,33856,1048576,4096,1048576,4096,0,0,91064,40,98304,5396,0,0,0,0,106496,1412,90800,28,0,0,0,0,0,0,0,0,90112,16,0,0,0,0
20562,0afd99c3f7593c760c4001313963f3e7fd709ca56046044033d790602a8cb378,1,15,144,3,0,4,0,65535,0,184,0,0,0,64,0,0,0,208,332,5,0,0,224,258,267,14,16,48128,9216,0,41136,4096,53248,268435456,4096,512,6,0,0,0,6,0,73728,1024,113227,2,1344,1048576,4096,1048576,4096,54464,72,0,0,61440,5372,0,0,0,0,69632,1136,54400,56,0,0,0,0,0,0,0,0,0,0,0,0,0,0
20563,0d7ee7ce88e790ad66aa53589f5a2638207bc3adf2eb4f8a813fd52b5b22ba27,1,15,144,3,0,4,0,65535,0,184,0,0,0,64,0,0,0,208,332,5,0,0,224,258,267,14,16,59904,9728,0,49568,4096,65536,4194304,4096,512,6,0,0,0,5,0,86016,1024,0,2,34368,1048576,4096,1048576,4096,0,0,66532,40,73728,5540,0,0,0,0,81920,1368,66240,56,0,0,0,0,0,0,0,0,65536,16,0,0,0,0
20564,162ae350c47c2e14864d0c0f927bf424eb6b844017329c9b1e216f3e2d724d98,1,15,144,3,0,4,0,65535,0,184,0,0,0,64,0,0,0,208,332,5,0,0,224,258,267,14,16,59904,9728,0,49568,4096,65536,4194304,4096,512,6,0,0,0,5,0,86016,1024,0,2,34368,1048576,4096,1048576,4096,0,0,66532,40,73728,5368,0,0,0,0,81920,1368,66240,56,0,0,0,0,0,0,0,0,65536,16,0,0,0,0
20565,209779474d4b8e7246245092e7d094ce5730c5c1d36bc03d9b8120f211dc3ebe,1,15,144,3,0,4,0,65535,0,184,0,0,0,64,0,0,0,200,332,5,0,0,224,258,267,14,16,86016,9216,0,74064,4096,90112,4194304,4096,512,6,0,0,0,5,0,110592,1024,0,2,33856,1048576,4096,1048576,4096,0,0,91080,40,98304,5464,0,0,0,0,106496,1444,90816,28,0,0,0,0,0,0,0,0,90112,16,0,0,0,0
20566,22a5872ba6adfe449e46d9a223cb7567697e30f89d6d42095e48de3033359de3,1,15,144,3,0,4,0,65535,0,184,0,0,0,64,0,0,0,208,332,5,0,0,224,258,267,14,16,59904,9728,0,49568,4096,65536,4194304,4096,512,6,0,0,0,5,0,86016,1024,0,2,34368,1048576,4096,1048576,4096,0,0,66532,40,73728,5372,0,0,0,0,81920,1368,66240,56,0,0,0,0,0,0,0,0,65536,16,0,0,0,0
20567,346fdff8d24cbb7ebd56f60933beca37a4437b5e1eb6e64f7ab21d48c862b5b7,1,15,144,3,0,4,0,65535,0,184,0,0,0,64,0,0,0,200,332,5,0,0,224,258,267,14,16,45568,13312,0,46512,4096,53248,4194304,4096,512,6,0,0,0,5,0,77824,1024,0,2,34112,1048576,4096,1048576,4096,0,0,55896,140,65536,6176,0,0,0,0,73728,1256,55632,28,0,0,0,0,0,0,0,0,53248,304,0,0,0,0
20568,352cd5d318e4cff15910dc70b609ef9bf1d1ee0b7f01e186bedb5e7d245e3ec6,1,15,144,3,0,4,0,65535,0,184,0,0,0,64,0,0,0,208,332,5,0,0,224,258,267,14,16,59904,9728,0,49568,4096,65536,4194304,4096,512,6,0,0,0,5,0,86016,1024,0,2,34368,1048576,4096,1048576,4096,0,0,66532,40,73728,5372,0,0,0,0,81920,1368,66240,56,0,0,0,0,0,0,0,0,65536,16,0,0,0,0
20569,444169e156b48a54e9f96b6b3a1c333670546663c8a2e14e561884c052420043,1,15,144,3,0,4,0,65535,0,184,0,0,0,64,0,0,0,208,332,5,0,0,224,258,267,14,16,59904,9728,0,49568,4096,65536,4194304,4096,512,6,0,0,0,5,0,86016,1024,0,2,34368,1048576,4096,1048576,4096,0,0,66532,40,73728,5368,0,0,0,0,81920,1368,66240,56,0,0,0,0,0,0,0,0,65536,16,0,0,0,0
20570,44b5d24e5e8fd8e8ee7141f970f76a13c89dd26c44b336dc9d6b61fda3abf335,1,15,144,3,0,4,0,65535,0,184,0,0,0,64,0,0,0,216,332,5,0,0,224,258,267,14,16,47104,8192,0,47184,4096,53248,4194304,4096,512,6,0,0,0,5,0,73728,1024,0,2,34112,1048576,4096,1048576,4096,0,0,55544,140,65536,16,0,0,0,0,69632,1388,55280,28,0,0,0,0,0,0,0,0,53248,336,0,0,0,0
20571,46dbb7709411b1429233e0d8d33a02cccd54005a2b4015dcfa8a890252177df9,1,15,144,3,0,4,0,65535,0,184,0,0,0,64,0,0,0,208,332,5,0,0,224,258,267,14,16,59904,9728,0,49568,4096,65536,4194304,4096,512,6,0,0,0,5,0,86016,1024,0,2,34368,1048576,4096,1048576,4096,0,0,66532,40,73728,5532,0,0,0,0,81920,1368,66240,56,0,0,0,0,0,0,0,0,65536,16,0,0,0,0
20572,4abf2d4b604ad5c3dca0006e9762562ea104e76e7c0dcfa8fddafda8b11b2eaf,1,15,144,3,0,4,0,65535,0,184,0,0,0,64,0,0,0,208,332,5,0,0,224,258,267,14,16,59904,9728,0,49568,4096,65536,4194304,4096,512,6,0,0,0,5,0,86016,1024,0,2,34368,1048576,4096,1048576,4096,0,0,66532,40,73728,5368,0,0,0,0,81920,1368,66240,56,0,0,0,0,0,0,0,0,65536,16,0,0,0,0
20573,4f7bdda79e389d6660fca8e2a90a175307a7f615fa7673b10ee820d9300b5c60,1,15,144,3,0,4,0,65535,0,184,0,0,0,64,0,0,0,208,332,5,0,0,224,258,267,0,0,56320,9728,0,47904,4096,61440,4194304,4096,512,6,0,0,0,5,0,81920,1024,0,2,34368,1048576,4096,1048576,4096,0,0,62452,40,69632,6112,0,0,0,0,77824,1244,62160,56,0,0,0,0,0,0,0,0,61440,16,0,0,0,0
20574,573873b7b2fbb390ff21bb4e986f69fa25a1f3eea2c5fe446d46c186ab92257d,1,15,144,3,0,4,0,65535,0,184,0,0,0,64,0,0,0,200,332,5,0,0,224,258,267,14,16,83968,8704,0,73600,4096,90112,4194304,4096,512,6,0,0,0,5,0,110592,1024,0,2,33856,1048576,4096,1048576,4096,0,0,91064,40,98304,5392,0,0,0,0,106496,1412,90800,28,0,0,0,0,0,0,0,0,90112,16,0,0,0,0
20575,5d869c0e077596bf0834f08dce062af1477bf09c8f6aa0a45d6a080478e45512,1,15,144,3,0,4,0,65535,0,184,0,0,0,64,0,0,0,208,332,5,0,0,224,258,267,14,16,59904,9728,0,49568,4096,65536,4194304,4096,512,6,0,0,0,5,0,86016,1024,0,2,34368,1048576,4096,1048576,4096,0,0,66532,40,73728,5532,0,0,0,0,81920,1368,66240,56,0,0,0,0,0,0,0,0,65536,16,0,0,0,0
20576,5e03e3d93a456405952cdadee3018043789f118b871b93d113ce371c079f19dd,1,15,144,3,0,4,0,65535,0,184,0,0,0,64,0,0,0,200,332,5,0,0,224,258,267,14,16,83968,8704,0,73648,4096,90112,4194304,4096,512,6,0,0,0,5,0,110592,1024,0,2,33856,1048576,4096,1048576,4096,0,0,91064,40,98304,5356,0,0,0,0,106496,1404,90800,28,0,0,0,0,0,0,0,0,90112,16,0,0,0,0
20577,61d26a517d9a6dfaa47a65828a244f122d89e565dd86a2a6ac860aa95d9304a4,1,15,144,3,0,4,0,65535,0,184,0,0,0,64,0,0,0,200,332,5,0,0,224,258,267,14,16,68096,6144,0,65360,4096,73728,4194304,4096,512,6,0,0,0,5,0,90112,1024,0,2,33856,1048576,4096,1048576,4096,0,0,74552,40,81920,3560,0,0,0,0,86016,820,74288,28,0,0,0,0,0,0,0,0,73728,16,0,0,0,0
20578,62df5824be844b16d99bf4a59e6bf51bcaa7a2c2f4852d983bc33eaf60a9c5ca,1,15,144,3,0,4,0,65535,0,184,0,0,0,64,0,0,0,216,332,5,0,0,224,258,267,14,16,47104,8192,0,47456,4096,53248,4194304,4096,512,6,0,0,0,5,0,73728,1024,0,2,34112,1048576,4096,1048576,4096,0,0,55624,140,65536,16,0,0,0,0,69632,1408,55360,28,0,0,0,0,0,0,0,0,53248,336,0,0,0,0
20579,63ad8faf3c2b306ccd8aa7874e24e7d48e0f6bbeeb37adab26c2efa1410022c4,1,15,144,3,0,4,0,65535,0,184,0,0,0,64,0,0,0,208,332,5,0,0,224,258,267,14,16,59904,9728,0,49568,4096,65536,4194304,4096,512,6,0,0,0,5,0,86016,1024,141385,2,34368,1048576,4096,1048576,4096,0,0,66532,40,73728,5364,0,0,70656,8944,81920,1368,66240,56,0,0,0,0,0,0,0,0,65536,16,0,0,0,0
20580,6bd34d33ccb47430751ae964ca56ec206da0fa3bdc5eb670fc54edf4c11629bc,1,15,144,3,0,4,0,65535,0,184,0,0,0,64,0,0,0,208,332,5,0,0,224,258,267,14,16,59904,9728,0,49568,4096,65536,4194304,4096,512,6,0,0,0,5,0,86016,1024,0,2,34368,1048576,4096,1048576,4096,0,0,66532,40,73728,5368,0,0,0,0,81920,1368,66240,56,0,0,0,0,0,0,0,0,65536,16,0,0,0,0
20581,6c39c5f5d143700d4ad43b0aa7fb6a51e77817060467cf3462ef037176e1f50f,1,15,144,3,0,4,0,65535,0,184,0,0,0,64,0,0,0,216,332,5,0,0,224,258,267,14,16,47104,8192,0,47456,4096,53248,4194304,4096,512,6,0,0,0,5,0,73728,1024,0,2,34112,1048576,4096,1048576,4096,0,0,55624,140,65536,16,0,0,0,0,69632,1408,55360,28,0,0,0,0,0,0,0,0,53248,336,0,0,0,0
20582,6f89cfef50cadb9e7e986ec913eb8c68bb14af5c576fe98dbe41060edf3cfe8a,1,15,144,3,0,4,0,65535,0,184,0,0,0,64,0,0,0,200,332,5,0,0,224,258,267,14,16,83968,8704,0,73648,4096,90112,4194304,4096,512,6,0,0,0,5,0,110592,1024,0,2,33856,1048576,4096,1048576,4096,0,0,91064,40,98304,5356,0,0,0,0,106496,1404,90800,28,0,0,0,0,0,0,0,0,90112,16,0,0,0,0
20583,75ef9e3e44ac11bb06f499b9f4f43a4cc331887529b81d0e62aef87178ca5e65,1,15,144,3,0,4,0,65535,0,184,0,0,0,64,0,0,0,200,332,5,0,0,224,258,267,14,16,86016,9216,0,74064,4096,90112,4194304,4096,512,6,0,0,0,5,0,110592,1024,0,2,33856,1048576,4096,1048576,4096,0,0,91080,40,98304,5464,0,0,0,0,106496,1444,90816,28,0,0,0,0,0,0,0,0,90112,16,0,0,0,0
20584,84b8dbafd5cd64fb300b30bf943430a18f34cad3f0d8f7251d34354fea85aab2,1,15,144,3,0,4,0,65535,0,184,0,0,0,64,0,0,0,208,332,5,0,0,224,258,267,14,16,59904,9728,0,49568,4096,65536,4194304,4096,512,6,0,0,0,5,0,86016,1024,0,2,34368,1048576,4096,1048576,4096,0,0,66532,40,73728,5368,0,0,0,0,81920,1368,66240,56,0,0,0,0,0,0,0,0,65536,16,0,0,0,0
20585,853fa18adc3f9263a0f98a9a257dd70d7e1aee0545ab47a114f44506482bd188,1,15,144,3,0,4,0,65535,0,184,0,0,0,64,0,0,0,200,332,5,0,0,224,258,267,14,16,48640,7168,0,48736,4096,53248,4194304,4096,512,6,0,0,0,5,0,73728,1024,0,2,34112,1048576,4096,1048576,4096,0,0,55544,140,65536,264,0,0,0,0,69632,1404,55280,28,0,0,0,0,0,0,0,0,53248,336,0,0,0,0
20586,8587037c15463d10a17094ef8fa9f608cc20c99fa0206ce496b412f8c7f4a1b8,1,15,144,3,0,4,0,65535,0,184,0,0,0,64,0,0,0,200,332,5,0,0,224,258,267,14,16,48640,7168,0,48736,4096,53248,4194304,4096,512,6,0,0,0,5,0,73728,1024,0,2,34112,1048576,4096,1048576,4096,0,0,55544,140,65536,264,0,0,0,0,69632,1404,55280,28,0,0,0,0,0,0,0,0,53248,336,0,0,0,0
20587,868cb8251a245c416cd92fcbd3e30aa7b7ca7c271760fa120d2435fd3bf2fde9,1,15,144,3,0,4,0,65535,0,184,0,0,0,64,0,0,0,216,332,5,0,0,224,258,267,14,16,47104,8192,0,47456,4096,53248,4194304,4096,512,6,0,0,0,5,0,73728,1024,0,2,34112,1048576,4096,1048576,4096,0,0,55624,140,65536,16,0,0,0,0,69632,1408,55360,28,0,0,0,0,0,0,0,0,53248,336,0,0,0,0
20588,882e89ea1b8d70646bdf6476d8cb46991b950f27e03e93bf49ea3209c2d69581,1,15,144,3,0,4,0,65535,0,184,0,0,0,64,0,0,0,216,332,5,0,0,224,258,267,14,16,58880,9216,0,49680,4096,65536,4194304,4096,512,6,0,0,0,5,0,86016,1024,0,2,34368,1048576,4096,1048576,4096,0,0,66532,40,73728,5460,0,0,0,0,81920,1312,66240,56,0,0,0,0,0,0,0,0,65536,16,0,0,0,0
20589,8f06645838d3d75e44d4527e2928c71af0a7214254867379359eb3e46109cbde,1,15,144,3,0,4,0,65535,0,184,0,0,0,64,0,0,0,208,332,5,0,0,224,258,267,14,16,59904,9728,0,49568,4096,65536,4194304,4096,512,6,0,0,0,5,0,86016,1024,0,2,34368,1048576,4096,1048576,4096,0,0,66532,40,73728,5524,0,0,0,0,81920,1368,66240,56,0,0,0,0,0,0,0,0,65536,16,0,0,0,0
20590,98cf38865117a3e333df1fb0a538b97f66fea568746fefb697e76ca8c686a3e3,1,15,144,3,0,4,0,65535,0,184,0,0,0,64,0,0,0,200,332,5,0,0,224,258,267,14,16,86016,9216,0,74064,4096,90112,4194304,4096,512,6,0,0,0,5,0,110592,1024,0,2,33856,1048576,4096,1048576,4096,0,0,91080,40,98304,5464,0,0,0,0,106496,1444,90816,28,0,0,0,0,0,0,0,0,90112,16,0,0,0,0
20591,a8c4b8096fd12078acf5f08230e561381fe8d0859a5949825ab411f6312f5da5,1,15,144,3,0,4,0,65535,0,184,0,0,0,64,0,0,0,208,332,5,0,0,224,258,267,14,16,75264,7680,0,70256,4096,81920,4194304,4096,512,6,0,0,0,5,0,102400,1024,0,2,33856,1048576,4096,1048576,4096,0,0,82776,40,90112,4244,0,0,0,0,98304,1088,82512,28,0,0,0,0,0,0,0,0,81920,16,0,0,0,0
20592,a9a147313861a5a4e7abd76b3287ce5f6183966b89c5ca95c0e0cf587f40189d,1,15,144,3,0,4,0,65535,0,184,0,0,0,64,0,0,0,208,332,5,0,0,224,258,267,14,16,59904,9728,0,49568,4096,65536,4194304,4096,512,6,0,0,0,5,0,86016,1024,0,2,34368,1048576,4096,1048576,4096,0,0,66532,40,73728,5372,0,0,0,0,81920,1368,66240,56,0,0,0,0,0,0,0,0,65536,16,0,0,0,0
20593,ac0882d87027ac22fc79cfe2d55d9a9d097d0f8eb425cf182de1b872080930ec,1,15,144,3,0,4,0,65535,0,184,0,0,0,64,0,0,0,216,332,5,0,0,224,258,267,14,16,47104,8192,0,47456,4096,53248,4194304,4096,512,6,0,0,0,5,0,73728,1024,0,2,34112,1048576,4096,1048576,4096,0,0,55624,140,65536,16,0,0,0,0,69632,1408,55360,28,0,0,0,0,0,0,0,0,53248,336,0,0,0,0
20594,b2d68a79a621c3f9e46f9df52ed19b8fec22c3cf5f4e3d8630a2bc68fd43d2ee,1,15,144,3,0,4,0,65535,0,184,0,0,0,64,0,0,0,208,332,5,0,0,224,258,267,14,16,59904,9728,0,49568,4096,65536,4194304,4096,512,6,0,0,0,5,0,86016,1024,0,2,34368,1048576,4096,1048576,4096,0,0,66532,40,73728,5400,0,0,0,0,81920,1368,66240,56,0,0,0,0,0,0,0,0,65536,16,0,0,0,0
20595,b587d049e9fae11f4fe70d5f6c9007f99483f683ee55217110094206bd6a92f2,1,15,144,3,0,4,0,65535,0,184,0,0,0,64,0,0,0,216,332,5,0,0,224,258,267,14,16,57856,8192,0,48832,4096,65536,4194304,4096,512,6,0,0,0,5,0,86016,1024,0,2,34368,1048576,4096,1048576,4096,0,0,66532,40,73728,4192,0,0,0,0,81920,1300,66240,56,0,0,0,0,0,0,0,0,65536,16,0,0,0,0
20596,b96ee4a55d59836de7851f99a18324c6aa8bc223fb581f1875db631d0c914425,1,15,144,3,0,4,0,65535,0,184,0,0,0,64,0,0,0,200,332,5,0,0,224,258,267,14,16,83968,9216,0,73600,4096,90112,4194304,4096,512,6,0,0,0,5,0,110592,1024,0,2,33856,1048576,4096,1048576,4096,0,0,91064,40,98304,5692,0,0,0,0,106496,1412,90800,28,0,0,0,0,0,0,0,0,90112,16,0,0,0,0
20597,bd3fdf1b50911d537a97cb93db13f2b4026f109ed23a393f262621faed81dae1,1,15,144,3,0,4,0,65535,0,184,0,0,0,64,0,0,0,216,332,5,0,0,224,258,267,14,16,47104,8192,0,47184,4096,53248,4194304,4096,512,6,0,0,0,5,0,73728,1024,0,2,34112,1048576,4096,1048576,4096,0,0,55544,140,65536,16,0,0,0,0,69632,1388,55280,28,0,0,0,0,0,0,0,0,53248,336,0,0,0,0
20598,bde6a59a4611aba5862ce66aef2fb12d841ad0ba0ad0a590b26eaddb7ad52a9e,1,15,144,3,0,4,0,65535,0,184,0,0,0,64,0,0,0,200,332,5,0,0,224,258,267,14,16,84480,9216,0,73872,4096,90112,4194304,4096,512,6,0,0,0,5,0,110592,1024,0,2,33856,1048576,4096,1048576,4096,0,0,91080,40,98304,5392,0,0,0,0,106496,1416,90816,28,0,0,0,0,0,0,0,0,90112,16,0,0,0,0
20599,c21ecd18f0bbb28112240013ad42dad5c01d20927791239ada5b61e1c6f5f010,1,15,144,3,0,4,0,65535,0,184,0,0,0,64,0,0,0,208,332,5,0,0,224,258,267,14,16,59904,9728,0,49568,4096,65536,4194304,4096,512,6,0,0,0,5,0,86016,1024,0,2,34368,1048576,4096,1048576,4096,0,0,66532,40,73728,5624,0,0,0,0,81920,1368,66240,56,0,0,0,0,0,0,0,0,65536,16,0,0,0,0
20600,ce399a2d07c0851164bd8cc9e940b84b88c43ef564846ca654df4abf36c278e6,1,15,144,3,0,4,0,65535,0,184,0,0,0,64,0,0,0,216,332,5,0,0,224,258,267,14,16,47104,8192,0,47184,4096,53248,4194304,4096,512,6,0,0,0,5,0,73728,1024,0,2,34112,1048576,4096,1048576,4096,0,0,55544,140,65536,16,0,0,0,0,69632,1388,55280,28,0,0,0,0,0,0,0,0,53248,336,0,0,0,0
20601,d5c106719e9c8878795899bede78505796659b1b347fe9374d8b2061fcc6a84c,1,15,144,3,0,4,0,65535,0,184,0,0,0,64,0,0,0,208,332,5,0,0,224,258,267,14,16,70656,6144,0,66048,4096,77824,4194304,4096,512,6,0,0,0,5,0,94208,1024,0,2,33856,1048576,4096,1048576,4096,0,0,78664,40,86016,3568,0,0,0,0,90112,900,78400,28,0,0,0,0,0,0,0,0,77824,16,0,0,0,0
20602,d7c7947d060da8f4207e7e919e8f777f6f8ea475085291d5a547546a39a096fc,1,15,144,3,0,4,0,65535,0,184,0,0,0,64,0,0,0,216,332,5,0,0,224,258,267,14,16,47104,8192,0,47456,4096,53248,4194304,4096,512,6,0,0,0,5,0,73728,1024,0,2,34112,1048576,4096,1048576,4096,0,0,55624,140,65536,16,0,0,0,0,69632,1408,55360,28,0,0,0,0,0,0,0,0,53248,336,0,0,0,0
20603,de04d2402154f676f757cf1380671f396f3fc9f7dbb683d9461edd2718c4e09d,1,15,144,3,0,4,0,65535,0,184,0,0,0,64,0,0,0,200,332,5,0,0,224,258,267,14,16,86016,9216,0,74064,4096,90112,4194304,4096,512,6,0,0,0,5,0,110592,1024,0,2,33856,1048576,4096,1048576,4096,0,0,91080,40,98304,5460,0,0,0,0,106496,1444,90816,28,0,0,0,0,0,0,0,0,90112,16,0,0,0,0
20604,e01691e3b7d9d1c6de7e0ef902bf609543cdf084e600fd0a3833deaa501464ee,1,15,144,3,0,4,0,65535,0,184,0,0,0,64,0,0,0,200,332,5,0,0,224,258,267,14,16,84480,9216,0,73872,4096,90112,4194304,4096,512,6,0,0,0,5,0,110592,1024,0,2,33856,1048576,4096,1048576,4096,0,0,91080,40,98304,5392,0,0,0,0,106496,1416,90816,28,0,0,0,0,0,0,0,0,90112,16,0,0,0,0
20605,e7dfaf7ac518e174e42e59d45c179d083ad53eead79ed4420e311441e1af79d4,1,15,144,3,0,4,0,65535,0,184,0,0,0,64,0,0,0,200,332,5,0,0,224,258,267,14,16,84480,9216,0,73872,4096,90112,4194304,4096,512,6,0,0,0,5,0,110592,1024,0,2,33856,1048576,4096,1048576,4096,0,0,91080,40,98304,5392,0,0,0,0,106496,1416,90816,28,0,0,0,0,0,0,0,0,90112,16,0,0,0,0
20606,ee531cd7011cb5c2625d40892b70cf7e3860dbb92648391068e1f340e5d6c47f,1,15,144,3,0,4,0,65535,0,184,0,0,0,64,0,0,0,208,332,5,0,0,224,258,267,14,16,59904,9728,0,49568,4096,65536,4194304,4096,512,6,0,0,0,5,0,86016,1024,0,2,34368,1048576,4096,1048576,4096,0,0,66532,40,73728,5376,0,0,0,0,81920,1368,66240,56,0,0,0,0,0,0,0,0,65536,16,0,0,0,0
20607,f2215e1a848bc5a5d172745201ea428b1d16fee7c814c5c5180a94a134592e86,1,15,144,3,0,4,0,65535,0,184,0,0,0,64,0,0,0,208,332,5,0,0,224,258,267,14,16,59904,9728,0,49568,4096,65536,4194304,4096,512,6,0,0,0,5,0,86016,1024,0,2,34368,1048576,4096,1048576,4096,0,0,66532,40,73728,5368,0,0,0,0,81920,1368,66240,56,0,0,0,0,0,0,0,0,65536,16,0,0,0,0
20608,f298725e197f974b7a8407c5d79114a4ac322c573813d543141ccf1d9119dd8b,1,15,144,3,0,4,0,65535,0,184,0,0,0,64,0,0,0,208,332,5,0,0,224,258,267,14,16,59904,9728,0,49568,4096,65536,4194304,4096,512,6,0,0,0,5,0,86016,1024,0,2,34368,1048576,4096,1048576,4096,0,0,66532,40,73728,5368,0,0,0,0,81920,1368,66240,56,0,0,0,0,0,0,0,0,65536,16,0,0,0,0
20609,fd3489f6067ef7ca3999776205839424cb7349134baaeb693abcecaa2c5bf913,1,15,144,3,0,4,0,65535,0,184,0,0,0,64,0,0,0,208,332,5,0,0,224,258,267,14,16,59904,9728,0,49568,4096,65536,4194304,4096,512,6,0,0,0,5,0,86016,1024,0,2,34368,1048576,4096,1048576,4096,0,0,66532,40,73728,5368,0,0,0,0,81920,1368,66240,56,0,0,0,0,0,0,0,0,65536,16,0,0,0,0
20610,03bb4d5c0179fdceacc5df7645e6e7fa93e931ac9beb1968c7bbe40ba3499194,1,16,144,3,0,4,0,65535,0,184,0,0,0,64,0,0,0,224,332,5,0,0,224,258,267,10,0,34304,15872,0,12199,4096,40960,4194304,4096,512,5,1,0,0,5,1,81920,1024,77286,2,33088,1048576,4096,1048576,4096,0,0,42036,200,0,0,0,0,0,0,57344,1188,0,0,0,0,0,0,0,0,0,0,40960,480,0,0,0,0
20611,03d7a1c01a60f9718304c719a5734516e5e3f43ea0547f48e4462a063d986cfb,1,16,144,3,0,4,0,65535,0,184,0,0,0,64,0,0,0,224,332,5,0,0,224,258,267,10,0,34304,15872,0,12199,4096,40960,4194304,4096,512,5,1,0,0,5,1,77824,1024,65004,2,33088,1048576,4096,1048576,4096,0,0,42036,200,0,0,0,0,0,0,57344,1188,0,0,0,0,0,0,0,0,0,0,40960,480,0,0,0,0
20612,0aeebdda8c7a94d43b965e60582de8a1a0d47810dbea9cdf66d6d8e3883a8b8f,1,16,144,3,0,4,0,65535,0,184,0,0,0,64,0,0,0,224,332,5,0,0,224,258,267,10,0,34304,15872,0,11924,4096,40960,4194304,4096,512,5,1,0,0,5,1,77824,1024,97177,2,33088,1048576,4096,1048576,4096,0,0,42036,200,0,0,0,0,0,0,57344,1172,0,0,0,0,0,0,0,0,0,0,40960,480,0,0,0,0
20613,0b3f4c353eef59e7c2cf0e211de11fe646d9fd20289f2bea7005b35aa6247a4a,1,16,144,3,0,4,0,65535,0,184,0,0,0,64,0,0,0,224,332,5,0,0,224,258,267,10,0,34304,15872,0,12199,4096,40960,4194304,4096,512,5,1,0,0,5,1,77824,1024,69909,2,33088,1048576,4096,1048576,4096,0,0,42036,200,0,0,0,0,0,0,57344,1188,0,0,0,0,0,0,0,0,0,0,40960,480,0,0,0,0
20614,0b4c743246478a6a8c9fa3ff8e04f297507c2f0ea5d61a1284fe65387d172f81,1,16,144,3,0,4,0,65535,0,184,0,0,0,64,0,0,0,224,332,5,0,0,224,258,267,10,0,34304,15872,0,12199,4096,40960,4194304,4096,512,5,1,0,0,5,1,77824,1024,91033,2,33088,1048576,4096,1048576,4096,0,0,42036,200,0,0,0,0,0,0,57344,1188,0,0,0,0,0,0,0,0,0,0,40960,480,0,0,0,0
20615,17cde554e888f4d8aba412d384577e57f875bc8424b68c5a1fd0f03cac112015,1,16,144,3,0,4,0,65535,0,184,0,0,0,64,0,0,0,224,332,5,0,0,224,258,267,10,0,34304,15872,0,12199,4096,40960,4194304,4096,512,5,1,0,0,5,1,77824,1024,80474,2,33088,1048576,4096,1048576,4096,0,0,42036,200,0,0,0,0,0,0,57344,1188,0,0,0,0,0,0,0,0,0,0,40960,480,0,0,0,0
20616,265d1ae339e9397976d9328b2c84aca61a7cb6c0bca9f2f8dc213678e2b2ad86,1,16,144,3,0,4,0,65535,0,184,0,0,0,64,0,0,0,224,332,5,0,0,224,258,267,10,0,34304,15872,0,12199,4096,40960,4194304,4096,512,5,1,0,0,5,1,73728,1024,85655,2,33088,1048576,4096,1048576,4096,0,0,42036,200,0,0,0,0,0,0,57344,1188,0,0,0,0,0,0,0,0,0,0,40960,480,0,0,0,0
20617,2704e269fb5cf9a02070a0ea07d82dc9d87f2cb95e60cb71d6c6d38b01869f66,1,16,144,3,0,4,0,65535,0,184,0,0,0,64,0,0,0,224,332,5,0,0,224,258,267,10,0,34304,15872,0,12199,4096,40960,4194304,4096,512,5,1,0,0,5,1,77824,1024,121488,2,33088,1048576,4096,1048576,4096,0,0,42036,200,0,0,0,0,0,0,57344,1188,0,0,0,0,0,0,0,0,0,0,40960,480,0,0,0,0
20618,2cbd9c81648cfb8b74613a1911495f9298251f8122a43081c388f02089f54356,1,16,144,3,0,4,0,65535,0,184,0,0,0,64,0,0,0,224,332,5,0,0,224,258,267,10,0,34304,15872,0,12199,4096,40960,4194304,4096,512,5,1,0,0,5,1,77824,1024,60518,2,33088,1048576,4096,1048576,4096,0,0,42036,200,0,0,0,0,0,0,57344,1188,0,0,0,0,0,0,0,0,0,0,40960,480,0,0,0,0
20619,348de24864a72767079e72f6015f4c8d0d8a0a75bf14496fd9fa9065e0ad446e,1,16,144,3,0,4,0,65535,0,184,0,0,0,64,0,0,0,224,332,5,0,0,224,258,267,10,0,34304,15872,0,12199,4096,40960,4194304,4096,512,5,1,0,0,5,1,77824,1024,66169,2,33088,1048576,4096,1048576,4096,0,0,42036,200,0,0,0,0,0,0,57344,1188,0,0,0,0,0,0,0,0,0,0,40960,480,0,0,0,0
20620,38c47ad9fdb1ca30b15b2692431171b568556cbff7dfb17ba16c37d7daae9a05,1,16,144,3,0,4,0,65535,0,184,0,0,0,64,0,0,0,224,332,5,0,0,224,258,267,10,0,34304,15872,0,11924,4096,40960,4194304,4096,512,5,1,0,0,5,1,77824,1024,104015,2,33088,1048576,4096,1048576,4096,0,0,42036,200,0,0,0,0,0,0,57344,1172,0,0,0,0,0,0,0,0,0,0,40960,480,0,0,0,0
20621,3c4ad3e800eb1b6e313b86f527ffed41f34e46221da557d611b55bae2ba46588,1,16,144,3,0,4,0,65535,0,184,0,0,0,64,0,0,0,224,332,5,0,0,224,258,267,10,0,34304,15872,0,12199,4096,40960,4194304,4096,512,5,1,0,0,5,1,77824,1024,58143,2,33088,1048576,4096,1048576,4096,0,0,42036,200,0,0,0,0,0,0,57344,1188,0,0,0,0,0,0,0,0,0,0,40960,480,0,0,0,0
20622,3e6baf63074d60cb1b0371f90b3fdbabba6e516ffeff0f7ab9efa09a46e98686,1,16,144,3,0,4,0,65535,0,184,0,0,0,64,0,0,0,224,332,5,0,0,224,258,267,10,0,34304,15872,0,12199,4096,40960,4194304,4096,512,5,1,0,0,5,1,77824,1024,72291,2,33088,1048576,4096,1048576,4096,0,0,42036,200,0,0,0,0,0,0,57344,1188,0,0,0,0,0,0,0,0,0,0,40960,480,0,0,0,0
20623,43f846c12c24a078ebe33f71e8ea3b4f75107aeb275e2c3cd9dc61617c9757fc,1,16,144,3,0,4,0,65535,0,184,0,0,0,64,0,0,0,224,332,5,0,0,224,258,267,10,0,34304,15872,0,12199,4096,40960,4194304,4096,512,5,1,0,0,5,1,77824,1024,87405,2,33088,1048576,4096,1048576,4096,0,0,42036,200,0,0,0,0,0,0,57344,1188,0,0,0,0,0,0,0,0,0,0,40960,480,0,0,0,0
20624,4683b5b970eda0d6fa43ac4e80f24452f81de09171f9e969d61323080e3a9e74,1,16,144,3,0,4,0,65535,0,184,0,0,0,64,0,0,0,224,332,5,0,0,224,258,267,10,0,34304,15872,0,12199,4096,40960,4194304,4096,512,5,1,0,0,5,1,77824,1024,115620,2,33088,1048576,4096,1048576,4096,0,0,42036,200,0,0,0,0,0,0,57344,1188,0,0,0,0,0,0,0,0,0,0,40960,480,0,0,0,0
20625,4d5220a88b195e3ccdc40ba1c99d5d84d06dacc0720070a72aa34c9895939a25,1,16,144,3,0,4,0,65535,0,184,0,0,0,64,0,0,0,224,332,5,0,0,224,258,267,10,0,34304,15872,0,11924,4096,40960,4194304,4096,512,5,1,0,0,5,1,77824,1024,88093,2,33088,1048576,4096,1048576,4096,0,0,42036,200,0,0,0,0,0,0,57344,1172,0,0,0,0,0,0,0,0,0,0,40960,480,0,0,0,0
20626,4d9413a0fdefb9b2471a3209e2b7dbfa835e709ce7ed8b57f2366611f566ebec,1,16,144,3,0,4,0,65535,0,184,0,0,0,64,0,0,0,224,332,5,0,0,224,258,267,10,0,34304,15872,0,12199,4096,40960,4194304,4096,512,5,1,0,0,5,1,77824,1024,100496,2,33088,1048576,4096,1048576,4096,0,0,42036,200,0,0,0,0,0,0,57344,1188,0,0,0,0,0,0,0,0,0,0,40960,480,0,0,0,0
20627,53bbce404ca0e33a3988d04edb8921ec48cdcc586c8ffb7b37b09ec10c0be29f,1,16,144,3,0,4,0,65535,0,184,0,0,0,64,0,0,0,224,332,5,0,0,224,258,267,10,0,34304,15872,0,12199,4096,40960,4194304,4096,512,5,1,0,0,5,1,77824,1024,59739,2,33088,1048576,4096,1048576,4096,0,0,42036,200,0,0,0,0,0,0,57344,1188,0,0,0,0,0,0,0,0,0,0,40960,480,0,0,0,0
20628,64a95c8862fe88df0a77bff4ef03f6a2c2cf632cc3ffe84506c534d5874bb277,1,16,144,3,0,4,0,65535,0,184,0,0,0,64,0,0,0,224,332,5,0,0,224,258,267,10,0,34304,15872,0,12199,4096,40960,8585216,4096,512,5,1,0,0,5,1,77824,1024,93459,2,33088,1048576,4096,1048576,4096,0,0,42036,200,0,0,0,0,0,0,57344,1188,0,0,0,0,0,0,0,0,0,0,40960,480,0,0,0,0
20629,6b7d70ca7d02133afbc24eeb585f2921bc35c01b23b90a66f515290c49cf0952,1,16,144,3,0,4,0,65535,0,184,0,0,0,64,0,0,0,224,332,5,0,0,224,258,267,10,0,34304,15872,0,12199,4096,40960,4194304,4096,512,5,1,0,0,5,1,81920,1024,112018,2,33088,1048576,4096,1048576,4096,0,0,42036,200,0,0,0,0,0,0,57344,1188,0,0,0,0,0,0,0,0,0,0,40960,480,0,0,0,0
20630,6bb2c8953b3ec0955a974e16b6efa5048c9e016e91e3dc8789728ae02578adad,1,16,144,3,0,4,0,65535,0,184,0,0,0,64,0,0,0,224,332,5,0,0,224,258,267,10,0,34304,15872,0,12199,4096,40960,4194304,4096,512,5,1,0,0,5,1,77824,1024,79332,2,33088,1048576,4096,1048576,4096,0,0,42036,200,0,0,0,0,0,0,57344,1188,0,0,0,0,0,0,0,0,0,0,40960,480,0,0,0,0
20631,6e9c9b72d1bdb993184c7aa05d961e706a57b3becf151ca4f883a80a07fdd955,1,16,144,3,0,4,0,65535,0,184,0,0,0,64,0,0,0,128,332,5,0,0,224,271,267,7,0,1003008,122880,0,48531,4096,1007616,4194304,4096,512,4,0,0,0,4,0,1138688,1024,0,2,0,1048576,4096,1048576,4096,0,0,1057992,220,1069056,68272,0,0,0,0,0,0,0,0,0,0,0,0,0,0,0,0,1056768,1224,0,0,0,0
20632,706fe1633019def71fb5ad355f325b73b0d34ecaf42fcc77ede27663d86f3879,1,16,144,3,0,4,0,65535,0,184,0,0,0,64,0,0,0,224,332,5,0,0,224,258,267,10,0,34304,15872,0,12199,4096,40960,4194304,4096,512,5,1,0,0,5,1,77824,1024,119039,2,33088,1048576,4096,1048576,4096,0,0,42036,200,0,0,0,0,0,0,57344,1188,0,0,0,0,0,0,0,0,0,0,40960,480,0,0,0,0
20633,7343a16f151cde44130211896a231771200b64ba9fc048337589b10ffe6727b7,1,16,144,3,0,4,0,65535,0,184,0,0,0,64,0,0,0,224,332,5,0,0,224,258,267,10,0,34304,15872,0,12199,4096,40960,4194304,4096,512,5,1,0,0,5,1,77824,1024,73253,2,33088,1048576,4096,1048576,4096,0,0,42036,200,0,0,0,0,0,0,57344,1188,0,0,0,0,0,0,0,0,0,0,40960,480,0,0,0,0
20634,76258eafda16daf2ebd66bdd981d5392b0c0e1a8f8fd7a60b32276fbd77261d4,1,16,144,3,0,4,0,65535,0,184,0,0,0,64,0,0,0,224,332,5,0,0,224,258,267,10,0,34304,15872,0,12199,4096,40960,4194304,4096,512,5,1,0,0,5,1,77824,1024,63047,2,33088,1048576,4096,1048576,4096,0,0,42036,200,0,0,0,0,0,0,57344,1188,0,0,0,0,0,0,0,0,0,0,40960,480,0,0,0,0
20635,790eb5cdc4d2c2f33cd5188972c03da2cf89d84ab0393378615a812bdc151ad4,1,16,144,3,0,4,0,65535,0,184,0,0,0,64,0,0,0,224,332,5,0,0,224,258,267,10,0,34304,15872,0,12199,4096,40960,4194304,4096,512,5,1,0,0,5,1,77824,1024,88367,2,33088,1048576,4096,1048576,4096,0,0,42036,200,0,0,0,0,0,0,57344,1188,0,0,0,0,0,0,0,0,0,0,40960,480,0,0,0,0
20636,7915b61828b1bd4f1c5bc155286380f659af69c78fbe7031da4487e07a95d5ff,1,16,144,3,0,4,0,65535,0,184,0,0,0,64,0,0,0,224,332,5,0,0,224,258,267,10,0,34304,15872,0,12199,4096,40960,4194304,4096,512,5,1,0,0,5,1,77824,1024,107874,2,33088,1048576,4096,1048576,4096,0,0,42036,200,0,0,0,0,0,0,57344,1188,0,0,0,0,0,0,0,0,0,0,40960,480,0,0,0,0
20637,7949bf3e09366bdb23ca7472cb6c4d9183ad5b081ac5a568d556aec8beae0785,1,16,144,3,0,4,0,65535,0,184,0,0,0,64,0,0,0,224,332,5,0,0,224,258,267,10,0,34304,15872,0,11924,4096,40960,4194304,4096,512,5,1,0,0,5,1,77824,1024,71765,2,33088,1048576,4096,1048576,4096,0,0,42036,200,0,0,0,0,0,0,57344,1172,0,0,0,0,0,0,0,0,0,0,40960,480,0,0,0,0
20638,82a9abbe818fc7b3995a5f1db0780d4b1ed11b74fc72bd1b8143003ceb18d25e,1,16,144,3,0,4,0,65535,0,184,0,0,0,64,0,0,0,224,332,5,0,0,224,258,267,10,0,34304,15872,0,12199,4096,40960,4194304,4096,512,5,1,0,0,5,1,77824,1024,57220,2,33088,1048576,4096,1048576,4096,0,0,42036,200,0,0,0,0,0,0,57344,1188,0,0,0,0,0,0,0,0,0,0,40960,480,0,0,0,0
20639,8710ad8fb2938326655335455987aa17961b2496a345a7ed9f4bbfcb278212bc,1,16,144,3,0,4,0,65535,0,184,0,0,0,64,0,0,0,224,332,5,0,0,224,258,267,10,0,34304,15872,0,12199,4096,40960,4194304,4096,512,5,1,0,0,5,1,77824,1024,98233,2,33088,1048576,4096,1048576,4096,0,0,42036,200,0,0,0,0,0,0,57344,1188,0,0,0,0,0,0,0,0,0,0,40960,480,0,0,0,0
20640,9a29079f2656a9b205b0c62e64dcac011a6ae7a0a6d8b46ff9e1d84fdef57efa,1,16,144,3,0,4,0,65535,0,184,0,0,0,64,0,0,0,224,332,5,0,0,224,258,267,10,0,34304,15872,0,12199,4096,40960,4194304,4096,512,5,1,0,0,5,1,77824,1024,87789,2,33088,1048576,4096,1048576,4096,0,0,42036,200,0,0,0,0,0,0,57344,1188,0,0,0,0,0,0,0,0,0,0,40960,480,0,0,0,0
20641,9a3fefc29aa41f621cd99fd5c35c8521b2f383d6a21970f4ccc8069c9730a864,1,16,144,3,0,4,0,65535,0,184,0,0,0,64,0,0,0,224,332,5,0,0,224,258,267,10,0,34304,15872,0,12199,4096,40960,4194304,4096,512,5,1,0,0,5,1,77824,1024,95356,2,33088,1048576,4096,1048576,4096,0,0,42036,200,0,0,0,0,0,0,57344,1188,0,0,0,0,0,0,0,0,0,0,40960,480,0,0,0,0
20642,9bd421c6f7f7d8278036944fcad3e04db408619678acf1b2024ef69d85c3932b,1,16,144,3,0,4,0,65535,0,184,0,0,0,64,0,0,0,224,332,5,0,0,224,258,267,10,0,34304,15872,0,12199,4096,40960,4194304,4096,512,5,1,0,0,5,1,77824,1024,115826,2,33088,1048576,4096,1048576,4096,0,0,42036,200,0,0,0,0,0,0,57344,1188,0,0,0,0,0,0,0,0,0,0,40960,480,0,0,0,0
20643,9dde984b21a00bc3307c28bd81f229500b795ce4e908b6f8cb5fbd338b22b8e1,1,16,144,3,0,4,0,65535,0,184,0,0,0,64,0,0,0,128,332,5,0,0,224,271,267,6,6,993280,90112,0,63051,4096,999424,4194304,4096,512,4,0,0,0,4,0,1097728,1024,0,2,0,1048576,4096,1048576,4096,0,0,1016904,200,1024000,71556,0,0,0,0,0,0,0,0,0,0,0,0,0,0,0,0,1015808,1096,0,0,0,0
20644,a4c7517fe4548f71f2f2e6848100d638c3bd7d03fa225ca598a03824b7575fd1,1,16,144,3,0,4,0,65535,0,184,0,0,0,64,0,0,0,224,332,5,0,0,224,258,267,10,0,34304,15872,0,12199,4096,40960,4194304,4096,512,5,1,0,0,5,1,77824,1024,95657,2,33088,1048576,4096,1048576,4096,0,0,42036,200,0,0,0,0,0,0,57344,1188,0,0,0,0,0,0,0,0,0,0,40960,480,0,0,0,0
20645,ab465569d9e8d1d97722f7719cd676ad8565d1e1bfa8b72b2ef7864da90d9b49,1,16,144,3,0,4,0,65535,0,184,0,0,0,64,0,0,0,224,332,5,0,0,224,258,267,10,0,34304,15872,0,12199,4096,40960,4194304,4096,512,5,1,0,0,5,1,77824,1024,86545,2,33088,1048576,4096,1048576,4096,0,0,42036,200,0,0,0,0,0,0,57344,1188,0,0,0,0,0,0,0,0,0,0,40960,480,0,0,0,0
20646,b3bc4a50c29b60d62471b29a11251196267b42832806390193d856d5e29fd8fa,1,16,144,3,0,4,0,65535,0,184,0,0,0,64,0,0,0,224,332,5,0,0,224,258,267,10,0,34304,15872,0,12199,4096,40960,4194304,4096,512,5,1,0,0,5,1,77824,1024,115670,2,33088,1048576,4096,1048576,4096,0,0,42036,200,0,0,0,0,0,0,57344,1188,0,0,0,0,0,0,0,0,0,0,40960,480,0,0,0,0
20647,c032850d72d2f4d6f81eb62f59bcaf667bfdacc018ba5c27c93f603a7b6abc5e,1,16,144,3,0,4,0,65535,0,184,0,0,0,64,0,0,0,224,332,5,0,0,224,258,267,10,0,34304,15872,0,12199,4096,40960,4194304,4096,512,5,1,0,0,5,1,77824,1024,89235,2,33088,1048576,4096,1048576,4096,0,0,42036,200,0,0,0,0,0,0,57344,1188,0,0,0,0,0,0,0,0,0,0,40960,480,0,0,0,0
20648,ce40058314b131a63ee248a85505ac02b9473c1032d7bfe63b081dc57171dd3f,1,16,144,3,0,4,0,65535,0,184,0,0,0,64,0,0,0,224,332,5,0,0,224,258,267,10,0,34304,15872,0,12199,4096,40960,4194304,4096,512,5,1,0,0,5,1,77824,1024,115550,2,33088,1048576,4096,1048576,4096,0,0,42036,200,0,0,0,0,0,0,57344,1188,0,0,0,0,0,0,0,0,0,0,40960,480,0,0,0,0
20649,d50b23e12c661bb78fa3cb317e679fabc4178600048572368bec173a520e4aaf,1,16,144,3,0,4,0,65535,0,184,0,0,0,64,0,0,0,224,332,5,0,0,224,258,267,10,0,34304,15872,0,12199,4096,40960,4194304,4096,512,5,1,0,0,5,1,77824,1024,57577,2,33088,1048576,4096,1048576,4096,0,0,42036,200,0,0,0,0,0,0,57344,1188,0,0,0,0,0,0,0,0,0,0,40960,480,0,0,0,0
20650,d71748408052ff7047bdf2d6d29ecbca0be93522f8a03d00b405841ba818794d,1,16,144,3,0,4,0,65535,0,184,0,0,0,64,0,0,0,224,332,5,0,0,224,258,267,10,0,34304,15872,0,12199,4096,40960,4194304,4096,512,5,1,0,0,5,1,77824,1024,84600,2,33088,1048576,4096,1048576,4096,0,0,42036,200,0,0,0,0,0,0,57344,1188,0,0,0,0,0,0,0,0,0,0,40960,480,0,0,0,0
20651,d7d50f809a7808ca53c4430d484bb100aaf9c74c6c12080ff888b8c04212f405,1,16,144,3,0,4,0,65535,0,184,0,0,0,64,0,0,0,224,332,5,0,0,224,258,267,10,0,34304,15872,0,12199,4096,40960,4194304,4096,512,5,1,0,0,5,1,77824,1024,74274,2,33088,1048576,4096,1048576,4096,0,0,42036,200,0,0,0,0,0,0,57344,1188,0,0,0,0,0,0,0,0,0,0,40960,480,0,0,0,0
20652,dea38651b06aab617e93bdb343fd28587bdc0e113a4fc957571a06988491ade7,1,16,144,3,0,4,0,65535,0,184,0,0,0,64,0,0,0,128,332,3,0,0,224,258,267,8,0,657408,19456,0,665566,8192,0,4194304,8192,512,4,0,0,0,4,0,704512,512,0,2,34112,1048576,4096,1048576,4096,0,0,665488,75,671744,18944,0,0,0,0,696320,12,0,0,0,0,0,0,0,0,0,0,8192,8,0,0,8200,72
20653,e54392c329658f6b36b4422de94172be965db417d8f9b58a379cbc2492295ece,1,16,144,3,0,4,0,65535,0,184,0,0,0,64,0,0,0,224,332,5,0,0,224,258,267,10,0,34304,15872,0,12199,4096,40960,4194304,4096,512,5,1,0,0,5,1,77824,1024,117380,2,33088,1048576,4096,1048576,4096,0,0,42036,200,0,0,0,0,0,0,57344,1188,0,0,0,0,0,0,0,0,0,0,40960,480,0,0,0,0
20654,ec21b0fae8166d18ea5f9dddd8fdbb5fe26dd62903d3173388b97208d724f3c8,1,16,144,3,0,4,0,65535,0,184,0,0,0,64,0,0,0,224,332,5,0,0,224,258,267,10,0,34304,15872,0,12199,4096,40960,8585216,4096,512,5,1,0,0,5,1,77824,1024,93459,2,33088,1048576,4096,1048576,4096,0,0,42036,200,0,0,0,0,0,0,57344,1188,0,0,0,0,0,0,0,0,0,0,40960,480,0,0,0,0
20655,f0aec57001a184ea82122a59c6e5be48042f75d6f11a40125995ba9531aab718,1,16,80,2,0,4,15,65535,0,184,0,0,0,64,26,0,0,256,332,8,0,0,224,33166,267,2,25,375808,700416,0,379656,4096,380928,4194304,4096,512,4,0,0,0,4,0,1105920,1024,0,2,0,1048576,16384,1048576,4096,0,0,397312,9002,446464,658432,0,0,1077248,9112,417792,27108,0,0,0,0,413696,24,0,0,0,0,0,0,0,0,0,0
20656,f30035bd2f3bd2c03eb6f1c9bac2a4ce3a51da23e37e9faacabeb9dce0605429,1,16,144,3,0,4,0,65535,0,184,0,0,0,64,0,0,0,224,332,5,0,0,224,258,267,10,0,34304,15872,0,12199,4096,40960,4194304,4096,512,5,1,0,0,5,1,77824,1024,96699,2,33088,1048576,4096,1048576,4096,0,0,42036,200,0,0,0,0,0,0,57344,1188,0,0,0,0,0,0,0,0,0,0,40960,480,0,0,0,0
20657,f60eef88ef6c4a37ac4a78b36188cf4da6cedf5e46c4b8d082a3947b6b116884,1,16,144,3,0,4,0,65535,0,184,0,0,0,64,0,0,0,224,332,5,0,0,224,258,267,10,0,34304,15872,0,11924,4096,40960,4194304,4096,512,5,1,0,0,5,1,77824,1024,114838,2,33088,1048576,4096,1048576,4096,0,0,42036,200,0,0,0,0,0,0,57344,1172,0,0,0,0,0,0,0,0,0,0,40960,480,0,0,0,0
20658,f9348fb8d78baa055f90288fec94b67d3f3d30eaa5744feeacef871ee3ad8eb8,1,16,144,3,0,4,0,65535,0,184,0,0,0,64,0,0,0,224,332,5,0,0,224,258,267,10,0,34304,15872,0,11924,4096,40960,4194304,4096,512,5,1,0,0,5,1,77824,1024,77277,2,33088,1048576,4096,1048576,4096,0,0,42036,200,0,0,0,0,0,0,57344,1172,0,0,0,0,0,0,0,0,0,0,40960,480,0,0,0,0
20659,fa0a1227da320afa57509dadf4ece1f264c184abd61f425ae00c43c19e09b006,1,16,144,3,0,4,0,65535,0,184,0,0,0,64,0,0,0,224,332,5,0,0,224,258,267,10,0,34304,15872,0,12199,4096,40960,20578304,4096,512,5,1,0,0,5,1,77824,1024,101674,2,33088,1048576,4096,1048576,4096,0,0,42036,200,0,0,0,0,0,0,57344,1188,0,0,0,0,0,0,0,0,0,0,40960,480,0,0,0,0
20660,0433efd9ba06378eb6eae864c85aafc8b6de79ef6512345294e9e379cc054c3d,1,17,144,3,0,4,0,65535,0,184,0,0,0,64,0,0,0,264,332,7,0,0,224,258,267,14,0,361472,159232,0,208921,4096,368640,4194304,4096,512,5,1,0,0,5,1,544768,1024,0,3,33088,1048576,4096,1048576,4096,0,0,475148,100,512000,480,0,0,0,0,516096,24684,438912,56,0,0,439060,24,438968,64,0,0,368640,424,0,0,0,0
20661,049263e712631a447fd13c8255ed456bcac8b4227502841acd8f229d89dc066c,1,17,144,3,0,4,0,65535,0,184,0,0,0,64,0,0,0,264,332,7,0,0,224,258,267,14,0,361472,159232,0,208921,4096,368640,1179648,4096,512,5,1,0,0,5,1,544768,1024,0,3,33088,1048576,4096,1048576,4096,0,0,475020,100,512000,480,0,0,0,0,516096,24672,438784,56,0,0,438932,24,438840,64,0,0,368640,424,0,0,0,0
20662,051fb654403340420102430f807ea41ab790666488d897dc5b0008e99fed47d6,1,17,144,3,0,4,0,65535,0,184,0,0,0,64,0,0,0,264,332,7,0,0,224,258,267,14,0,360960,159232,0,208697,4096,368640,4194304,4096,512,5,1,0,0,5,1,544768,1024,0,3,33088,1048576,4096,1048576,4096,0,0,474988,100,512000,480,0,0,0,0,516096,24664,438752,56,0,0,438900,24,438808,64,0,0,368640,424,0,0,0,0
20663,0f0014669bc10a7d87472cafc05301c66516857607b920ddeb3039f4cb8f0a50,1,17,144,3,0,4,0,65535,0,184,0,0,0,64,0,0,0,264,332,7,0,0,224,258,267,14,0,360960,158720,0,208697,4096,368640,4194304,4096,512,5,1,0,0,5,1,544768,1024,0,3,33088,1048576,4096,1048576,4096,0,0,474668,100,512000,480,0,0,0,0,516096,24652,438432,56,0,0,438580,24,438488,64,0,0,368640,424,0,0,0,0
20664,153222163442b304f5cee295268115c9cfdf0f1168f49f9e3fae52340eee51ec,1,17,144,3,0,4,0,65535,0,184,0,0,0,64,0,0,0,264,332,7,0,0,224,258,267,14,0,361472,159232,0,208921,4096,368640,4194304,4096,512,5,1,0,0,5,1,544768,1024,0,3,33088,1048576,4096,1048576,4096,0,0,475020,100,512000,480,0,0,0,0,516096,24672,438784,56,0,0,438932,24,438840,64,0,0,368640,424,0,0,0,0
20665,1e2009549452ed6b524b94ed683079ee60c2b9542b1bfd5b9ee42e9161d5e7c8,1,17,144,3,0,4,0,65535,0,184,0,0,0,64,0,0,0,264,332,7,0,0,224,258,267,14,0,360960,158720,0,208697,4096,368640,4194304,4096,512,5,1,0,0,5,1,544768,1024,0,3,33088,1048576,4096,1048576,4096,0,0,474668,100,512000,480,0,0,0,0,516096,24652,438432,56,0,0,438580,24,438488,64,0,0,368640,424,0,0,0,0
20666,2a2eb971b878f56a0a5762656be6f59ec9623451acf4cf16b8c02e478d044cd0,1,17,144,3,0,4,0,65535,0,184,0,0,0,64,0,0,0,264,332,8,0,0,224,258,267,14,0,361472,159232,0,208921,4096,368640,4194304,4096,512,5,1,0,0,5,1,548864,1024,0,3,33088,1048576,4096,1048576,4096,0,0,475036,100,544768,512,0,0,0,0,516096,24680,438800,56,0,0,438948,24,438856,64,0,0,368640,424,0,0,0,0
20667,327934c4c11ba37f42a91e1b7b956d5a4511f918e63047a8c4aa081fd39de6d9,1,17,144,3,0,4,0,65535,0,184,0,0,0,64,0,0,0,264,332,7,0,0,224,258,267,14,0,360960,159232,0,208697,4096,368640,4194304,4096,512,5,1,0,0,5,1,544768,1024,0,3,33088,1048576,4096,1048576,4096,0,0,474956,100,512000,480,0,0,0,0,516096,24660,438720,56,0,0,438868,24,438776,64,0,0,368640,424,0,0,0,0
20668,32d6be4f86451871f70590f01ce01e9263abe18286db1272928a23c125e844f3,1,17,144,3,0,4,0,65535,0,184,0,0,0,64,0,0,0,264,332,8,0,0,224,258,267,14,0,360960,159232,0,208697,4096,368640,4194304,4096,512,5,1,0,0,5,1,548864,1024,0,3,33088,1048576,4096,1048576,4096,0,0,474988,100,544768,512,0,0,0,0,516096,24664,438752,56,0,0,438900,24,438808,64,0,0,368640,424,0,0,0,0
20669,39ef1d9afd248791d765f0deaed6ebaac5416876a705e407cc97a35dad038fd8,1,17,144,3,0,4,0,65535,0,184,0,0,0,64,0,0,0,264,332,8,0,0,224,258,267,14,0,361472,159232,0,208921,4096,368640,4194304,4096,512,5,1,0,0,5,1,548864,1024,0,3,33088,1048576,4096,1048576,4096,0,0,475020,100,544768,512,0,0,0,0,516096,24672,438784,56,0,0,438932,24,438840,64,0,0,368640,424,0,0,0,0
20670,3a83805e3ad41c6acd7931a0902b519669b8f38e491357c6f31fa46509f3c77e,1,17,144,3,0,4,0,65535,0,184,0,0,0,64,0,0,0,264,332,8,0,0,224,258,267,14,0,360960,159232,0,208697,4096,368640,4194304,4096,512,5,1,0,0,5,1,548864,1024,0,3,33088,1048576,4096,1048576,4096,0,0,474988,100,544768,512,0,0,0,0,516096,24664,438752,56,0,0,438900,24,438808,64,0,0,368640,424,0,0,0,0
20671,425945a93beb160f101d51de36363d1e7ebc45279987c3eaf5e7f183ed0a3776,1,17,144,3,0,4,0,65535,0,184,0,0,0,64,0,0,0,264,332,7,0,0,224,258,267,14,0,361472,162816,0,208729,4096,368640,4194304,4096,512,5,1,0,0,5,1,548864,1024,0,3,33088,1048576,4096,1048576,4096,0,0,476020,100,516096,480,0,0,0,0,520192,25272,438896,56,0,0,439044,24,438952,64,0,0,368640,412,0,0,0,0
20672,44f1def68aef34687bfacf3668e56873f9d603fc6741d5da1209cc55bdc6f1f9,1,17,144,3,0,4,0,65535,0,184,0,0,0,64,0,0,0,264,332,7,0,0,224,258,267,14,0,361472,159232,0,208921,4096,368640,4194304,4096,512,5,1,0,0,5,1,544768,1024,0,3,33088,1048576,4096,1048576,4096,0,0,475036,100,512000,480,0,0,0,0,516096,24680,438800,56,0,0,438948,24,438856,64,0,0,368640,424,0,0,0,0
20673,4770a0447ebc83a36e590da8d01ff4a418d58221c1f44d21f433aaf18fad5a99,1,17,144,3,0,4,0,65535,0,184,0,0,0,64,0,0,0,256,332,7,0,0,224,258,267,14,0,361472,162816,0,208729,4096,368640,4194304,4096,512,5,1,0,0,5,1,548864,1024,0,3,33088,1048576,4096,1048576,4096,0,0,476036,100,516096,480,0,0,0,0,520192,25284,438912,56,0,0,439060,24,438968,64,0,0,368640,424,0,0,0,0
20674,48355bd2a57d92e017bdada911a4b31aa7225c0b12231c9cbda6717616abaea3,1,17,144,3,0,4,0,65535,0,184,0,0,0,64,0,0,0,264,332,7,0,0,224,258,267,14,0,360960,158720,0,208697,4096,368640,4194304,4096,512,5,1,0,0,5,1,544768,1024,0,3,33088,1048576,4096,1048576,4096,0,0,474668,100,512000,480,0,0,0,0,516096,24652,438432,56,0,0,438580,24,438488,64,0,0,368640,424,0,0,0,0
20675,4dc802894c45ec4d119d002a7569be6c99a9bba732d0057364da9350f9d3659b,1,17,144,3,0,4,0,65535,0,184,0,0,0,64,0,0,0,264,332,7,0,0,224,258,267,14,0,360960,159232,0,208697,4096,368640,4194304,4096,512,5,1,0,0,5,1,544768,1024,0,3,33088,1048576,4096,1048576,4096,0,0,474988,100,512000,480,0,0,0,0,516096,24664,438752,56,0,0,438900,24,438808,64,0,0,368640,424,0,0,0,0
20676,5510ae74b7e2a10fdafa577dc278612f7796b0252b7d1438615e26c49e1fc560,1,17,144,3,0,4,0,65535,0,184,0,0,0,64,0,0,0,256,332,7,0,0,224,258,267,14,0,374784,165376,0,217151,4096,380928,4194304,4096,512,5,1,0,0,5,1,565248,1024,0,3,33088,1048576,4096,1048576,4096,0,0,490252,100,532480,480,0,0,0,0,536576,25928,451664,56,0,0,451812,24,451720,64,0,0,380928,392,0,0,0,0
20677,58ebe9b1c926c87dc1e9d924942504a56456007bff8de4932ef18e476da700c2,1,17,144,3,0,4,0,65535,0,184,0,0,0,64,0,0,0,264,332,7,0,0,224,258,267,14,0,361472,159232,0,208921,4096,368640,4194304,4096,512,5,1,0,0,5,1,544768,1024,0,3,33088,1048576,4096,1048576,4096,0,0,474988,100,512000,480,0,0,0,0,516096,24676,438752,56,0,0,438900,24,438808,64,0,0,368640,424,0,0,0,0
20678,61bb42fe06b3511d512af33ef59baa295b29bd62eb4d0bf28639c7910a65e4ae,1,17,144,3,0,4,0,65535,0,184,0,0,0,64,0,0,0,264,332,7,0,0,224,258,267,14,0,361472,162816,0,208729,4096,368640,4194304,4096,512,5,1,0,0,5,1,548864,1024,0,3,33088,1048576,4096,1048576,4096,0,0,476020,100,516096,480,0,0,0,0,520192,25272,438896,56,0,0,439044,24,438952,64,0,0,368640,412,0,0,0,0
20679,6f3cd5f05ab4f404c78bab92f705c91d967b31a9b06017d910af312fa87ae3d6,1,17,144,3,0,4,0,65535,0,184,0,0,0,64,0,0,0,264,332,7,0,0,224,258,267,14,0,361472,159232,0,208921,4096,368640,4194304,4096,512,5,1,0,0,5,1,544768,1024,0,3,33088,1048576,4096,1048576,4096,0,0,474988,100,512000,480,0,0,0,0,516096,24676,438752,56,0,0,438900,24,438808,64,0,0,368640,424,0,0,0,0
20680,6f4338a7a3ef8e491279ae81543a08554cad15d1bce6007047bc4449d945b799,1,17,144,3,0,4,0,65535,0,184,0,0,0,64,0,0,0,264,332,7,0,0,224,258,267,14,0,360960,159232,0,208697,4096,368640,4194304,4096,512,5,1,0,0,5,1,544768,1024,0,3,33088,1048576,4096,1048576,4096,0,0,474988,100,512000,480,0,0,0,0,516096,24664,438752,56,0,0,438900,24,438808,64,0,0,368640,424,0,0,0,0
20681,75c8e93ffcfd84f0d3444c0b9fc8c9a462f91540c8760025c393a749d198d9db,1,17,144,3,0,4,0,65535,0,184,0,0,0,64,0,0,0,264,332,7,0,0,224,258,267,14,0,361472,159232,0,208921,4096,368640,4194304,4096,512,5,1,0,0,5,1,544768,1024,0,3,33088,1048576,4096,1048576,4096,0,0,475036,100,512000,480,0,0,0,0,516096,24680,438800,56,0,0,438948,24,438856,64,0,0,368640,424,0,0,0,0
20682,7c774062bc55e2d0e869d5d69820aa6e3b759454dbc926475b4db6f7f2b6cb14,1,17,144,3,0,4,0,65535,0,184,0,0,0,64,0,0,0,264,332,7,0,0,224,258,267,14,0,361472,159232,0,208921,4096,368640,4194304,4096,512,5,1,0,0,5,1,544768,1024,0,3,33088,1048576,4096,1048576,4096,0,0,475164,100,512000,480,0,0,0,0,516096,24684,438928,56,0,0,439076,24,438984,64,0,0,368640,424,0,0,0,0
20683,7fd3000a3afbf077589c300f90b59864ec1fb716feba8e288ed87291c8fdf7c3,1,17,144,3,0,4,0,65535,0,184,0,0,0,64,0,0,0,264,332,7,0,0,224,258,267,14,0,361472,159232,0,208921,4096,368640,4194304,4096,512,5,1,0,0,5,1,544768,1024,0,3,33088,1048576,4096,1048576,4096,0,0,475020,100,512000,480,0,0,0,0,516096,24672,438784,56,0,0,438932,24,438840,64,0,0,368640,424,0,0,0,0
20684,83c4877cc0d7ae061e10103e1491dad26458c39bf2d6eeeb2b02b98c640238ba,1,17,144,3,0,4,0,65535,0,184,0,0,0,64,0,0,0,264,332,7,0,0,224,258,267,14,0,360960,159232,0,208697,4096,368640,4194304,4096,512,5,1,0,0,5,1,544768,1024,0,3,33088,1048576,4096,1048576,4096,0,0,474988,100,512000,480,0,0,0,0,516096,24664,438752,56,0,0,438900,24,438808,64,0,0,368640,424,0,0,0,0
20685,8b4b233e87c61c8698e086b376da640c9ab2ecd71c58b1f6a2eceb60b7e1a691,1,17,144,3,0,4,0,65535,0,184,0,0,0,64,0,0,0,264,332,7,0,0,224,258,267,14,0,360960,159232,0,208697,4096,368640,4194304,4096,512,5,1,0,0,5,1,544768,1024,0,3,33088,1048576,4096,1048576,4096,0,0,474956,100,512000,480,0,0,0,0,516096,24660,438720,56,0,0,438868,24,438776,64,0,0,368640,424,0,0,0,0
20686,8c4a385620a2ac889f5727bd80eba534b73cccd81839e1afd210be1eac2e2a91,1,17,144,3,0,4,0,65535,0,184,0,0,0,64,0,0,0,264,332,8,0,0,224,258,267,14,0,360960,159232,0,208697,4096,368640,4194304,4096,512,5,1,0,0,5,1,548864,1024,0,3,33088,1048576,4096,1048576,4096,0,0,474988,100,544768,512,0,0,0,0,516096,24664,438752,56,0,0,438900,24,438808,64,0,0,368640,424,0,0,0,0
20687,90cf35560032c380ddaaa05d9ed6baacbc7526a94a992a07fd02f92f371a8e92,1,17,144,3,0,4,0,65535,0,184,0,0,0,64,0,0,0,264,332,7,0,0,224,258,267,14,0,361472,159232,0,208921,4096,368640,4194304,4096,512,5,1,0,0,5,1,544768,1024,0,3,33088,1048576,4096,1048576,4096,0,0,475036,100,512000,480,0,0,0,0,516096,24680,438800,56,0,0,438948,24,438856,64,0,0,368640,424,0,0,0,0
20688,931772ac59f5859e053589202c8db81edc01911391fe5b32c9abb5bbc2b06e43,1,17,144,3,0,4,0,65535,0,184,0,0,0,64,0,0,0,264,332,7,0,0,224,258,267,14,0,360960,159232,0,208697,4096,368640,4194304,4096,512,5,1,0,0,5,1,544768,1024,0,3,33088,1048576,4096,1048576,4096,0,0,474988,100,512000,480,0,0,0,0,516096,24664,438752,56,0,0,438900,24,438808,64,0,0,368640,424,0,0,0,0
20689,a18c85399cd1ec3f1ec85cd66ff2e97a0dcf7ccb17ecf697a5376da8eda4d327,1,17,144,3,0,4,0,65535,0,184,0,0,0,64,0,0,0,264,332,7,0,0,224,258,267,14,0,361472,162816,0,208729,4096,368640,4194304,4096,512,5,1,0,0,5,1,548864,1024,0,3,33088,1048576,4096,1048576,4096,0,0,476004,100,516096,480,0,0,0,0,520192,25272,438880,56,0,0,439028,24,438936,64,0,0,368640,412,0,0,0,0
20690,af99b482eb0b3ff976fa719bf0079da15f62a6c203911655ed93e52ae05c4ac8,1,17,144,3,0,4,0,65535,0,184,0,0,0,64,0,0,0,264,332,7,0,0,224,258,267,14,0,360960,159232,0,208697,4096,368640,4194304,4096,512,5,1,0,0,5,1,544768,1024,0,3,33088,1048576,4096,1048576,4096,0,0,474988,100,512000,480,0,0,0,0,516096,24664,438752,56,0,0,438900,24,438808,64,0,0,368640,424,0,0,0,0
20691,d1b6ee9b716fe48e51ac4e6bec691366bb08d507773d61a5d14fb15ec5e25e2b,1,17,144,3,0,4,0,65535,0,184,0,0,0,64,0,0,0,264,332,7,0,0,224,258,267,14,0,361472,159232,0,208921,4096,368640,4194304,4096,512,5,1,0,0,5,1,544768,1024,0,3,33088,1048576,4096,1048576,4096,0,0,475020,100,512000,480,0,0,0,0,516096,24672,438784,56,0,0,438932,24,438840,64,0,0,368640,424,0,0,0,0
20692,e4287e9708a73ce6a9b7a3e7c72462b01f7cc3c595d972cf2984185ac1a3a4a8,1,17,144,3,0,4,0,65535,0,184,0,0,0,64,0,0,0,264,332,7,0,0,224,258,267,14,0,360960,159232,0,208697,4096,368640,4194304,4096,512,5,1,0,0,5,1,544768,1024,0,3,33088,1048576,4096,1048576,4096,0,0,474956,100,512000,480,0,0,0,0,516096,24660,438720,56,0,0,438868,24,438776,64,0,0,368640,424,0,0,0,0
20693,e9662b468135f758a9487a1be50159ef57f3050b753de2915763b4ed78839ead,1,17,144,3,0,4,0,65535,0,184,0,0,0,64,0,0,0,256,332,7,0,0,224,258,267,14,0,361472,162816,0,208729,4096,368640,4194304,4096,512,5,1,0,0,5,1,548864,1024,0,3,33088,1048576,4096,1048576,4096,0,0,476036,100,516096,480,0,0,0,0,520192,25284,438912,56,0,0,439060,24,438968,64,0,0,368640,424,0,0,0,0
20694,f0939ebfda6b30a330a00c57497038a54da359e316e0d6e6e71871fd50fec16a,1,17,144,3,0,4,0,65535,0,184,0,0,0,64,0,0,0,264,332,7,0,0,224,258,267,14,0,360960,158720,0,208697,4096,368640,4194304,4096,512,5,1,0,0,5,1,544768,1024,0,3,33088,1048576,4096,1048576,4096,0,0,474668,100,512000,480,0,0,0,0,516096,24652,438432,56,0,0,438580,24,438488,64,0,0,368640,424,0,0,0,0
20695,f602319a51dfad374687a6d18f87c9f8e7b9cab956a4993c2ed83e7adad6e2db,1,17,144,3,0,4,0,65535,0,184,0,0,0,64,0,0,0,264,332,9,0,0,224,258,267,14,0,361472,159232,0,208921,4096,368640,4194304,4096,512,5,1,0,0,5,1,675840,1024,0,3,33088,1048576,4096,1048576,4096,0,0,475020,100,512000,480,0,0,0,0,516096,24672,438784,56,0,0,438932,24,438840,64,0,0,368640,424,0,0,0,0
20696,fb31b023d2545563862c9c314d91770fcec7bb7a4b13abfdb5244266a67446a3,1,17,144,3,0,4,0,65535,0,184,0,0,0,64,0,0,0,264,332,7,0,0,224,258,267,14,0,361472,159232,0,208921,4096,368640,4194304,4096,512,5,1,0,0,5,1,544768,1024,0,3,33088,1048576,4096,1048576,4096,0,0,475020,100,512000,480,0,0,0,0,516096,24672,438784,56,0,0,438932,24,438840,64,0,0,368640,424,0,0,0,0
20697,fd4db629ddb82ee6f339ed998fafaaf74f74cc7391c95263ca63df900b69ef1b,1,17,144,3,0,4,0,65535,0,184,0,0,0,64,0,0,0,264,332,8,0,0,224,258,267,14,0,360960,158720,0,208697,4096,368640,4194304,4096,512,5,1,0,0,5,1,548864,1024,0,3,33088,1048576,4096,1048576,4096,0,0,474668,100,544768,512,0,0,0,0,516096,24652,438432,56,0,0,438580,24,438488,64,0,0,368640,424,0,0,0,0
20698,0209d66c757282330b026a4cf00dfffc64c88a460d3e43212abe2e721d066d23,1,18,144,3,0,4,0,65535,0,184,0,0,0,64,0,0,0,240,332,4,0,0,224,258,267,14,16,48640,125952,0,7428,4096,53248,4194304,4096,512,5,1,0,0,5,1,180224,1024,0,2,33088,1048576,4096,1048576,4096,0,0,74756,40,0,0,0,0,0,0,176128,3692,73008,28,0,0,0,0,73040,64,0,0,53248,292,0,0,0,0
20699,0272f2709880a7d60be927bd860a02c19665a3142b4dc22c13a11bec157b2a6a,1,18,144,3,0,4,0,65535,0,184,0,0,0,64,0,0,0,240,332,4,0,0,224,258,267,14,16,48640,125952,0,7428,4096,53248,4194304,4096,512,5,1,0,0,5,1,180224,1024,0,2,33088,1048576,4096,1048576,4096,0,0,74756,40,0,0,0,0,0,0,176128,3692,73008,28,0,0,0,0,73040,64,0,0,53248,292,0,0,0,0
20700,041fd213326dd5c10a16caf88ff076bb98c68c052284430fba5f601023d39a14,1,18,144,3,0,4,0,65535,0,184,0,0,0,64,0,0,0,208,332,6,0,0,224,258,267,14,16,26624,13824,0,10672,4096,32768,4194304,4096,512,5,1,0,0,5,1,61440,1024,0,2,33856,1048576,4096,1048576,4096,0,0,35492,140,53248,480,0,0,0,0,57344,656,35184,56,0,0,0,0,0,0,0,0,32768,384,0,0,0,0
20701,04c9cc0d1577d5ee54a4e2d4dd12f17011d13703cdd0e6efd46718d14fd9aa87,1,18,144,3,0,4,0,65535,0,184,0,0,0,64,0,0,0,232,332,6,0,0,224,258,267,14,16,33792,23040,0,16960,4096,40960,4194304,4096,512,5,1,0,0,5,1,73728,1024,0,2,50240,1048576,4096,1048576,4096,0,0,44244,140,65536,480,0,0,0,0,69632,1272,43744,56,0,0,0,0,43800,64,0,0,40960,464,0,0,0,0
20702,0766beb30c575fc68d1ca134bd53c086d2ce63b040e4d0bbd6d89d8c26ca04f6,1,18,144,3,0,4,0,65535,0,184,0,0,0,64,0,0,0,224,332,5,0,0,224,270,267,6,0,147456,57344,0,57569,4096,151552,4194304,4096,4096,4,0,0,0,4,0,208896,4096,0,2,0,1048576,4096,1048576,4096,0,0,188356,120,0,0,0,0,0,0,200704,5060,0,0,0,0,179228,24,0,0,0,0,151552,392,0,0,0,0
20703,1602d04000a8c7221ed0d97d79f3157303e209d4640d31b8566dd52c2b09d033,1,18,144,3,0,4,0,65535,0,184,0,0,0,64,0,0,0,216,332,6,0,0,224,258,267,14,16,29696,20480,0,13168,4096,36864,4194304,4096,512,5,1,0,0,5,1,69632,1024,0,2,33856,1048576,4096,1048576,4096,0,0,39684,140,61440,480,0,0,0,0,65536,896,39376,56,0,0,0,0,0,0,0,0,36864,432,0,0,0,0
20704,16166851c86178085cfa28127c3e20dfe692ac9da7428c08888c9c4b2d0aadad,1,18,144,3,0,4,0,65535,0,184,0,0,0,64,0,0,0,240,332,4,0,0,224,258,267,14,16,51712,118272,0,7316,4096,57344,4194304,4096,512,6,0,0,0,6,0,180224,1024,0,2,33088,1048576,4096,1048576,4096,0,0,78356,40,0,0,0,0,0,0,176128,3640,76560,28,0,0,0,0,76592,64,0,0,57344,288,0,0,0,0
20705,1f0ea8ee29856eacc5fd26521d44e14201832820bba38534310f7eb6f28d5f77,1,18,144,3,0,4,0,65535,0,184,0,0,0,64,0,0,0,256,332,5,0,0,224,258,267,14,16,160256,65024,0,72107,4096,167936,4194304,4096,512,6,0,0,0,6,0,241664,4096,0,2,33088,1048576,4096,1048576,4096,0,0,205388,60,229376,480,0,0,0,0,0,0,0,0,0,0,0,0,203296,64,0,0,0,0,0,0,0,0
20706,27ff7406aa1507ba4b5fbdd2d579c1ed3d301e4399b99fb1ba8c1d47748be339,1,18,144,3,0,4,0,65535,0,184,0,0,0,64,0,0,0,240,332,4,0,0,224,258,267,14,16,48640,125952,0,7428,4096,53248,4194304,4096,512,5,1,0,0,5,1,180224,1024,0,2,33088,1048576,4096,1048576,4096,0,0,74756,40,0,0,0,0,0,0,176128,3692,73008,28,0,0,0,0,73040,64,0,0,53248,292,0,0,0,0
20707,2be37eb63aa942a7ff3a7101afa786489b34bfe284b8ae746436c5f5e188eb04,1,18,144,3,0,4,0,65535,0,184,0,0,0,64,0,0,0,240,332,4,0,0,224,258,267,14,16,48640,125952,0,7428,4096,53248,4194304,4096,512,5,1,0,0,5,1,180224,1024,0,2,33088,1048576,4096,1048576,4096,0,0,74756,40,0,0,0,0,0,0,176128,3692,73008,28,0,0,0,0,73040,64,0,0,53248,292,0,0,0,0
20708,2c6fe093fd80bb076e88c50cfd6c86f187c0520c8790d771e1368bd241d59f17,1,18,144,3,0,4,0,65535,0,184,0,0,0,64,0,0,0,240,332,4,0,0,224,258,267,14,16,48640,125952,0,260261424,4096,53248,8192000,4096,512,5,1,0,0,5,1,180224,1024,0,2,33088,1048576,4096,1048576,4096,0,0,74756,40,0,0,0,0,0,0,176128,3692,73008,28,0,0,0,0,73040,64,0,0,0,0,0,0,0,0
20709,30dcc7a8ae98e52ee5547379048ca1fc90925e09a2a81c055021ba225c1d064c,1,18,144,3,0,4,0,65535,0,184,0,0,0,64,0,0,0,224,332,4,0,0,224,271,267,6,0,53248,69632,0,19900,4096,57344,4194304,4096,4096,4,0,0,0,4,0,126976,4096,0,2,0,1048576,4096,1048576,4096,0,0,60880,60,0,0,0,0,0,0,0,0,0,0,0,0,0,0,0,0,0,0,0,0,0,0,0,0
20710,32d16594582e303443462bb4a8e37424e853154b900ec8d47c42f199c8be6fea,1,18,144,3,0,4,0,65535,0,184,0,0,0,64,0,0,0,256,332,5,0,0,224,258,267,14,16,160256,65024,0,72107,4096,167936,4194304,4096,512,6,0,0,0,6,0,241664,1024,0,2,33088,1048576,4096,1048576,4096,0,0,205388,60,229376,480,0,0,0,0,233472,6372,203264,28,0,0,0,0,203296,64,0,0,167936,328,0,0,0,0
20711,3b43751ed88e4d1f82cf52ca2d4477e3e35c35f08c1b4e3ab21c80720601e804,1,18,144,3,0,4,0,65535,0,184,0,0,0,64,0,0,0,232,332,6,0,0,224,258,267,14,16,33792,23040,0,17024,4096,40960,4194304,4096,512,5,1,0,0,5,1,73728,1024,0,2,50240,1048576,4096,1048576,4096,0,0,44292,140,65536,480,0,0,0,0,69632,1280,43792,56,0,0,0,0,43848,64,0,0,40960,464,0,0,0,0
20712,3bc8ce79ee7043c9ad70698e3fc2013806244dc5112c8c8d465e96757b57b1e1,1,18,144,3,0,4,0,65535,0,184,0,0,0,64,0,0,0,208,332,6,0,0,224,258,267,14,16,29184,20480,0,12608,4096,36864,4194304,4096,512,5,1,0,0,5,1,69632,1024,0,2,33856,1048576,4096,1048576,4096,0,0,39684,140,61440,480,0,0,0,0,65536,880,39376,56,0,0,0,0,0,0,0,0,36864,432,0,0,0,0
20713,3c103850d13c9564b06087c9ad55ca2c1e2e9b9d063cb7a39d7a105f689f87a8,1,18,144,3,0,4,0,65535,0,184,0,0,0,64,0,0,0,232,332,6,0,0,224,258,267,14,16,33792,23040,0,17024,4096,40960,4194304,4096,512,5,1,0,0,5,1,73728,1024,0,2,50240,1048576,4096,1048576,4096,0,0,44292,140,65536,480,0,0,0,0,69632,1280,43792,56,0,0,0,0,43848,64,0,0,40960,464,0,0,0,0
20714,467be4279ce6d4a973aa79eae37ad09174b79c5eb48c03093c9a52a4bd04d092,1,18,144,3,0,4,0,65535,0,184,0,0,0,64,0,0,0,240,332,4,0,0,224,258,267,14,16,48640,125952,0,7428,4096,53248,4194304,4096,512,5,1,0,0,5,1,180224,1024,0,2,33088,1048576,4096,1048576,4096,0,0,74756,40,0,0,0,0,0,0,176128,3692,73008,28,0,0,0,0,73040,64,0,0,53248,292,0,0,0,0
20715,4e17fb5415d3bfbf419afe186e0a3ed1c6478bddf9fb9b996e98f6318456a7e6,1,18,144,3,0,4,0,65535,0,184,0,0,0,64,0,0,0,240,332,4,0,0,224,258,267,14,16,48640,125952,0,7428,4096,53248,4194304,4096,512,5,1,0,0,5,1,180224,1024,0,2,33088,1048576,4096,1048576,4096,0,0,74756,40,0,0,0,0,0,0,176128,3692,73008,28,0,0,0,0,73040,64,0,0,53248,292,0,0,0,0
20716,4e8e84ad831cf251366b609720d6e3c6523fdd66ea0f989acb5d62e62e418cdf,1,18,144,3,0,4,0,65535,0,184,0,0,0,64,0,0,0,216,332,6,0,0,224,258,267,14,16,29696,20480,0,13168,4096,36864,4194304,4096,512,5,1,0,0,5,1,69632,1024,0,2,33856,1048576,4096,1048576,4096,0,0,39684,140,61440,480,0,0,0,0,65536,896,39376,56,0,0,0,0,0,0,0,0,36864,432,0,0,0,0
20717,4f0268288fb680fbabc48b09a87e828a6e18782516fa9b9bfc23acc2727f6ba9,1,18,144,3,0,4,0,65535,0,184,0,0,0,64,0,0,0,224,332,4,0,0,224,271,267,6,0,53248,69632,0,19900,4096,57344,4194304,4096,4096,4,0,0,0,4,0,126976,4096,0,2,0,1048576,4096,1048576,4096,0,0,60880,60,0,0,0,0,0,0,122880,3208,0,0,0,0,0,0,0,0,0,0,57344,336,0,0,0,0
20718,53df85f3250eb84f9c8b29731173d8cc9b4416744203b64edc76dd3b589d85c1,1,18,64,1,0,2,0,65535,0,184,0,0,0,10,0,46080,52489,64,332,4,0,0,224,770,267,14,16,33792,227328,0,16768,4096,40960,4194304,4096,512,5,1,0,0,5,1,286720,512,287353,2,50176,1048576,8192,1048576,4096,0,0,283088,140,77824,203441,0,0,0,0,0,0,0,0,0,0,0,0,0,0,0,0,0,0,0,0,0,0
20719,63096f288f49b25d50f4aea52dc1fc00871b3927fa2a81fa0b0d752b261a3059,1,18,144,3,0,4,0,65535,0,184,0,0,0,64,0,0,0,208,332,6,0,0,224,258,267,14,16,27136,16384,0,10672,4096,32768,4194304,4096,512,5,1,0,0,5,1,61440,1024,0,2,33856,1048576,4096,1048576,4096,0,0,35540,140,53248,480,0,0,0,0,57344,720,35232,56,0,0,0,0,0,0,0,0,32768,416,0,0,0,0
20720,68eb2d2d7866775d6bf106a914281491d23769a9eda88fc078328150b8432bb3,1,18,144,3,0,4,0,65535,0,184,0,0,0,64,0,0,0,224,332,4,0,0,224,270,267,6,0,53248,69632,0,19900,4096,57344,4194304,4096,4096,4,0,0,0,4,0,126976,4096,0,2,0,1048576,4096,1048576,4096,0,0,60880,60,0,0,0,0,0,0,122880,3208,0,0,0,0,0,0,0,0,0,0,57344,336,0,0,0,0
20721,6edc6154834951ffc012f575e2827da8e4aca4f67f24ef59a678e02dc40c9c91,1,18,64,1,0,2,0,65535,0,184,0,0,0,10,0,46080,52489,64,332,4,0,0,224,771,267,14,16,33792,227328,0,16768,4096,40960,4194304,4096,512,5,1,0,0,5,1,286720,512,287353,2,50176,1048576,8192,1048576,4096,0,0,282624,140,77824,203441,0,0,0,0,0,0,0,0,0,0,0,0,0,0,0,0,0,0,0,0,0,0
20722,73697bf67323eac51eff5c4c5c9fefbeea0c7c9fc125341fa7d85e97c097a71f,1,18,64,1,0,2,0,65535,0,184,0,0,0,10,0,46080,52489,64,332,4,0,0,224,770,267,14,16,33792,227328,0,16768,4096,40960,4194304,4096,512,5,1,0,0,5,1,286720,512,287353,2,50176,1048576,8192,1048576,4096,0,0,283088,140,77824,203441,0,0,0,0,0,0,0,0,0,0,0,0,0,0,0,0,0,0,0,0,0,0
20723,7af61ce420051640c50b0e73e718dd8c55dddfcb58917a3bead9d3ece2f3e929,1,18,144,3,0,4,0,65535,0,184,0,0,0,64,0,0,0,208,332,6,0,0,224,258,267,14,16,28160,20480,0,11760,4096,32768,4194304,4096,512,5,1,0,0,5,1,65536,1024,0,2,33856,1048576,4096,1048576,4096,0,0,35572,140,57344,480,0,0,0,0,61440,800,35264,56,0,0,0,0,0,0,0,0,32768,432,0,0,0,0
20724,9706a97ffa43a0258571def8912dc2b8bf1ee207676052ad1b9c16ca9953fc2c,1,18,144,3,0,4,0,65535,0,184,0,0,0,64,0,0,0,224,332,7,0,0,224,258,267,14,16,26112,12288,0,10352,4096,32768,4194304,4096,512,5,1,0,0,5,1,61440,1024,0,2,33856,1048576,4096,1048576,4096,0,0,35364,160,53248,480,0,0,0,0,57344,620,35040,56,0,0,0,0,0,0,0,0,32768,384,0,0,0,0
20725,9bdd7f965d1c67396afb0a84c78b4d12118ff377db7efdca4a1340933120f376,1,18,144,3,0,4,0,65535,0,184,0,0,0,64,0,0,0,208,332,6,0,0,224,258,267,14,16,26624,13824,0,10672,4096,32768,4194304,4096,512,5,1,0,0,5,1,61440,1024,0,2,33856,1048576,4096,1048576,4096,0,0,35492,140,53248,480,0,0,0,0,57344,656,35184,56,0,0,0,0,0,0,0,0,32768,384,0,0,0,0
20726,ac16f3e23516cf6b22830c399b4aba9706d37adceb5eb8ea9960f71f1425df79,1,18,144,3,0,4,0,65535,0,184,0,0,0,64,0,0,0,232,332,6,0,0,224,258,267,14,16,33792,23040,0,17024,4096,40960,4194304,4096,512,5,1,0,0,5,1,73728,1024,0,2,50240,1048576,4096,1048576,4096,0,0,44292,140,65536,480,0,0,0,0,69632,1280,43792,56,0,0,0,0,43848,64,0,0,40960,464,0,0,0,0
20727,b5466ce462df16b3a29f22192b1291d70479cacf35bd5e937f35b2567da948fe,1,18,144,3,0,4,0,65535,0,184,0,0,0,64,0,0,0,240,332,4,0,0,224,258,267,14,16,48640,125952,0,7428,4096,53248,4194304,4096,512,5,1,0,0,5,1,180224,1024,0,2,33088,1048576,4096,1048576,4096,0,0,74756,40,0,0,0,0,0,0,176128,3692,73008,28,0,0,0,0,73040,64,0,0,53248,292,0,0,0,0
20728,b670441066ff868d06c682e5167b9dbc85b5323f3acfbbc044cabc0e5a594186,1,18,144,3,0,4,0,65535,0,184,0,0,0,64,0,0,0,224,332,3,0,0,224,271,267,6,0,69632,4096,61440,134288,65536,135168,4194304,4096,512,4,0,0,0,4,0,139264,4096,0,2,0,1048576,4096,1048576,4096,0,0,135168,224,0,0,0,0,0,0,0,0,0,0,0,0,0,0,0,0,0,0,0,0,0,0,0,0
20729,b7319f3e21c3941fc2a960b67a150b02f1f3389825164140e75dfa023a73d34c,1,18,144,3,0,4,0,65535,0,184,0,0,0,64,0,0,0,256,332,5,0,0,224,258,267,14,16,160256,65024,0,72107,4096,167936,4194304,4096,512,6,0,0,0,6,0,241664,1024,0,2,33088,1048576,4096,1048576,4096,0,0,205388,60,229376,480,0,0,0,0,233472,6372,203264,28,0,0,0,0,203296,64,0,0,167936,328,0,0,0,0
20730,c2bd70495630ed8279de0713a010e5e55f3da29323b59ef71401b12942ba52f6,1,18,144,3,0,4,0,65535,0,184,0,0,0,64,0,0,0,208,332,6,0,0,224,258,267,14,16,28160,20480,0,11760,4096,32768,4194304,4096,512,5,1,0,0,5,1,65536,1024,0,2,33856,1048576,4096,1048576,4096,0,0,35572,140,57344,480,0,0,0,0,61440,800,35264,56,0,0,0,0,0,0,0,0,32768,432,0,0,0,0
20731,c85b211a9cf462aa88efe3db72ab5ab9ed91480355f1fd359d2680fdcb1b0c28,1,18,144,3,0,4,0,65535,0,184,0,0,0,64,0,0,0,232,332,6,0,0,224,258,267,14,16,33792,23040,0,16960,4096,40960,4194304,4096,512,5,1,0,0,5,1,73728,1024,0,2,50240,1048576,4096,1048576,4096,0,0,44244,140,65536,480,0,0,0,0,69632,1272,43744,56,0,0,0,0,43800,64,0,0,40960,464,0,0,0,0
20732,d333d5eb3fc8fdd2c18e65723400c2ab939988fae9802937af329bb6b3735720,1,18,144,3,0,4,0,65535,0,184,0,0,0,64,0,0,0,232,332,6,0,0,224,258,267,14,16,33792,20992,0,16784,4096,40960,4194304,4096,512,5,1,0,0,5,1,73728,1024,0,2,50240,1048576,4096,1048576,4096,0,0,44148,140,65536,472,0,0,0,0,69632,1280,0,0,0,0,0,0,43704,64,0,0,40960,464,0,0,0,0
20733,db8b499d613b604a439bca37c3be2f578bdfcde1b2271eccbcf22db85996e785,1,18,144,3,0,4,0,65535,0,184,0,0,0,64,0,0,0,256,332,6,0,0,224,258,267,14,0,176640,67584,0,83793,4096,184320,4194304,4096,512,6,0,0,0,6,0,266240,1024,0,3,33088,1048576,4096,1048576,4096,221712,2592,224304,60,253952,480,0,0,0,0,258048,6988,219664,28,0,0,0,0,219696,64,0,0,184320,336,0,0,0,0
20734,dd5d4cf9422b6e4514d49a3ec542cffb682be8a24079010cda689afbb44ac0f4,1,18,144,3,0,4,0,65535,0,184,0,0,0,64,0,0,0,208,332,6,0,0,224,258,267,14,16,29184,20480,0,12608,4096,36864,4194304,4096,512,5,1,0,0,5,1,69632,1024,0,2,33856,1048576,4096,1048576,4096,0,0,39684,140,61440,480,0,0,0,0,65536,880,39376,56,0,0,0,0,0,0,0,0,36864,432,0,0,0,0
20735,dd79b2abc21e766fe3076038482ded43e5069a1af9e0ad29e06dce387bfae900,1,18,144,3,0,4,0,65535,0,184,0,0,0,64,0,0,0,232,332,6,0,0,224,258,267,14,16,33792,24064,0,16768,4096,40960,4194304,4096,512,5,1,0,0,5,1,73728,1024,0,2,50240,1048576,4096,1048576,4096,0,0,44132,140,65536,480,0,0,0,0,69632,1268,43632,56,0,0,0,0,43688,64,0,0,40960,464,0,0,0,0
20736,e1957024039b0e48a15c27448f19d4df4f0e4666f9ac34e7f4d42dd3c32e15ed,1,18,144,3,0,4,0,65535,0,184,0,0,0,64,0,0,0,208,332,6,0,0,224,258,267,14,16,26624,13824,0,10672,4096,32768,4194304,4096,512,5,1,0,0,5,1,61440,1024,0,2,33856,1048576,4096,1048576,4096,0,0,35492,140,53248,480,0,0,0,0,57344,656,35184,56,0,0,0,0,0,0,0,0,32768,384,0,0,0,0
20737,e7fe3b83e1730593d372b5a848e84066c07d75ee4790395a258822cfb8502412,1,18,144,3,0,4,0,65535,0,184,0,0,0,64,0,0,0,240,332,4,0,0,224,258,267,14,16,48640,125952,0,7428,4096,53248,4194304,4096,512,5,1,0,0,5,1,180224,1024,0,2,33088,1048576,4096,1048576,4096,0,0,74756,40,0,0,0,0,0,0,176128,3692,73008,28,0,0,0,0,73040,64,0,0,53248,292,0,0,0,0
20738,ec35c76ad2c8192f09c02eca1f263b406163470ca8438d054db7adcf5bfc0597,1,18,144,3,0,4,0,65535,0,184,0,0,0,64,0,0,0,208,332,6,0,0,224,258,267,14,16,26624,13824,0,10672,4096,32768,4194304,4096,512,5,1,0,0,5,1,61440,1024,0,2,33856,1048576,4096,1048576,4096,0,0,35492,140,53248,480,0,0,0,0,57344,656,35184,56,0,0,0,0,0,0,0,0,32768,384,0,0,0,0
20739,ee7221f0d74d03a613ca334aa6cacbcff381a10a1d0ded8a485c3ad1ba8530e1,1,18,144,3,0,4,0,65535,0,184,0,0,0,64,0,0,0,264,332,5,0,0,224,258,267,14,16,161792,65536,0,73595,4096,167936,4194304,4096,512,6,0,0,0,6,0,241664,1024,0,2,33088,1048576,4096,1048576,4096,0,0,205532,80,229376,480,0,0,0,0,233472,6492,203408,28,0,0,0,0,203440,64,0,0,167936,364,0,0,0,0
20740,fc990b79c1f106bfe21a6b2faa0455429e12e1707546e9475d5ea66daf10fd98,1,18,64,1,0,2,0,65535,0,184,0,0,0,10,0,46080,52489,64,332,4,0,0,224,770,267,14,16,33792,227328,0,74121,4096,40960,4194304,4096,512,5,1,0,0,5,1,286720,512,287353,2,50176,1048576,8192,1048576,4096,0,0,283076,140,77824,203441,0,0,0,0,0,0,0,0,0,0,0,0,0,0,0,0,0,0,0,0,0,0
20741,08cf8ed94cc1ef6ae23133f3e506a50d8aad9047c6fa74568a0373d991261aa4,1,19,144,3,0,4,0,65535,0,184,0,0,0,64,0,0,0,272,332,5,0,0,224,258,267,14,10,59392,698880,0,5808,4096,65536,4194304,4096,512,5,1,0,0,5,1,774144,1024,0,2,33088,1048576,4096,1048576,4096,0,0,90772,40,716800,46624,0,0,0,0,765952,4428,89024,28,0,0,0,0,89056,64,0,0,65536,260,0,0,0,0
20742,09bb81e5a6c716f14c625ff36beb3b184d0089ed29252af10635b604b69f22ef,1,19,144,3,0,4,0,65535,0,184,0,0,0,64,0,0,0,272,332,5,0,0,224,258,267,10,0,4003840,2900992,0,2955165,4096,4009984,4194304,4096,512,5,1,0,0,5,1,6930432,4096,0,3,33088,1048576,4096,1048576,4096,0,0,5494248,440,0,0,0,0,0,0,0,0,0,0,0,0,0,0,5490608,64,0,0,0,0,0,0,0,0
20743,0b42bf15b77cfe9f9e693f2776691647e78a91be27f5bdb8d1a366be510a773f,1,19,144,3,0,4,0,65535,0,184,0,0,0,64,0,0,0,280,332,5,0,0,224,258,267,14,27,1696768,1364992,0,1315833,4096,1703936,4194304,4096,512,6,0,1,0,6,0,3076096,1024,0,2,33088,1048576,4096,1048576,4096,0,0,2161284,320,2285568,701552,0,0,0,0,2990080,84776,2023652,84,0,0,2023920,24,2023736,64,0,0,1703936,1932,0,0,0,0
20744,10c4067908181cebb72202d92ff7a054b19ef3aada939bf76178e35be9506525,1,19,144,3,0,4,0,65535,0,184,0,0,0,64,0,0,0,264,332,5,0,0,224,258,267,14,27,1295872,1337856,0,944772,4096,1302528,4194304,4096,512,6,0,1,0,6,0,2646016,1024,0,2,33088,1048576,4096,1048576,4096,0,0,1744092,320,1867776,701552,0,0,0,0,2572288,73464,1621956,84,0,0,1622224,24,1622040,64,0,0,1302528,1932,0,0,0,0
20745,1fb3db9bfa0960ff9cf5cd4dc875ec72dd3fd8a60340c7bf2631d8bc30d54a0f,1,19,144,3,0,4,0,65535,0,184,0,0,0,64,0,0,0,232,332,4,0,0,224,258,267,10,0,96256,82432,0,5776,4096,102400,4194304,4096,512,5,1,0,0,5,1,188416,1024,207928,3,33088,1048576,4096,1048576,4096,141328,89,137324,220,0,0,0,0,0,0,176128,6812,0,0,0,0,0,0,0,0,0,0,102400,672,0,0,0,0
20746,248c45236a4d4b5aec67b01a1e2e42a15bb6d2de0dee296f345d976ac01c3646,1,19,144,3,0,4,0,65535,0,184,0,0,0,64,0,0,0,280,332,5,0,0,224,271,267,6,0,110592,458752,0,88330,4096,114688,4194304,4096,4096,4,0,0,0,4,0,573440,4096,0,2,0,1048576,4096,1048576,4096,0,0,127320,100,147456,423560,0,0,0,0,0,0,0,0,0,0,0,0,0,0,0,0,114688,676,0,0,0,0
20747,45de0b468a1d23bb4d557f426fde7decdc2c18e94ce69c414663db5eea2d4f28,1,19,144,3,0,4,0,65535,0,184,0,0,0,64,0,0,0,232,332,4,0,0,224,258,267,10,0,82944,72704,0,5712,4096,90112,4194304,4096,512,5,1,0,0,5,1,163840,1024,189949,3,33088,1048576,4096,1048576,4096,125648,89,122060,200,0,0,0,0,0,0,155648,4724,0,0,0,0,0,0,121352,64,0,0,90112,600,0,0,0,0
20748,4cae449450c07b7aa74314173c7b00d409eabfe22b86859f3b3acedd66010458,1,19,144,3,0,4,0,65535,0,184,0,0,0,64,0,0,0,232,332,4,0,0,224,258,267,10,0,96256,82432,0,5776,4096,102400,4194304,4096,512,5,1,0,0,5,1,188416,1024,207928,3,33088,1048576,4096,1048576,4096,141328,89,137324,220,0,0,0,0,0,0,176128,6812,0,0,0,0,0,0,0,0,0,0,102400,672,0,0,0,0
20749,64c51351aafb4cd339934a78d064847bdd833b963eafbade86eb51ac2c1677f4,1,19,144,3,0,4,0,65535,0,184,0,0,0,64,0,0,0,232,332,4,0,0,224,258,267,10,0,96256,82432,0,5776,4096,102400,4194304,4096,512,5,1,0,0,5,1,188416,1024,207928,3,33088,1048576,4096,1048576,4096,141328,89,137324,220,0,0,0,0,0,0,176128,6812,0,0,0,0,0,0,0,0,0,0,102400,672,0,0,0,0
20750,c0f07b493cc32ffcbb4ca1ca92f5752c4040b1d0be7b69981c22a27f69cfb890,1,19,144,3,0,4,0,65535,0,184,0,0,0,64,0,0,0,232,332,5,0,0,224,258,267,10,0,86016,70656,0,6080,4096,90112,10616832,4096,512,5,1,0,0,5,1,167936,4096,148600,3,33088,1048576,4096,1048576,4096,123536,89,119884,200,0,0,0,0,0,0,155648,4984,0,0,0,0,0,0,119176,64,0,0,90112,612,0,0,0,0
20751,d85f4448d5aea240d68c07bec6f363986d71940c3c1a3e49053d55fd1741c41e,1,19,144,3,0,4,0,65535,0,184,0,0,0,64,0,0,0,232,332,4,0,0,224,258,267,10,0,96256,82432,0,5776,4096,102400,4194304,4096,512,5,1,0,0,5,1,188416,1024,207928,3,33088,1048576,4096,1048576,4096,141328,89,137324,220,0,0,0,0,0,0,176128,6812,0,0,0,0,0,0,0,0,0,0,102400,672,0,0,0,0
20752,ed2b1f855fc7a39a7cf2cfbfd5a10707801ba313bab9c5d748fcd3703aad66fc,1,19,144,3,0,4,0,65535,0,184,0,0,0,64,0,0,0,232,332,4,0,0,224,258,267,10,0,96256,82432,0,5776,4096,102400,4194304,4096,512,5,1,0,0,5,1,188416,1024,0,3,33088,1048576,4096,1048576,4096,141328,89,137324,220,0,0,0,0,0,0,176128,6812,0,0,0,0,0,0,0,0,0,0,102400,672,0,0,0,0
20753,fa28436aaf459d16215dd2d96ea5756c09198216c52d90a7a20abde4e826909b,1,19,144,3,0,4,0,65535,0,184,0,0,0,64,0,0,0,232,332,5,0,0,224,258,267,10,0,86016,70656,0,6080,4096,90112,4194304,4096,512,5,1,0,0,5,1,167936,1024,148600,3,33088,1048576,4096,1048576,4096,123536,89,119884,200,0,0,0,0,0,0,155648,4984,0,0,0,0,0,0,119176,64,0,0,90112,612,0,0,0,0
20754,04419b76566142902680b2c44b216905b44a5743502530066e408bac72d20864,1,20,144,3,0,4,0,65535,0,184,0,0,0,64,0,0,0,240,332,5,0,0,224,258,267,14,0,50176,74752,0,18563,4096,57344,4194304,4096,512,5,1,0,0,5,1,139264,1024,0,2,32832,1048576,4096,1048576,4096,0,0,68728,80,0,0,0,0,0,0,135168,1868,0,0,0,0,0,0,0,0,0,0,57344,64,0,0,0,0
20755,08c2d24cb9c632f9aa84254bb673c9df04d4ac23ee07e840794e9438b06e9bd2,1,20,144,3,0,4,0,65535,0,184,0,0,0,64,0,0,0,240,332,5,0,0,224,258,267,14,0,49152,75264,0,17998,4096,53248,4194304,4096,512,5,1,0,0,5,1,135168,1024,0,2,32832,1048576,4096,1048576,4096,0,0,64824,80,0,0,0,0,0,0,131072,1836,0,0,0,0,0,0,0,0,0,0,53248,64,0,0,0,0
20756,12d8bfa1aeb557c146b98f069f3456cc8392863a2f4ad938722cd7ca1a773b39,1,20,144,3,0,4,0,65535,0,184,0,0,0,64,0,0,0,232,332,5,0,0,224,258,267,14,0,48640,75264,0,18028,4096,53248,4194304,4096,512,5,1,0,0,5,1,135168,1024,0,2,32832,1048576,4096,1048576,4096,0,0,64824,80,0,0,0,0,0,0,131072,1844,0,0,0,0,0,0,0,0,0,0,53248,64,0,0,0,0
20757,1407486e00e1c186e5ea73d53c9f026f1e72609cb6fcd90ebc4545aae30728db,1,20,144,3,0,4,0,65535,0,184,0,0,0,64,0,0,0,248,332,4,0,0,224,258,267,14,0,46080,48640,0,16246,4096,53248,4194304,4096,512,5,1,0,0,5,1,106496,1024,0,2,32832,1048576,4096,1048576,4096,0,0,64672,80,0,0,0,0,0,0,102400,1696,0,0,0,0,0,0,0,0,0,0,53248,80,0,0,0,0
20758,1fb2178279b76d9ed5e3c24b24885a31ec521e58a4688597600d26f88df5b8e1,1,20,144,3,0,4,0,65535,0,184,0,0,0,64,0,0,0,232,332,5,0,0,224,258,267,14,0,48640,75264,0,18028,4096,53248,4194304,4096,512,5,1,0,0,5,1,135168,1024,0,2,32832,1048576,4096,1048576,4096,0,0,64824,80,0,0,0,0,0,0,131072,1844,0,0,0,0,0,0,0,0,0,0,53248,64,0,0,0,0
20759,1fe9b489c25bb23b04d9996e8107671edee69bd6f6def2fe7ece38a0fb35f98e,1,20,144,3,0,4,0,65535,0,184,0,0,0,64,0,0,0,248,332,6,0,0,224,258,267,14,0,42496,887296,0,5189,4096,49152,4194304,4096,512,5,1,0,0,5,1,946176,1024,966217,2,33088,1048576,4096,1048576,4096,0,0,69780,60,86016,855280,0,0,927744,4960,942080,3540,68016,56,0,0,0,0,68072,64,0,0,49152,292,0,0,0,0
20760,20d46f118a5e925f992932f20dd658e4d464ac8d8218f7fba683029d51761709,1,20,144,3,0,4,0,65535,0,184,0,0,0,64,0,0,0,240,332,5,0,0,224,258,267,14,0,50176,74752,0,18563,4096,57344,4194304,4096,512,5,1,0,0,5,1,139264,1024,0,2,32832,1048576,4096,1048576,4096,0,0,68728,80,0,0,0,0,0,0,135168,1868,0,0,0,0,0,0,0,0,0,0,57344,64,0,0,0,0
20761,2df2fab33c1db5b049284a6bd5aa1f58bec4cb370b0663870b6a57ef33b5028c,1,20,144,3,0,4,0,65535,0,184,0,0,0,64,0,0,0,240,332,5,0,0,224,258,267,14,0,48640,74752,0,18029,4096,53248,4194304,4096,512,5,1,0,0,5,1,135168,1024,0,2,32832,1048576,4096,1048576,4096,0,0,64880,80,0,0,0,0,0,0,131072,1848,0,0,0,0,0,0,0,0,0,0,53248,72,0,0,0,0
20762,2ea781140f7e86c63b636249b5fdba9828661bdd846fd95c195c5b986b84a507,1,20,144,3,0,4,0,65535,0,184,0,0,0,64,0,0,0,208,332,5,0,0,224,258,267,14,0,41984,122368,0,14054,4096,49152,4194304,4096,512,5,1,0,0,5,1,180224,1024,0,2,32832,1048576,4096,1048576,4096,0,0,0,0,0,0,0,0,0,0,176128,1356,0,0,0,0,0,0,0,0,0,0,0,0,0,0,0,0
20763,2f00cd865ea857a2d9d399385c408e99f9daaa1b6c193f2195393bd459524b3e,1,20,144,3,0,4,0,65535,0,184,0,0,0,64,0,0,0,240,332,5,0,0,224,258,267,14,0,50176,74752,0,18563,4096,57344,4194304,4096,512,5,1,0,0,5,1,139264,1024,0,2,32832,1048576,4096,1048576,4096,0,0,68728,80,0,0,0,0,0,0,135168,1868,0,0,0,0,0,0,0,0,0,0,57344,64,0,0,0,0
20764,329983dc2a23bd951b24780947cb9a6ae3fb80d5ef546e8538dfd9459b176483,1,20,144,3,0,4,0,65535,0,184,0,0,0,64,0,0,0,208,332,4,0,0,224,258,267,14,24,1536,119808,0,4448,4096,8192,4194304,4096,512,6,0,0,0,6,0,135168,1024,0,2,33088,1048576,4096,1048576,4096,0,0,8536,40,0,0,0,0,0,0,131072,64,8304,56,0,0,0,0,0,0,0,0,8192,32,0,0,0,0
20765,3b0cf9bc480a7fc4a560ab26cd35a72313b1fa49bf6ef208c434a32b3f1588c4,1,20,144,3,0,4,0,65535,0,184,0,0,0,64,0,0,0,240,332,5,0,0,224,258,267,14,0,50176,74752,0,18563,4096,57344,4194304,4096,512,5,1,0,0,5,1,139264,1024,0,2,32832,1048576,4096,1048576,4096,0,0,68728,80,0,0,0,0,0,0,135168,1868,0,0,0,0,0,0,0,0,0,0,57344,64,0,0,0,0
20766,3c56d3fe6373d5b84074f214b883ca65685d04141ff829f73ff65531bf1f86ad,1,20,144,3,0,4,0,65535,0,184,0,0,0,64,0,0,0,224,332,4,0,0,224,271,267,7,10,520192,139264,0,500194,4096,524288,4194304,4096,4096,4,0,0,0,4,0,663552,4096,0,2,0,1048576,4096,1048576,4096,0,0,604652,60,655360,6664,0,0,0,0,0,0,524528,28,0,0,0,0,604200,72,0,0,524288,240,0,0,0,0
20767,42438a67636a6981b4e3209449040f6b393f10fe0636dfca2260fc0f4271e135,1,20,144,3,0,4,0,65535,0,184,0,0,0,64,0,0,0,232,332,5,0,0,224,258,267,14,0,48640,75264,0,18028,4096,53248,4194304,4096,512,5,1,0,0,5,1,135168,1024,0,2,32832,1048576,4096,1048576,4096,0,0,64824,80,0,0,0,0,0,0,131072,1844,0,0,0,0,0,0,0,0,0,0,53248,64,0,0,0,0
20768,44cd22cb40115a504bf933ec006d47ae0076f450f76b54783f846beca81c4c93,1,20,144,3,0,4,0,65535,0,184,0,0,0,64,0,0,0,240,332,5,0,0,224,258,267,14,0,50176,74752,0,18563,4096,57344,4194304,4096,512,5,1,0,0,5,1,139264,1024,0,2,32832,1048576,4096,1048576,4096,0,0,68728,80,0,0,0,0,0,0,135168,1868,0,0,0,0,0,0,0,0,0,0,57344,64,0,0,0,0
20769,4f6ce92fccafa6d2454a12022e21fbd6adf1a6ec2d45c71de6f8729ec3ad195f,1,20,144,3,0,4,0,65535,0,184,0,0,0,64,0,0,0,232,332,5,0,0,224,770,267,14,0,77824,4096,65536,18028,69632,147456,4194304,4096,512,5,1,0,0,5,1,159744,1024,0,2,32832,1048576,4096,1048576,4096,0,0,151552,80,147456,996,0,0,0,0,155648,1844,0,0,0,0,0,0,0,0,0,0,0,0,0,0,0,0
20770,52612bceee07152f2e2e6699b3c085149e11979f34fe248bda14e03a0d950e85,1,20,144,3,0,4,0,65535,0,184,0,0,0,64,0,0,0,240,332,5,0,0,224,258,267,14,0,48640,74752,0,18029,4096,53248,4194304,4096,512,5,1,0,0,5,1,135168,1024,0,2,32832,1048576,4096,1048576,4096,0,0,64880,80,0,0,0,0,0,0,131072,1848,0,0,0,0,0,0,0,0,0,0,53248,72,0,0,0,0
20771,5467fe3f38ccf0c56c1aba7cbbc56109b747f7a53c333a3f5a1cfe6094e1fa2b,1,20,144,3,0,4,0,65535,0,184,0,0,0,64,0,0,0,240,332,5,0,0,224,258,267,14,0,48640,74752,0,18029,4096,53248,4194304,4096,512,5,1,0,0,5,1,135168,1024,0,2,32832,1048576,4096,1048576,4096,0,0,64880,80,0,0,0,0,0,0,131072,1848,0,0,0,0,0,0,0,0,0,0,53248,72,0,0,0,0
20772,54f07b825fd662618e1142ee47ef5c988c08ae59c60209bef250fc68bfd3826c,1,20,144,3,0,4,0,65535,0,184,0,0,0,64,0,0,0,240,332,5,0,0,224,258,267,14,0,49152,75264,0,17998,4096,53248,4194304,4096,512,5,1,0,0,5,1,135168,1024,0,2,32832,1048576,4096,1048576,4096,0,0,64824,80,0,0,0,0,0,0,131072,1836,0,0,0,0,0,0,0,0,0,0,53248,64,0,0,0,0
20773,5f56d5748940e4039053f85978074bde16d64bd5ba97f6f0026ba8172cb29e93,1,20,144,3,0,4,0,65535,0,184,0,0,0,64,0,0,0,208,332,5,0,0,224,258,267,14,0,41984,122368,0,14054,4096,49152,4194304,4096,512,5,1,0,0,5,1,180224,1024,0,2,32832,1048576,4096,1048576,4096,0,0,0,0,0,0,0,0,0,0,176128,1356,0,0,0,0,0,0,0,0,0,0,0,0,0,0,0,0
20774,62a27299a63f16f14ab36532e5afc203f817df9eef94630a4873d35d8f685fbd,1,20,144,3,0,4,0,65535,0,184,0,0,0,64,0,0,0,248,332,4,0,0,224,258,267,14,0,46080,48640,0,16246,4096,53248,4194304,4096,512,5,1,0,0,5,1,106496,1024,0,2,32832,1048576,4096,1048576,4096,0,0,64672,80,0,0,0,0,0,0,102400,1696,0,0,0,0,0,0,0,0,0,0,53248,80,0,0,0,0
20775,66060484cccedb839fb646d4e6020e079319374b2847c52dcec55c5ad60b1beb,1,20,144,3,0,4,0,65535,0,184,0,0,0,64,0,0,0,232,332,5,0,0,224,258,267,14,0,48640,75264,0,18028,4096,53248,4194304,4096,512,5,1,0,0,5,1,135168,1024,0,2,32832,1048576,4096,1048576,4096,0,0,64824,80,0,0,0,0,0,0,131072,1844,0,0,0,0,0,0,0,0,0,0,53248,64,0,0,0,0
20776,6834005e47c6ad53cb0793e1f13b6ea45383d86691b179f4229214d8768d0ceb,1,20,144,3,0,4,0,65535,0,184,0,0,0,64,0,0,0,240,332,5,0,0,224,258,267,14,0,50176,74752,0,18563,4096,57344,4194304,4096,512,5,1,0,0,5,1,139264,1024,0,2,32832,1048576,4096,1048576,4096,0,0,68728,80,0,0,0,0,0,0,135168,1868,0,0,0,0,0,0,0,0,0,0,57344,64,0,0,0,0
20777,6c5ddbe058da35b2731fe10234520a6bb78604f860ed4188a1bd07e62fe4ec11,1,20,144,3,0,4,0,65535,0,184,0,0,0,64,0,0,0,240,332,5,0,0,224,258,267,14,0,45568,73216,0,16690,4096,53248,4194304,4096,512,5,1,0,0,5,1,131072,1024,0,2,32832,1048576,4096,1048576,4096,0,0,64512,80,0,0,0,0,0,0,126976,1660,0,0,0,0,0,0,0,0,0,0,53248,56,0,0,0,0
20778,74ce1be7fe32869dbbfe599d7992c306a7ee693eb517924135975daa64a3a92f,1,20,144,3,0,4,0,65535,0,184,0,0,0,64,0,0,0,240,332,5,0,0,224,258,267,14,0,49152,75264,0,17998,4096,53248,4194304,4096,512,5,1,0,0,5,1,135168,1024,0,2,32832,1048576,4096,1048576,4096,0,0,64824,80,0,0,0,0,0,0,131072,1836,0,0,0,0,0,0,0,0,0,0,53248,64,0,0,0,0
20779,7cd8f10164a6c3209574751d16c4e9297334f11a08ade649055450d41e0d31e9,1,20,144,3,0,4,0,65535,0,184,0,0,0,64,0,0,0,248,332,4,0,0,224,258,267,14,0,45568,95744,0,15883,4096,53248,4194304,4096,512,5,1,0,0,5,1,151552,1024,0,2,32832,1048576,4096,1048576,4096,0,0,64672,80,0,0,0,0,0,0,147456,1724,0,0,0,0,0,0,0,0,0,0,53248,80,0,0,0,0
20780,7e70460a2e395485fe6328a58e09400fc7963afeb29fdadb924c340e758b267c,1,20,144,3,0,4,0,65535,0,184,0,0,0,64,0,0,0,232,332,5,0,0,224,258,267,14,0,48640,75264,0,18028,4096,53248,4194304,4096,512,5,1,0,0,5,1,135168,1024,0,2,32832,1048576,4096,1048576,4096,0,0,64824,80,0,0,0,0,0,0,131072,1844,0,0,0,0,0,0,0,0,0,0,53248,64,0,0,0,0
20781,8c716101e118ac65d7bdb900e0100d012256abb1d7cdf64830e5943a795ccce2,1,20,144,3,0,4,0,65535,0,184,0,0,0,64,0,0,0,224,332,5,0,0,224,258,267,8,0,397312,212992,0,5164,4096,401408,4194304,4096,4096,4,0,0,0,4,0,1617920,4096,626898,2,64,1048576,4096,1048576,4096,0,0,496748,100,1507328,95852,0,0,0,0,1605632,3988,401840,28,0,0,0,0,495888,64,0,0,401408,376,0,0,0,0
20782,93c4b144a4ef5e9ebcb5de425f6151fb6fd892d1042b21e639ab6c358cad3940,1,20,144,3,0,4,0,65535,0,184,0,0,0,64,0,0,0,232,332,5,0,0,224,258,267,14,0,48640,75264,0,18028,4096,53248,4194304,4096,512,5,1,0,0,5,1,135168,1024,0,2,32832,1048576,4096,1048576,4096,0,0,64824,80,0,0,0,0,0,0,131072,1844,0,0,0,0,0,0,0,0,0,0,53248,64,0,0,0,0
20783,9b11711efed24b3c6723521a7d7eb4a52e4914db7420e278aa36e727459d59dd,1,20,144,3,0,4,0,65535,0,184,0,0,0,64,0,0,0,240,332,5,0,0,224,258,267,14,0,50176,74752,0,18563,4096,57344,46727168,4096,512,5,1,0,0,5,1,139264,4096,0,2,32832,1048576,4096,1048576,4096,0,0,68728,80,0,0,0,0,0,0,135168,1868,0,0,0,0,0,0,0,0,0,0,57344,64,0,0,0,0
20784,9d3a482d9441876096e0cee429fedf7b9f7e1c6a50b3e4b2009884019627d879,1,20,144,3,0,4,0,65535,0,184,0,0,0,64,0,0,0,248,332,5,0,0,224,258,267,14,0,97280,73216,0,68436,4096,102400,4194304,4096,512,5,1,0,0,5,1,184320,1024,0,2,32832,1048576,4096,1048576,4096,0,0,113384,40,0,0,0,0,0,0,180224,1608,0,0,0,0,0,0,0,0,0,0,102400,16,0,0,0,0
20785,9df39b3b2b0ed8ed469d028cc4269655d6b70aef8b22a308f34e1929e4b00992,1,20,144,3,0,4,0,65535,0,184,0,0,0,64,0,0,0,240,332,5,0,0,224,258,267,14,0,50176,74752,0,18563,4096,57344,4194304,4096,512,5,1,0,0,5,1,139264,1024,0,2,32832,1048576,4096,1048576,4096,0,0,68728,80,0,0,0,0,0,0,135168,1868,0,0,0,0,0,0,0,0,0,0,57344,64,0,0,0,0
20786,9f256973ee6ddcd3d781761480c00220a140fad833dc9a6a085f45c419d1714e,1,20,144,3,0,4,0,65535,0,184,0,0,0,64,0,0,0,248,332,4,0,0,224,258,267,14,0,45568,95744,0,15883,4096,53248,4194304,4096,512,5,1,0,0,5,1,151552,1024,0,2,32832,1048576,4096,1048576,4096,0,0,64672,80,0,0,0,0,0,0,147456,1724,0,0,0,0,0,0,0,0,0,0,53248,80,0,0,0,0
20787,ab0aa003d7238940cbdf7393677f968c4a252516de7f0699cd4654abd2e7ae83,1,20,144,3,0,4,0,65535,0,184,0,0,0,64,0,0,0,248,332,4,0,0,224,258,267,14,0,45568,95744,0,15883,4096,53248,4194304,4096,512,5,1,0,0,5,1,151552,1024,0,2,32832,1048576,4096,1048576,4096,0,0,64672,80,0,0,0,0,0,0,147456,1724,0,0,0,0,0,0,0,0,0,0,53248,80,0,0,0,0
20788,b49c1caf4d71f47c73e112f22e033ee59610a5ae080e76797d5ef1dcc4a93d07,1,20,144,3,0,4,0,65535,0,184,0,0,0,64,0,0,0,248,332,4,0,0,224,258,267,14,0,46080,48640,0,16246,4096,53248,4194304,4096,512,5,1,0,0,5,1,106496,1024,0,2,32832,1048576,4096,1048576,4096,0,0,64672,80,0,0,0,0,0,0,102400,1696,0,0,0,0,0,0,0,0,0,0,53248,80,0,0,0,0
20789,b9924321b4f05ec0b98e272ddd4f91feb69eb93c44186ca165a4d51beed91152,1,20,144,3,0,4,0,65535,0,184,0,0,0,64,0,0,0,240,332,5,0,0,224,258,267,14,0,50176,74752,0,18563,4096,57344,4194304,4096,512,5,1,0,0,5,1,139264,1024,0,2,32832,1048576,4096,1048576,4096,0,0,68728,80,0,0,0,0,0,0,135168,1868,0,0,0,0,0,0,0,0,0,0,57344,64,0,0,0,0
20790,bbcaee51155609d365f6bb297d124efea685df0243ec1d4efb5043d9afe5963d,1,20,144,3,0,4,0,65535,0,184,0,0,0,64,0,0,0,232,332,5,0,0,224,258,267,14,0,45568,73216,0,16081,4096,53248,4194304,4096,512,5,1,0,0,5,1,131072,1024,0,2,32832,1048576,4096,1048576,4096,0,0,64496,60,0,0,0,0,0,0,126976,1628,0,0,0,0,0,0,0,0,0,0,53248,48,0,0,0,0
20791,c7a3f735583f0ad0e623a1a248188a0b5fbb7997c2a4a5278bd09e9ce5d6fc33,1,20,144,3,0,4,0,65535,0,184,0,0,0,64,0,0,0,248,332,4,0,0,224,258,267,14,0,48128,48640,0,17856,4096,53248,4194304,4096,512,5,1,0,0,5,1,106496,1024,0,2,32832,1048576,4096,1048576,4096,0,0,64672,80,0,0,0,0,0,0,102400,1864,0,0,0,0,0,0,0,0,0,0,53248,80,0,0,0,0
20792,cb4af8d6d57163b0322bd033b36379f805bdb59ec550049ea568cc0a7dfe52cd,1,20,144,3,0,4,0,65535,0,184,0,0,0,64,0,0,0,240,332,5,0,0,224,258,267,14,0,50176,74752,0,18563,4096,57344,4194304,4096,512,5,1,0,0,5,1,139264,1024,0,2,32832,1048576,4096,1048576,4096,0,0,68728,80,0,0,0,0,0,0,135168,1868,0,0,0,0,0,0,0,0,0,0,57344,64,0,0,0,0
20793,d0e075a9346acbeca7095df2fc5e7c28909961184078e251f737f09b8ef892b6,1,20,80,2,0,4,15,65535,0,184,0,0,0,64,26,0,0,256,332,8,0,0,224,33166,267,2,25,77312,201216,0,80756,4096,81920,4194304,4096,512,4,0,0,0,4,0,303104,1024,0,2,0,1048576,16384,1048576,4096,0,0,208896,3192,229376,70656,0,0,0,0,221184,6240,0,0,0,0,217088,24,0,0,0,0,0,0,0,0,0,0
20794,d55f983c994caa160ec63a59f6b4250fe67fb3e8c43a388aec60a4a6978e9f1e,1,20,144,3,0,4,0,65535,0,184,0,0,0,64,0,0,0,264,332,5,0,0,224,258,267,14,23,45568,863232,0,5103,4096,53248,4194304,4096,512,6,0,0,0,6,0,921600,1024,949053,2,33088,1048576,4096,1048576,4096,0,0,74652,40,86016,830232,0,0,906752,5512,917504,3588,72784,56,0,0,0,0,72840,64,0,0,53248,288,0,0,0,0
20795,d74f04f0b948d9586629e06e2a2a21bdf20d678e47058afb637414eb3701c1f6,1,20,144,3,0,4,0,65535,0,184,0,0,0,64,0,0,0,232,332,5,0,0,224,258,267,14,0,48640,75264,0,18028,4096,53248,4194304,4096,512,5,1,0,0,5,1,135168,1024,0,2,32832,1048576,4096,1048576,4096,0,0,64824,80,0,0,0,0,0,0,131072,1844,0,0,0,0,0,0,0,0,0,0,53248,64,0,0,0,0
20796,d91f951bdcf35012ac6b47c28cf32ec143e4269243d8c229f6cb326fd343df95,1,20,144,3,0,4,0,65535,0,184,0,0,0,64,0,0,0,232,332,5,0,0,224,258,267,14,0,47104,74240,0,17428,4096,53248,4194304,4096,512,5,1,0,0,5,1,135168,1024,0,2,32832,1048576,4096,1048576,4096,0,0,64472,60,0,0,0,0,0,0,131072,1736,0,0,0,0,0,0,0,0,0,0,53248,48,0,0,0,0
20797,db59d4ab0aaf660fe778f9190102e1b808bc5d357026736ca335e4858ec512eb,1,20,144,3,0,4,0,65535,0,184,0,0,0,64,0,0,0,240,332,5,0,0,224,258,267,14,0,50176,74752,0,18563,4096,57344,4194304,4096,512,5,1,0,0,5,1,139264,1024,0,2,32832,1048576,4096,1048576,4096,0,0,68728,80,0,0,0,0,0,0,135168,1868,0,0,0,0,0,0,0,0,0,0,57344,64,0,0,0,0
20798,dc6b0e8c1e9c113f0364e1c8370060dee3fcbe25b667ddeca7623a95cd21411f,1,20,144,3,0,4,0,65535,0,184,0,0,0,64,0,0,0,248,332,5,0,0,224,258,267,14,16,43008,887808,0,5265,4096,49152,4194304,4096,512,5,1,0,0,5,1,942080,1024,941846,2,33088,1048576,4096,1048576,4096,0,0,70140,40,81920,855832,0,0,928768,4968,937984,3568,68320,56,0,0,0,0,68376,64,0,0,49152,288,0,0,0,0
20799,de20c90de7becbb2f8b92ac42d71a3db3db498472746d0d6f53c368dadba44b0,1,20,144,3,0,4,0,65535,0,184,0,0,0,64,0,0,0,240,332,5,0,0,224,258,267,14,0,50176,74752,0,18563,4096,57344,4194304,4096,512,5,1,0,0,5,1,139264,1024,0,2,32832,1048576,4096,1048576,4096,0,0,68728,80,0,0,0,0,0,0,135168,1868,0,0,0,0,0,0,0,0,0,0,57344,64,0,0,0,0
20800,f51fc0ab96d1aee49950b8ca91ef67c330b8593340cc3002513100ac9bf163b0,1,20,144,3,0,4,0,65535,0,184,0,0,0,64,0,0,0,216,332,3,0,0,224,259,267,9,0,200704,12288,716800,918832,720896,921600,4194304,4096,512,5,0,0,0,5,0,933888,4096,0,2,32768,1048576,4096,1048576,4096,0,0,931668,296,921600,10068,0,0,0,0,0,0,0,0,0,0,0,0,0,0,0,0,0,0,0,0,0,0
20801,fd164c4c121371f94cfd3a034ad8cf8edc7c0f7141a8f4c9da1683d41b212a87,1,20,144,3,0,4,0,65535,0,184,0,0,0,64,0,0,0,240,332,5,0,0,224,258,267,14,0,50176,74752,0,18563,4096,57344,4194304,4096,512,5,1,0,0,5,1,139264,1024,0,2,32832,1048576,4096,1048576,4096,0,0,68728,80,0,0,0,0,0,0,135168,1868,0,0,0,0,0,0,0,0,0,0,57344,64,0,0,0,0
20802,feea9f9c02b891d9a7d3656060ffcc203b9cbc28a49be3fcc7c9884c71a4f7c7,1,20,144,3,0,4,0,65535,0,184,0,0,0,64,0,0,0,248,332,4,0,0,224,258,267,14,0,48128,75776,0,18048,4096,53248,4194304,4096,512,5,1,0,0,5,1,131072,1024,0,2,32832,1048576,4096,1048576,4096,0,0,64672,80,0,0,0,0,0,0,126976,1816,0,0,0,0,0,0,0,0,0,0,53248,80,0,0,0,0
20803,00812c29572306776424ca61a1f0fed18504e1776fa0d49b1f805c655daf871b,1,21,144,3,0,4,0,65535,0,184,0,0,0,64,0,0,0,248,34404,7,0,0,240,34,523,14,0,91136,2881536,0,34484,4096,0,5368709120,4096,512,5,2,0,0,5,2,2998272,1024,0,2,33120,1048576,4096,1048576,4096,0,0,137848,100,2990080,480,2977792,4380,0,0,2994176,1564,132816,112,0,0,0,0,132928,148,0,0,98304,832,0,0,0,0
20804,05e06709523fd798da963c2c24254de0fcca6c57e1052996798ecc74ff43b41f,1,21,144,3,0,4,0,65535,0,184,0,0,0,64,0,0,0,240,332,4,0,0,224,259,267,9,0,224256,282624,0,11920,4096,229376,889192448,4096,512,5,0,0,0,5,0,507904,1024,318046,2,33024,1048576,4096,1048576,4096,266480,66,264124,80,475136,29976,0,0,303616,8176,0,0,0,0,0,0,0,0,260696,64,0,0,229376,404,0,0,0,0
20805,0cf36731f5b8651d53fc651607c3fccac24b631c08dca4493d8e07d2fbff1db3,1,21,144,3,0,4,0,65535,0,184,0,0,0,64,0,0,0,256,332,4,0,0,224,259,267,14,0,76800,3617280,0,18426,4096,81920,805306368,4096,512,5,1,0,0,5,1,3706880,1024,0,2,33024,1048576,4096,1048576,4096,0,0,109876,80,0,0,0,0,0,0,0,0,107792,56,0,0,0,0,107848,64,0,0,81920,396,0,0,0,0
20806,113af75f13547be184822f1268f984b79f35965a1b1f963d23b50a09741b0aec,1,21,144,3,0,4,0,65535,0,184,0,0,0,64,0,0,0,264,34404,7,0,0,240,34,523,14,0,91136,103424,0,34468,4096,0,5368709120,4096,512,5,2,0,0,5,2,217088,1024,0,2,33120,1048576,4096,1048576,4096,0,0,142208,80,208896,480,196608,4596,0,0,212992,1552,136416,112,0,0,0,0,136528,148,0,0,98304,784,0,0,0,0
20807,1455091954ecf9ccd6fe60cb8e982d9cfb4b3dc8414443ccfdfc444079829d56,1,21,144,3,0,4,0,65535,0,184,0,0,0,64,0,0,0,248,34404,7,0,0,240,34,523,14,0,91136,3600384,0,34628,4096,0,5368709120,4096,512,5,2,0,0,5,2,3715072,1024,0,2,33120,1048576,4096,1048576,4096,0,0,147032,80,3706880,480,3694592,4596,0,0,3710976,1556,141264,112,0,0,0,0,141376,148,0,0,98304,776,0,0,0,0
20808,180f82bbedb03dc29328e32e054069870a1e65078b78b2120a84c96aaed7d843,1,21,144,3,0,4,0,65535,0,184,0,0,0,64,0,0,0,240,332,4,0,0,224,259,267,9,0,184320,465408,0,88844,4096,188416,4194304,4096,512,5,0,0,0,5,0,675840,1024,701446,2,32768,1048576,4096,1048576,4096,0,0,226932,200,262144,410504,0,0,0,0,0,0,0,0,0,0,0,0,210704,64,0,0,188416,1136,226796,64,0,0
20809,19ee4afc768bb6dccc68de4c6cac24cd2b258263d84493c352dabfa23d829082,1,21,144,3,0,4,0,65535,0,184,0,0,0,64,0,0,0,240,332,4,0,0,224,259,267,14,0,78336,73728,0,37347,4096,86016,889192448,4096,512,5,1,0,0,5,1,167936,1024,0,2,33024,1048576,4096,1048576,4096,0,0,107308,60,0,0,0,0,0,0,0,0,105584,56,0,0,0,0,105640,64,0,0,86016,312,0,0,0,0
20810,1e11567d33a1738bd8223ce819f5c27aeeb8611ef288c4a7f9374f750252ec56,1,21,144,3,0,4,0,65535,0,184,0,0,0,64,0,0,0,256,332,4,0,0,224,259,267,14,0,65536,1338368,0,23203,4096,69632,889192448,4096,512,5,1,0,0,5,1,1413120,1024,152701,2,33024,1048576,4096,1048576,4096,0,0,91660,60,0,0,0,0,107520,7944,0,0,89472,56,0,0,0,0,89528,64,0,0,69632,344,0,0,0,0
20811,23f8aa94ffb3c08a62735fe7fee5799880a8f322ce1d55ec49a13a3f85312db2,1,21,144,3,0,4,0,65535,0,184,0,0,0,64,0,0,0,248,332,5,0,0,224,258,267,14,0,44544,350208,0,5947,4096,49152,4194304,4096,512,5,1,0,0,5,1,405504,1024,0,2,33088,1048576,4096,1048576,4096,0,0,70308,80,0,0,0,0,0,0,401408,3604,68288,56,0,0,0,0,68344,64,0,0,49152,292,0,0,0,0
20812,2ec5256a7edb90b1c05c92f79e8a48c205b29e1ac910a535aa83c30b8dbbeff8,1,21,144,3,0,4,0,65535,0,184,0,0,0,64,0,0,0,256,332,4,0,0,224,259,267,14,0,84992,72704,0,44243,4096,90112,889192448,4096,512,5,1,0,0,5,1,167936,1024,178565,2,33024,1048576,4096,1048576,4096,0,0,111324,80,0,0,0,0,129024,8656,0,0,109600,56,0,0,0,0,109656,64,0,0,90112,300,0,0,0,0
20813,2fd1542c42b9fc68a52a53bde2731c26a9861cf8093c620e30e5729c810d0c8f,1,21,144,3,0,4,0,65535,0,184,0,0,0,64,0,0,0,240,332,4,0,0,224,259,267,14,0,73728,3586560,0,16545,4096,77824,805306368,4096,512,5,1,0,0,5,1,3670016,1024,0,2,33024,1048576,4096,1048576,4096,0,0,103284,80,0,0,0,0,0,0,0,0,101200,56,0,0,0,0,101256,64,0,0,77824,444,0,0,0,0
20814,3c037dcc0145a331e0154e016e0636d7f77be792d2d698b3b982fab33acc242a,1,21,144,3,0,4,0,65535,0,184,0,0,0,64,0,0,0,248,34404,7,0,0,240,34,523,14,0,83968,3596800,0,27924,4096,0,5368709120,4096,512,5,2,0,0,5,2,3702784,1024,0,2,33120,1048576,4096,1048576,4096,0,0,136040,80,3694592,480,3682304,4500,0,0,3698688,1556,130560,112,0,0,0,0,130672,148,0,0,90112,904,0,0,0,0
20815,40b865d1c3ab1b8544bcf57c88edd30679870d40b27d62feb237a19f0c5f9cd1,1,21,144,3,0,4,0,65535,0,184,0,0,0,64,0,0,0,256,332,4,0,0,224,259,267,14,0,93696,1401856,0,33155,4096,98304,805306368,4096,512,5,1,0,0,5,1,1507328,1024,0,2,33024,1048576,4096,1048576,4096,0,0,125932,120,0,0,0,0,0,0,0,0,123680,56,0,0,0,0,123736,64,0,0,98304,488,0,0,0,0
20816,478990938b7cae1f3266d232993c12265e8c8dcd4382ea381cf1e6cf6d21b350,1,21,144,3,0,4,0,65535,0,184,0,0,0,64,0,0,0,264,34404,7,0,0,240,34,523,14,0,86016,3595264,0,30260,4096,0,5368709120,4096,512,5,2,0,0,5,2,3702784,1024,0,2,33120,1048576,4096,1048576,4096,0,0,133192,80,3694592,480,3682304,4464,0,0,3698688,1552,127664,112,0,0,0,0,127776,148,0,0,90112,784,0,0,0,0
20817,47b93698f3be772dad103ea109a0e7dba745afe3e93aa9dc2d9739e0b4991f5d,1,21,144,3,0,4,0,65535,0,184,0,0,0,64,0,0,0,256,332,4,0,0,224,259,267,14,0,76800,3622400,0,18426,4096,81920,805306368,4096,512,5,1,0,0,5,1,3710976,1024,0,2,33024,1048576,4096,1048576,4096,0,0,115028,80,0,0,0,0,0,0,0,0,112944,56,0,0,0,0,113000,64,0,0,81920,396,0,0,0,0
20818,4992a629599d25933b55fee0b69198e80ecdcb3727a0b11b3d2891e6cd5da555,1,21,144,3,0,4,0,65535,0,184,0,0,0,64,0,0,0,240,332,4,0,0,224,259,267,14,0,80384,3568640,0,22716,4096,86016,805306368,4096,512,5,1,0,0,5,1,3661824,1024,0,2,33024,1048576,4096,1048576,4096,0,0,116372,80,0,0,0,0,0,0,0,0,114288,56,0,0,0,0,114344,64,0,0,86016,380,0,0,0,0
20819,4c746cd4561e5a26ceeacb566d62258c04e29a40ac5dc1d2475aacb8099b0fe7,1,21,144,3,0,4,0,65535,0,184,0,0,0,64,0,0,0,248,34404,7,0,0,240,34,523,14,0,83968,3593216,0,27892,4096,0,5368709120,4096,512,5,2,0,0,5,2,3702784,1024,0,2,33120,1048576,4096,1048576,4096,0,0,132376,80,3694592,480,3682304,4500,0,0,3698688,1556,126896,112,0,0,0,0,127008,148,0,0,90112,904,0,0,0,0
20820,4cb0bf61d61ad3383636df11b3e4da8e67bb0acea03e981ecdd48d08ed8c796c,1,21,144,3,0,4,0,65535,0,184,0,0,0,64,0,0,0,272,332,6,0,0,224,258,267,14,0,72192,89600,0,13792,4096,77824,4194304,4096,512,5,1,0,0,5,1,180224,1024,0,2,33088,1048576,4096,1048576,4096,0,0,112692,120,155648,17120,0,0,0,0,176128,4036,110928,56,0,0,0,0,110984,64,0,0,77824,372,0,0,0,0
20821,5b1f242aee0eabd4dffea0fe5f08aba60abf7c8d1e4f7fc7357af7f20ccd0204,1,21,13898,18544,1408,8118,54853,15920,24010,60771,52538,5434,2689,53762,35645,22442,63196,256,332,3,0,0,224,259,267,14,0,78336,73728,0,180224,4096,86016,889192448,4096,512,5,1,0,0,5,1,278528,1024,362507,2,33024,1048576,4096,1048576,4096,0,0,176128,260,0,0,0,0,0,0,0,0,0,0,0,0,0,0,0,0,0,0,0,0,0,0,0,0
20822,5e2c9d80fa4528fe9777738a9cba9ede08cdae353fd4cb2d9caf0c9801fd5711,1,21,144,3,0,4,0,65535,0,184,0,0,0,64,0,0,0,256,332,4,0,0,224,259,267,14,0,84992,73216,0,44243,4096,90112,889192448,4096,512,5,1,0,0,5,1,172032,1024,187552,2,33024,1048576,4096,1048576,4096,0,0,111324,80,0,0,0,0,129536,8672,0,0,109600,56,0,0,0,0,109656,64,0,0,90112,300,0,0,0,0
20823,63b44f7fe68cb8a05fa98c5acc59851d4b73f5bbd76e9910c94042c523da8d5b,1,21,144,3,0,4,0,65535,0,184,0,0,0,64,0,0,0,240,332,4,0,0,224,259,267,14,0,97792,77824,0,56899,4096,102400,889192448,4096,512,5,1,0,0,5,1,188416,1024,0,2,33024,1048576,4096,1048576,4096,0,0,123804,60,0,0,0,0,0,0,0,0,122080,56,0,0,0,0,122136,64,0,0,102400,320,0,0,0,0
20824,63c7173636a3ea5fe8bd62ccd4fa32ac43f2648301a07e8ece7ad6f34f9ffb38,1,21,144,3,0,4,0,65535,0,184,0,0,0,64,0,0,0,256,332,4,0,0,224,259,267,14,0,75776,2850304,0,17269,4096,81920,805306368,4096,512,5,1,0,0,5,1,2936832,1024,0,2,33024,1048576,4096,1048576,4096,0,0,111300,100,0,0,0,0,0,0,0,0,109216,56,0,0,0,0,109272,64,0,0,81920,412,0,0,0,0
20825,647f76c278160f537fce57e355f7e8d42e2b381f28a779ad9b71c00f20fb3ced,1,21,144,3,0,4,0,65535,0,184,0,0,0,64,0,0,0,248,332,4,0,0,224,259,267,14,0,85504,3593216,0,28033,4096,90112,805306368,4096,512,5,1,0,0,5,1,3690496,1024,0,2,33024,1048576,4096,1048576,4096,0,0,117636,80,0,0,0,0,0,0,0,0,115552,56,0,0,0,0,115608,64,0,0,90112,388,0,0,0,0
20826,781bc4dcbd459893397a8b987bf697f5b95435dfaf7fe3f4d2224728e7a2202a,1,21,144,3,0,4,0,65535,0,184,0,0,0,64,0,0,0,256,332,4,0,0,224,259,267,14,0,96768,75264,0,55827,4096,102400,889192448,4096,512,5,1,0,0,5,1,184320,1024,0,2,33024,1048576,4096,1048576,4096,0,0,123708,80,0,0,0,0,0,0,0,0,121984,56,0,0,0,0,122040,64,0,0,102400,320,0,0,0,0
20827,7c1e0597dd5a1e2d48c9cede54843aa7c299f7404630b5a2aafac2eec7358b20,1,21,144,3,0,4,0,65535,0,184,0,0,0,64,0,0,0,264,34404,7,0,0,240,34,523,14,0,66560,3590656,0,31876,4096,0,5368709120,4096,512,5,2,0,0,5,2,3678208,1024,0,2,33120,1048576,4096,1048576,4096,0,0,112920,80,3670016,480,3661824,3588,0,0,3674112,1556,108224,112,0,0,0,0,108336,148,0,0,73728,776,0,0,0,0
20828,7faeb64c50cd15d036ca259a047d6c62ed491fff3729433fefba0b02c059d5ed,1,21,144,3,0,4,0,65535,0,184,0,0,0,0,0,0,0,128,332,4,0,0,224,271,267,1,1,179200,266752,0,182563,4096,4096,889192448,4096,512,4,0,0,0,4,0,393216,4096,285609,2,0,1048576,4096,1048576,4096,0,0,273376,140,339968,51797,0,0,270848,8816,0,0,0,0,0,0,0,0,0,0,0,0,241664,220,0,0,0,0
20829,84516cefc7fc9fb77046ae6ed0d1606eeedea4d99de335f6faa99c2f905a06c3,1,21,144,3,0,4,0,65535,0,184,0,0,0,64,0,0,0,256,332,4,0,0,224,259,267,14,0,93696,1401344,0,33155,4096,98304,805306368,4096,512,5,1,0,0,5,1,1507328,1024,0,2,33024,1048576,4096,1048576,4096,0,0,125932,120,0,0,0,0,0,0,0,0,123680,56,0,0,0,0,123736,64,0,0,98304,488,0,0,0,0
20830,8862b060db997bc9077e3bece06529c1c116af379985f6138a07ab5fde61b54c,1,21,144,3,0,4,0,65535,0,184,0,0,0,64,0,0,0,256,332,4,0,0,224,259,267,14,0,84992,74240,0,44243,4096,90112,889192448,4096,512,5,1,0,0,5,1,172032,1024,0,2,33024,1048576,4096,1048576,4096,0,0,111324,80,0,0,0,0,0,0,0,0,109600,56,0,0,0,0,109656,64,0,0,90112,300,0,0,0,0
20831,88b1b4966650de59cef20c340b28739c52dc9ead91d9959a338a8e531ad38335,1,21,144,3,0,4,0,65535,0,184,0,0,0,64,0,0,0,256,332,4,0,0,224,259,267,14,0,517120,101376,0,477491,4096,524288,889192448,4096,512,5,1,0,0,5,1,634880,1024,0,2,33024,1048576,4096,1048576,4096,0,0,568732,80,0,0,0,0,0,0,0,0,567008,56,0,0,0,0,567064,64,0,0,524288,376,0,0,0,0
20832,92f124ea5217f3fe5cbab1c37a961df0437d5a9cbde1af268c60c4b3194b80ed,1,21,13898,18544,1408,8118,54853,15920,24010,60771,52538,5434,2689,53762,35645,22442,63196,256,332,3,0,0,224,259,267,14,0,78336,73728,0,180224,4096,86016,889192448,4096,512,5,1,0,0,5,1,278528,1024,362507,2,33024,1048576,4096,1048576,4096,0,0,176128,260,0,0,0,0,0,0,0,0,0,0,0,0,0,0,0,0,0,0,0,0,0,0,0,0
20833,9eb7abf2228ad28d8b7f571e0495d4a35da40607f04355307077975e271553b8,1,21,144,3,0,4,0,65535,0,184,0,0,0,64,0,0,0,240,332,4,0,0,224,259,267,14,0,78336,72704,0,37347,4096,86016,889192448,4096,512,5,1,0,0,5,1,163840,1024,0,2,33024,1048576,4096,1048576,4096,0,0,107308,60,0,0,0,0,0,0,0,0,105584,56,0,0,0,0,105640,64,0,0,86016,312,0,0,0,0
20834,9fe66773c84d371ef1b424005996ade4d5e16fb00306a1d54b107b2b2d03fe17,1,21,144,3,0,4,0,65535,0,184,0,0,0,64,0,0,0,264,34404,7,0,0,240,34,523,14,0,66560,3594752,0,31876,4096,0,5368709120,4096,512,5,2,0,0,5,2,3682304,1024,0,2,33120,1048576,4096,1048576,4096,0,0,117144,80,3674112,480,3665920,3588,0,0,3678208,1556,112448,112,0,0,0,0,112560,148,0,0,73728,776,0,0,0,0
20835,a671d564c50b3056b915bdc6b063b781989b42e01a3743a1cb82849414fed0f8,1,21,144,3,0,4,0,65535,0,184,0,0,0,64,0,0,0,264,34404,7,0,0,240,34,523,14,0,91648,3647488,0,34596,4096,0,5368709120,4096,512,5,2,0,0,5,2,3764224,1024,0,2,33120,1048576,4096,1048576,4096,0,0,137816,80,3756032,480,3743744,4392,0,0,3760128,1564,132768,112,0,0,0,0,132880,148,0,0,98304,808,0,0,0,0
20836,a7b12a646be6e9815135dbcb8ce4e5f87089fb9fc2ce8da0d4a6d26e82e49696,1,21,144,3,0,4,0,65535,0,184,0,0,0,64,0,0,0,264,34404,7,0,0,240,34,523,14,0,92672,3643392,0,35652,4096,0,5359992832,4096,512,5,2,0,0,5,2,3760128,1024,0,2,33120,1048576,4096,1048576,4096,0,0,137808,80,3751936,480,3739648,4392,0,0,3756032,1564,132768,112,0,0,0,0,132880,148,0,0,98304,808,0,0,0,0
20837,badf8718f626889f7ceabb1c9d8660265952052037ddde346193b630201eefe4,1,21,144,3,0,4,0,65535,0,184,0,0,0,64,0,0,0,240,332,4,0,0,224,259,267,14,0,56320,3579392,0,18129,4096,61440,805306368,4096,512,5,1,0,0,5,1,3645440,1024,0,2,33024,1048576,4096,1048576,4096,0,0,83508,80,0,0,0,0,0,0,0,0,81488,56,0,0,0,0,81544,64,0,0,61440,380,0,0,0,0
20838,bbbf38de4f40754f235441a8e6a4c8bdb9365dab7f5cfcdac77dbb4d6236360b,1,21,144,3,0,4,0,65535,0,184,0,0,0,64,0,0,0,256,332,4,0,0,224,259,267,14,0,84992,70144,0,44243,4096,90112,889192448,4096,4096,5,1,0,0,5,1,126464,4096,0,2,33024,1048576,4096,1048576,4096,0,0,111324,80,0,0,0,0,0,0,0,0,109600,56,0,0,0,0,109656,64,0,0,90112,300,0,0,0,0
20839,c9961b737c158252bb3d52ce956842b0d903471d210220f70f09d500d9197d1e,1,21,144,3,0,4,0,65535,0,184,0,0,0,64,0,0,0,248,332,4,0,0,224,259,267,14,0,92672,1402880,0,32243,4096,98304,805306368,4096,512,5,1,0,0,5,1,1511424,1024,0,2,33024,1048576,4096,1048576,4096,0,0,125196,120,0,0,0,0,0,0,0,0,122944,56,0,0,0,0,123000,64,0,0,98304,480,0,0,0,0
20840,cc4a0b4080844e20fb9535679f7b09a3e2449729ce1815d1e5a64272b0225465,1,21,144,3,0,4,0,65535,0,184,0,0,0,64,0,0,0,272,332,6,0,0,224,258,267,14,0,72704,89600,0,14478,4096,77824,4194304,4096,512,5,1,0,0,5,1,180224,1024,0,2,33088,1048576,4096,1048576,4096,0,0,112964,140,155648,17120,0,0,0,0,176128,4096,111200,56,0,0,0,0,111256,64,0,0,77824,388,0,0,0,0
20841,d0d7a8f588693b7cc967fb4069419125625eb7454ba553c0416f35fc95307cbe,1,21,144,3,0,4,0,65535,0,184,0,0,0,64,0,0,0,256,332,4,0,0,224,259,267,14,0,84992,74240,0,44243,4096,90112,889192448,4096,512,5,1,0,0,5,1,172032,1024,0,2,33024,1048576,4096,1048576,4096,0,0,111324,80,0,0,0,0,0,0,0,0,109600,56,0,0,0,0,109656,64,0,0,90112,300,0,0,0,0
20842,d5d744e0f7984ec01593da35f26bf24e95e4b1cc8bd1c0ff4f31de5dbf94e38f,1,21,144,3,0,4,0,65535,0,184,0,0,0,64,0,0,0,256,332,4,0,0,224,259,267,14,0,84992,72192,0,44243,4096,90112,889192448,4096,512,5,1,0,0,5,1,167936,1024,174964,2,33024,1048576,4096,1048576,4096,0,0,111324,80,0,0,0,0,128000,8672,0,0,109600,56,0,0,0,0,109656,64,0,0,90112,300,0,0,0,0
20843,d7333223dcc1002aae04e25e31d8c297efa791a2c1e609d67ac6d9af338efbe8,1,21,144,3,0,4,0,65535,0,184,0,0,0,64,0,0,0,256,332,4,0,0,224,259,267,14,0,78336,73728,0,38851,4096,86016,889192448,4096,512,5,1,0,0,5,1,167936,1024,0,2,33024,1048576,4096,1048576,4096,0,0,106684,60,0,0,0,0,0,0,0,0,104960,56,0,0,0,0,105016,64,0,0,86016,280,0,0,0,0
20844,d9092abd8267613ab978e367e6d457738f2f73bdf87ec3682fd976b4f3dd9d45,1,21,144,3,0,4,0,65535,0,184,0,0,0,64,0,0,0,256,332,4,0,0,224,259,267,14,0,76800,3616768,0,18426,4096,81920,805306368,4096,512,5,1,0,0,5,1,3706880,1024,0,2,33024,1048576,4096,1048576,4096,0,0,109476,80,0,0,0,0,0,0,0,0,107392,56,0,0,0,0,107448,64,0,0,81920,396,0,0,0,0
20845,d91572ef64c5c77b1085a5e6cc40cab2a78f714288c29d1d8bdbb613aa5c9c6d,1,21,144,3,0,4,0,65535,0,184,0,0,0,64,0,0,0,240,34404,6,0,0,240,34,523,14,0,82944,1424384,0,23576,4096,0,5368709120,4096,512,5,2,0,0,5,2,1527808,1024,0,2,33120,1048576,4096,1048576,4096,0,0,130540,120,0,0,1511424,4428,0,0,1523712,1596,125136,56,0,0,0,0,125200,148,0,0,90112,984,0,0,0,0
20846,d956b9643f528c77bb3118ea3ff3a22457f214d154b83d2ea1c001badda68196,1,21,144,3,0,4,0,65535,0,184,0,0,0,64,0,0,0,272,332,6,0,0,224,258,267,14,0,72192,89600,0,13900,4096,77824,4194304,4096,512,5,1,0,0,5,1,180224,1024,0,2,33088,1048576,4096,1048576,4096,0,0,112724,120,155648,17120,0,0,0,0,176128,4048,110960,56,0,0,0,0,111016,64,0,0,77824,372,0,0,0,0
20847,de708f2807f96938e5eb0295d5ebfee870b34dd0cb70708607d4e1adf767ce7b,1,21,144,3,0,4,0,65535,0,184,0,0,0,64,0,0,0,248,34404,7,0,0,240,34,523,14,0,83968,3595264,0,27876,4096,0,5368709120,4096,512,5,2,0,0,5,2,3702784,1024,0,2,33120,1048576,4096,1048576,4096,0,0,134424,80,3694592,480,3682304,4500,0,0,3698688,1556,128944,112,0,0,0,0,129056,148,0,0,90112,904,0,0,0,0
20848,df6847bbf7e75ded54028081f5f27abb199562409aee6e20f99abcda5b48fb51,1,21,144,3,0,4,0,65535,0,184,0,0,0,64,0,0,0,272,332,6,0,0,224,258,267,14,0,72192,68096,0,13107,4096,77824,4194304,4096,512,5,1,0,0,5,1,159744,1024,0,2,33088,1048576,4096,1048576,4096,0,0,113036,120,135168,17120,0,0,0,0,155648,4048,110976,56,0,0,0,0,111032,64,0,0,77824,376,0,0,0,0
20849,e8a0e80dfc520bf7e76c33a90ed6d286e8729e9defe6bb7da2f38bc2db33f399,1,21,144,3,0,4,0,65535,0,184,0,0,0,64,0,0,0,256,332,4,0,0,224,259,267,14,0,84992,70144,0,44243,4096,90112,889192448,4096,512,5,1,0,0,5,1,167936,1024,0,2,33024,1048576,4096,1048576,4096,0,0,111324,80,0,0,0,0,0,0,0,0,109600,56,0,0,0,0,109656,64,0,0,90112,300,0,0,0,0
20850,ec3da4ac9ec917e66ab943ab149119807922f64f2e4960ebadc36fe7520b300f,1,21,144,3,0,4,0,65535,0,184,0,0,0,64,0,0,0,256,332,4,0,0,224,259,267,14,0,84992,72704,0,44243,4096,90112,889192448,4096,512,5,1,0,0,5,1,167936,1024,149864,2,33024,1048576,4096,1048576,4096,0,0,111324,80,0,0,0,0,129024,8672,0,0,109600,56,0,0,0,0,109656,64,0,0,90112,300,0,0,0,0
20851,0056768cbb7902dec5ec3975300228352c31adf62061177316a8523614bf7c79,1,22,144,3,0,4,0,65535,0,184,0,0,0,64,0,0,0,224,332,5,0,0,224,258,267,9,0,185344,812032,0,54224,4096,192512,4194304,4096,512,5,0,0,0,5,0,1015808,1024,866966,2,32768,1048576,4096,1048576,4096,0,0,184716,80,954368,37560,0,0,0,0,995328,7416,4912,28,0,0,0,0,35592,64,0,0,4096,732,0,0,0,0
20852,007ae7550fcc0e7368a9ebd1dcc6066145f256af24847075cde83233ced10d00,1,22,144,3,0,4,0,65535,0,184,0,0,0,64,0,0,0,232,332,5,0,0,224,258,267,9,0,186880,817152,0,54768,4096,192512,4194304,4096,512,5,0,0,0,5,0,1019904,1024,848505,2,32768,1048576,4096,1048576,4096,0,0,186196,100,954368,42808,0,0,0,0,999424,7480,4896,28,0,0,0,0,35664,64,0,0,4096,720,0,0,0,0
20853,015ec781353fb693d510bccc466c61747c5e248f866fb2f632bc7f76afd758e2,1,22,144,3,0,4,0,65535,0,184,0,0,0,64,0,0,0,240,332,4,0,0,224,259,267,9,0,50688,42566144,0,12524,4096,57344,4194304,4096,512,5,0,0,0,5,0,42602496,1024,794124,2,32768,1048576,4096,1048576,4096,0,0,69260,100,42573824,27712,0,0,0,0,0,0,57840,28,0,0,0,0,62848,64,0,0,57344,416,0,0,0,0
20854,01d812b41a6ce4a4295cabc3fecde728149ecf4263c7f9f072f50eb004ee1068,1,22,144,3,0,4,0,65535,0,184,0,0,0,64,0,0,0,240,332,4,0,0,224,259,267,9,0,50688,42565632,0,12524,4096,57344,4194304,4096,512,5,0,0,0,5,0,42602496,1024,822510,2,32768,1048576,4096,1048576,4096,0,0,69260,100,42573824,27712,0,0,0,0,0,0,57840,28,0,0,0,0,62848,64,0,0,57344,416,0,0,0,0
20855,01f04b5d88ada9262d116d2482048845233ee7b31b924d79f3cefdb5c429cf19,1,22,144,3,0,4,0,65535,0,184,0,0,0,64,0,0,0,224,332,4,0,0,224,258,267,9,0,151040,41381376,0,43280,4096,155648,4194304,4096,512,5,0,0,0,5,0,41541632,1024,878060,2,33024,1048576,4096,1048576,4096,0,0,149340,60,41422848,35664,0,0,0,0,41459712,6484,5072,28,0,0,0,0,32768,64,0,0,4096,900,0,0,0,0
20856,0345956163130a14d545e02b3a55f501e1425d6a71e0bddd084ea260c225357f,1,22,144,3,0,4,0,65535,0,184,0,0,0,64,0,0,0,240,332,4,0,0,224,259,267,9,0,48640,801792,0,8915,4096,53248,4194304,4096,512,5,0,0,0,5,0,856064,1024,837066,2,32768,1048576,4096,1048576,4096,0,0,65292,80,770048,82040,0,0,0,0,0,0,53728,28,0,0,0,0,58904,64,0,0,53248,408,0,0,0,0
20857,051e1afb0b50910012ef8218db2664d062fe6cccb59344af8bdbbba1c3b5809b,1,22,144,3,0,4,0,65535,0,184,0,0,0,64,0,0,0,224,332,5,0,0,224,258,267,9,0,187904,817664,0,56112,4096,192512,4194304,4096,512,5,0,0,0,5,0,1019904,1024,853515,2,32768,1048576,4096,1048576,4096,0,0,187140,100,954368,42584,0,0,0,0,999424,7564,4960,28,0,0,0,0,36608,64,0,0,4096,788,0,0,0,0
20858,0642d31bfde0f3804840f168e0a2a870ca674c106d3c32fbf1e20fa1f3a036a8,1,22,144,3,0,4,0,65535,0,184,0,0,0,64,0,0,0,216,332,5,0,0,224,258,267,9,0,186880,817152,0,55200,4096,192512,4194304,4096,512,5,0,0,0,5,0,1019904,1024,910274,2,33024,1048576,4096,1048576,4096,0,0,186100,100,954368,42888,0,0,0,0,999424,7496,4912,28,0,0,0,0,35656,64,0,0,4096,736,0,0,0,0
20859,07388045c0aa457cba88a2bba1e7e56d359cdf70463cab7eb6a41dda2b616ba2,1,22,144,3,0,4,0,65535,0,184,0,0,0,64,0,0,0,240,332,4,0,0,224,259,267,9,0,50688,42566656,0,12524,4096,57344,4194304,4096,512,5,0,0,0,5,0,42602496,1024,803504,2,33024,1048576,4096,1048576,4096,0,0,69340,100,42573824,27712,0,0,0,0,0,0,57824,28,0,0,0,0,62928,64,0,0,57344,412,0,0,0,0
20860,0c213ef729950323440d62292de91d2e7bc17970a902c72ae8171ff382ef5221,1,22,144,3,0,4,0,65535,0,184,0,0,0,64,0,0,0,232,332,4,0,0,224,259,267,9,0,69632,814080,0,9883,4096,73728,4194304,4096,512,5,0,0,0,5,0,884736,1024,923628,2,32768,1048576,4096,1048576,4096,0,0,88332,80,794624,89576,0,0,0,0,0,0,74208,28,0,0,0,0,81888,64,0,0,73728,408,0,0,0,0
20861,0cc3dc3c3ab412bbfeb1dc25084a490c08bc29ef3ef8b2933c631025d7197a4d,1,22,144,3,0,4,0,65535,0,184,0,0,0,64,0,0,0,240,332,4,0,0,224,259,267,9,0,50688,42566144,0,12524,4096,57344,4194304,4096,512,5,0,0,0,5,0,42602496,1024,807748,2,32768,1048576,4096,1048576,4096,0,0,69340,100,42573824,27712,0,0,0,0,0,0,57824,28,0,0,0,0,62928,64,0,0,57344,412,0,0,0,0
20862,0e563a11fbad32ff02ffe4fc9bad5c022bf7a36855c3407058e14e69ca8d69a3,1,22,144,3,0,4,0,65535,0,184,0,0,0,64,0,0,0,224,332,5,0,0,224,258,267,9,0,185856,817152,0,54896,4096,192512,4194304,4096,512,5,0,0,0,5,0,1019904,1024,871439,2,33024,1048576,4096,1048576,4096,0,0,185420,100,954368,42664,0,0,0,0,999424,7472,4912,28,0,0,0,0,35688,64,0,0,4096,740,0,0,0,0
20863,0e9d06b7301792e220b72b88ca51dda59cc3e8f7618fe45cc1d68dfac0b17756,1,22,144,3,0,4,0,65535,0,184,0,0,0,64,0,0,0,232,332,4,0,0,224,259,267,9,0,48640,802304,0,9745,4096,53248,4194304,4096,512,5,0,0,0,5,0,856064,1024,851847,2,33024,1048576,4096,1048576,4096,0,0,65260,80,770048,82040,0,0,0,0,0,0,53728,28,0,0,0,0,58872,64,0,0,53248,412,0,0,0,0
20864,0ef4e9d927784280b371ab3aebfb056ce7b1e377916507d483ef9a4ff8b202f1,1,22,144,3,0,4,0,65535,0,184,0,0,0,64,0,0,0,240,332,4,0,0,224,259,267,9,0,61440,42617856,0,12274,4096,65536,4194304,4096,512,5,0,0,0,5,0,42655744,1024,849874,2,33024,1048576,4096,1048576,4096,0,0,81972,100,42590208,63848,0,0,0,0,0,0,66016,28,0,0,0,0,75480,64,0,0,65536,400,0,0,0,0
20865,11cb404eb6fc6d0aaca61b0edcbc009a2be321ce6fca9f865a272874678656a6,1,22,144,3,0,4,0,65535,0,184,0,0,0,64,0,0,0,240,332,4,0,0,224,259,267,9,0,70144,840704,0,9934,4096,77824,4194304,4096,512,5,0,0,0,5,0,917504,1024,918536,2,32768,1048576,4096,1048576,4096,0,0,92460,80,798720,116688,0,0,0,0,0,0,78304,28,0,0,0,0,86000,64,0,0,77824,404,0,0,0,0
20866,13226234ee07128c9ebe8c9e34a066e746445e36cedff99899b98f1a88652ad9,1,22,144,3,0,4,0,65535,0,184,0,0,0,64,0,0,0,232,332,4,0,0,224,259,267,10,0,648704,181760,0,13186,4096,655360,4194304,4096,512,5,1,0,0,5,1,835584,1024,821204,2,32768,1048576,4096,1048576,4096,0,0,668100,80,708608,123328,0,0,0,0,0,0,655808,28,0,0,0,0,662944,64,0,0,655360,376,0,0,0,0
20867,134c7ced93694d0aece444f0067d7413fad6a2961636e8787dc84889120b0aae,1,22,144,3,0,4,0,65535,0,184,0,0,0,64,0,0,0,224,332,4,0,0,224,259,267,9,0,413696,735232,0,21238,4096,417792,4194304,4096,512,5,0,0,0,5,0,1150976,1024,504275,2,33024,1048576,4096,1048576,4096,0,0,439160,60,1134592,12960,0,0,0,0,0,0,0,0,0,0,0,0,434424,64,0,0,417792,380,0,0,0,0
20868,1505ed1116425351ff433108f7cfa7b05e12531a961a9ef8a2df1209c35bd6a7,1,22,144,3,0,4,0,65535,0,184,0,0,0,64,0,0,0,232,332,5,0,0,224,258,267,9,0,186880,817152,0,55328,4096,192512,4194304,4096,512,5,0,0,0,5,0,1019904,1024,908956,2,32768,1048576,4096,1048576,4096,0,0,186212,100,954368,42896,0,0,0,0,999424,7500,4928,28,0,0,0,0,35680,64,0,0,4096,748,0,0,0,0
20869,19c8842028f5d34e2032e68de5913be7875cf0ad46e0914bf3d3ca6874dd22db,1,22,144,3,0,4,0,65535,0,184,0,0,0,64,0,0,0,240,332,4,0,0,224,259,267,9,0,50688,42566656,0,12524,4096,57344,4194304,4096,512,5,0,0,0,5,0,42602496,1024,774907,2,32768,1048576,4096,1048576,4096,0,0,69276,100,42573824,27712,0,0,0,0,0,0,57840,28,0,0,0,0,62848,64,0,0,57344,416,0,0,0,0
20870,20e8997a74ae8dd68fe98e7454c4056d09c6f92c19e52dd832f82e02082932e9,1,22,144,3,0,4,0,65535,0,184,0,0,0,64,0,0,0,232,332,4,0,0,224,259,267,9,0,66560,42590720,0,13202,4096,73728,4194304,4096,512,5,0,0,0,5,0,42631168,1024,855656,2,32768,1048576,4096,1048576,4096,0,0,90164,100,42594304,36808,0,0,0,0,0,0,74208,28,0,0,0,0,83648,64,0,0,73728,408,0,0,0,0
20871,32b0fbaf95fefcc9b89243be8721625592fc9ed92d76a48cab263898fd3d5c08,1,22,144,3,0,4,0,65535,0,184,0,0,0,64,0,0,0,232,332,5,0,0,224,259,267,10,0,131072,764416,0,5264,4096,135168,4194304,4096,512,5,1,0,0,5,1,901120,1024,894811,2,33024,1048576,4096,1048576,4096,180336,114,176876,60,827392,70320,0,0,0,0,0,0,135824,28,0,0,0,0,174824,64,0,0,135168,572,0,0,0,0
20872,37c73441b4721b0231c8794d6d4fde63de828dbf59c18f64a52c7fc2e456fa80,1,22,144,3,0,4,0,65535,0,184,0,0,0,64,0,0,0,232,332,3,0,0,224,259,267,9,0,712704,2255360,0,13074,4096,716800,4194304,4096,512,5,0,0,0,5,0,2961408,1024,815439,2,32768,1048576,4096,1048576,4096,0,0,714268,60,2932736,28080,0,0,0,0,0,0,4544,28,0,0,0,0,9896,64,0,0,4096,372,0,0,0,0
20873,446f4aff5e8617a75939deeddfec9c0cd2434f3a06f63ae037594b93c0f6ee61,1,22,144,3,0,4,0,65535,0,184,0,0,0,64,0,0,0,240,332,3,0,0,224,271,267,6,0,45056,118784,0,46496,4096,49152,4194304,4096,4096,4,0,0,0,4,0,167936,4096,0,2,0,1048576,4096,1048576,4096,0,0,52976,240,0,0,0,0,0,0,0,0,0,0,0,0,0,0,0,0,0,0,49152,844,0,0,0,0
20874,45c47a6726cb73283befa8f3157d82efd25e757c8e22f46fb93b557f4622994f,1,22,144,3,0,4,0,65535,0,184,0,0,0,64,0,0,0,216,332,4,0,0,224,258,267,9,0,186368,1303552,0,47472,4096,192512,4194304,4096,512,5,0,0,0,5,0,1503232,1024,885245,2,32768,1048576,4096,1048576,4096,0,0,185388,60,1462272,16512,0,0,0,0,1482752,7436,4960,28,0,0,0,0,35992,64,0,0,4096,776,0,0,0,0
20875,486ab4d9e0a524b8f734a9e45821538c31e18c7632af8e0765dc417b9a87c64d,1,22,144,3,0,4,0,65535,0,184,0,0,0,64,0,0,0,216,332,4,0,0,224,258,267,9,0,159232,41396224,0,44992,4096,163840,4194304,4096,512,5,0,0,0,5,0,41566208,1024,916705,2,32768,1048576,4096,1048576,4096,0,0,158156,100,41422848,57184,0,0,0,0,41480192,6760,4976,28,0,0,0,0,33416,64,0,0,4096,800,0,0,0,0
20876,49a081d5148fe1834ec595ebc1d156ae57d4dab207b9246a74b8a207382c7d66,1,22,144,3,0,4,0,65535,0,184,0,0,0,64,0,0,0,232,332,4,0,0,224,259,267,9,0,665600,8761856,0,19378,4096,671744,4194304,4096,512,5,0,0,0,5,0,9412608,1024,774260,2,32768,1048576,4096,1048576,4096,0,0,686912,60,9396224,14800,0,0,0,0,0,0,0,0,0,0,0,0,681568,64,0,0,671744,368,0,0,0,0
20877,52875170b3d4d831363ef0544a1f07934099ec94af1b8c7aa6c54b68086e640a,1,22,144,3,0,4,0,65535,0,184,0,0,0,64,0,0,0,280,332,5,0,0,224,258,267,12,0,250368,193536,0,93187,4096,258048,2883584,4096,512,5,1,0,0,5,1,458752,1024,0,2,33088,1048576,4096,1048576,4096,0,0,329568,300,442368,480,0,0,0,0,446464,11916,259024,56,0,0,0,0,320384,64,0,0,258048,868,0,0,0,0
20878,5af0f5b0bada5b7aaa681eddebc47734267af06eb39610590a625315f449d4de,1,22,144,3,0,4,0,65535,0,184,0,0,0,64,0,0,0,224,332,4,0,0,224,259,267,9,0,681984,736256,0,21238,4096,688128,4194304,4096,512,5,0,0,0,5,0,1421312,1024,772753,2,33024,1048576,4096,1048576,4096,0,0,709496,60,1404928,13016,0,0,0,0,0,0,0,0,0,0,0,0,704760,64,0,0,688128,380,0,0,0,0
20879,5cfb7ddd1fc769d3117baf21e8d7263bf85ecbda7156126c101add0f6aebf0ef,1,22,144,3,0,4,0,65535,0,184,0,0,0,64,0,0,0,232,332,4,0,0,224,259,267,9,0,719872,2299392,0,23275,4096,724992,4194304,4096,512,5,0,0,0,5,0,3018752,1024,849373,2,33024,1048576,4096,1048576,4096,0,0,744840,80,2977792,37208,0,0,0,0,0,0,725552,28,0,0,0,0,735256,64,0,0,724992,460,0,0,0,0
20880,5d294a14a491dc4e08593b2f6cdcaace1e894c449b05b4132b9ba5c005848c58,1,22,144,3,0,4,0,65535,0,184,0,0,0,64,0,0,0,216,332,8,0,0,224,290,267,10,0,320512,179200,0,250573,4096,327680,4194304,4096,512,5,1,0,0,5,1,532480,1024,458617,2,33024,1048576,4096,1048576,4096,338468,101,338388,80,491520,29872,0,0,0,0,524288,3372,0,0,0,0,0,0,337600,64,0,0,327680,392,0,0,0,0
20881,5d5c067cbfd22a4bc080b26fd63a8fdbe5364e3f32079ddd0bdd65ffd4ac438e,1,22,144,3,0,4,0,65535,0,184,0,0,0,64,0,0,0,232,332,5,0,0,224,4386,267,9,0,26624,281088,0,5641,4096,32768,4194304,4096,512,5,0,0,0,5,0,438272,1024,346311,2,33024,1048576,4096,1048576,4096,0,0,38916,80,290816,22912,0,0,0,0,434176,1792,0,0,0,0,0,0,38128,64,0,0,32768,328,0,0,0,0
20882,5e31c71972338fbc40bffeacaf83eb64b50ba0f348ae1bde514fded1d6628f91,1,22,144,3,0,4,0,65535,0,184,0,0,0,64,0,0,0,232,332,4,0,0,224,259,267,9,0,688640,45729792,0,16739,4096,696320,4194304,4096,512,5,0,0,0,5,0,46391296,1024,763849,2,32768,1048576,4096,1048576,4096,0,0,711636,80,46379008,10800,0,0,0,0,0,0,0,0,0,0,0,0,706376,64,0,0,696320,452,0,0,0,0
20883,6a8c0a95d3384c716f16fbd50628313740b650e8a87f94df808eb37b0ea45f56,1,22,144,3,0,4,0,65535,0,184,0,0,0,64,0,0,0,224,332,5,0,0,224,259,267,10,0,651776,105984,0,8426,4096,659456,4194304,4096,512,5,1,0,0,5,1,765952,1024,786009,2,33024,1048576,4096,1048576,4096,0,0,681084,60,724992,37824,0,0,0,0,0,0,659920,28,0,0,0,0,675792,64,0,0,659456,380,0,0,0,0
20884,6bcc1457190babad51e35d278328e52505b1917de234acf427f7e7b48e0e6f0e,1,22,144,3,0,4,0,65535,0,184,0,0,0,64,0,0,0,232,332,5,0,0,224,258,267,9,0,186880,817152,0,55312,4096,192512,4194304,4096,512,5,0,0,0,5,0,1019904,1024,861421,2,33024,1048576,4096,1048576,4096,0,0,186212,100,954368,42888,0,0,0,0,999424,7504,4928,28,0,0,0,0,35688,64,0,0,4096,756,0,0,0,0
20885,963f2a8133f6a5d772fe78943293869c9825a869d110f8f698b9755ad0c5a3f1,1,22,144,3,0,4,0,65535,0,184,0,0,0,64,0,0,0,232,332,4,0,0,224,267,267,9,0,667136,772608,0,10636,4096,671744,4194304,4096,512,5,0,0,0,5,0,1445888,1024,735016,2,33024,1048576,4096,1048576,4096,0,0,686404,60,1409024,33344,0,0,0,0,0,0,0,0,0,0,0,0,685080,64,0,0,671744,416,0,0,0,0
20886,96b6e097f79c99aa21d05542bd4a6317303a28aaf6fb4ff0f790a7f701747979,1,22,144,3,0,4,0,65535,0,184,0,0,0,64,0,0,0,272,332,5,0,0,224,258,267,12,0,285184,200704,0,104529,4096,290816,4194304,4096,512,5,1,0,0,5,1,499712,1024,0,2,33088,1048576,4096,1048576,4096,0,0,367552,320,479232,480,0,0,0,0,483328,12700,291808,56,0,0,0,0,356904,64,0,0,290816,896,0,0,0,0
20887,99e6627336c4f6097f2268b21bc77a0e8fc0006c6d73db5c085037513c93c097,1,22,144,3,0,4,0,65535,0,184,0,0,0,64,0,0,0,280,332,5,0,0,224,258,267,12,0,250368,193536,0,93187,4096,258048,4194304,4096,512,5,1,0,0,5,1,458752,1024,0,2,33088,1048576,4096,1048576,4096,0,0,329568,300,442368,480,0,0,0,0,446464,11916,259024,56,0,0,0,0,320384,64,0,0,0,0,0,0,0,0
20888,a0137a93bef6b2099aa938d5dc48b8787992bc76a865c0a633e71b2424a3cb12,1,22,144,3,0,4,0,65535,0,184,0,0,0,64,0,0,0,240,332,4,0,0,224,259,267,9,0,640512,42641408,0,7324,4096,647168,4194304,4096,512,5,0,0,0,5,0,43266048,1024,751185,2,32768,1048576,4096,1048576,4096,667184,113,664436,80,43200512,64800,0,0,0,0,0,0,647696,28,0,0,659512,24,659440,64,0,0,647168,460,0,0,0,0
20889,ab773ef4933bf0d52210c6494f3611a6805c4fd880d1c62171e96f5d5b25f46f,1,22,144,3,0,4,0,65535,0,184,0,0,0,64,0,0,0,232,332,5,0,0,224,258,267,9,0,157184,805376,0,44784,4096,163840,4194304,4096,512,5,0,0,0,5,0,974848,1024,858724,2,32768,1048576,4096,1048576,4096,0,0,156804,80,925696,32688,0,0,0,0,958464,6584,4912,28,0,0,0,0,32792,64,0,0,4096,736,0,0,0,0
20890,b21a21300db0acf6f1c08b843fe5b8e0a9286696f077f1a472fb14e78d3cc94f,1,22,144,3,0,4,0,65535,0,184,0,0,0,64,0,0,0,224,332,7,0,0,224,259,267,9,0,721408,8459264,0,49239,4096,729088,4194304,4096,512,5,0,0,0,5,0,9179136,1024,950960,2,33024,1048576,4096,1048576,4096,0,0,722468,60,9007104,169216,0,0,0,0,0,0,0,0,0,0,0,0,14600,64,0,0,4096,444,0,0,0,0
20891,b9e8675ae83abf6263f910acc381599618bc10b87a443ac2ab57cb64e929c65d,1,22,144,3,0,4,0,65535,0,184,0,0,0,64,0,0,0,248,332,5,0,0,224,258,267,9,0,763904,20225536,0,13032,4096,770048,4194304,4096,512,5,0,0,0,5,0,21008384,1024,871550,2,33024,1048576,4096,1048576,4096,20944688,121,20941612,60,20946944,18256,0,0,0,0,20967424,6700,0,0,0,0,0,0,20937344,64,0,0,20926464,524,0,0,0,0
20892,bb85125d08e5f947de240348d133dadf0475af0556856e09d497ba14d2d4ac54,1,22,144,3,0,4,0,65535,0,184,0,0,0,64,0,0,0,216,332,4,0,0,224,258,267,9,0,186368,1303040,0,47472,4096,192512,4194304,4096,512,5,0,0,0,5,0,1503232,1024,841700,2,33024,1048576,4096,1048576,4096,0,0,185388,60,1462272,16512,0,0,0,0,1482752,7436,4960,28,0,0,0,0,35992,64,0,0,4096,776,0,0,0,0
20893,cc16ec8062a3ed597edf121dc8e74170c70dc50159a70604f9e6f4256974c396,1,22,144,3,0,4,0,65535,0,184,0,0,0,64,0,0,0,232,332,5,0,0,224,258,267,9,0,186880,817664,0,55312,4096,192512,4194304,4096,512,5,0,0,0,5,0,1019904,1024,868107,2,33024,1048576,4096,1048576,4096,0,0,186212,100,954368,42888,0,0,0,0,999424,7504,4928,28,0,0,0,0,35688,64,0,0,4096,756,0,0,0,0
20894,d5c60ae5f174a2a2d95921e5b18c78e4c1ff4881a43540075309b47b827ef523,1,22,144,3,0,4,0,65535,0,184,0,0,0,64,0,0,0,280,332,5,0,0,224,258,267,12,0,828928,427520,0,147777,4096,835584,4194304,4096,512,5,1,0,0,5,1,1273856,1024,0,2,33088,1048576,4096,1048576,4096,0,0,1082832,340,1224704,480,0,0,0,0,1228800,41772,836704,56,0,0,0,0,1071816,64,0,0,835584,1008,0,0,0,0
20895,e19a2db727b539378d7fcad6516fc9e02522a6f4747279ff599d1f30bbaa1e10,1,22,144,3,0,4,0,65535,0,184,0,0,0,64,0,0,0,232,332,4,0,0,224,259,267,9,0,719872,2299392,0,23275,4096,724992,4194304,4096,512,5,0,0,0,5,0,3018752,1024,866027,2,33024,1048576,4096,1048576,4096,0,0,744840,80,2977792,37208,0,0,0,0,0,0,725552,28,0,0,0,0,735256,64,0,0,724992,460,0,0,0,0
20896,eba1e2d8d2f3b1eaddaf6331df44e59c2e2ac9c907034f221db2684e89d75ec8,1,22,144,3,0,4,0,65535,0,184,0,0,0,64,0,0,0,240,332,5,0,0,224,258,267,9,0,216576,4923904,0,5472,4096,221184,4194304,4096,512,5,0,0,0,5,0,5152768,1024,318866,2,33024,1048576,4096,1048576,4096,269152,118,265628,80,5111808,10376,0,0,0,0,5124096,7952,221872,28,0,0,0,0,0,0,0,0,221184,604,0,0,0,0
20897,f1e4755ee17247030f6baa75f18b41670b8f0d1d65a76826ad004225a87b646e,1,22,144,3,0,4,0,65535,0,184,0,0,0,64,0,0,0,256,332,6,0,0,224,262,267,14,0,142848,816640,0,27783,4096,147456,4194304,4096,512,5,1,0,0,5,1,1273856,1024,846519,2,33024,1048576,4096,1048576,4096,0,0,799512,60,954368,11768,0,0,0,0,1261568,8540,790656,84,0,0,0,0,790744,64,0,0,147456,364,0,0,0,0
20898,f6476d08d2657e0ad84f224ab3eaa38568f79e65a5b84b72bd1da16a1bf10f13,1,22,144,3,0,4,0,65535,0,184,0,0,0,64,0,0,0,280,332,5,0,0,224,258,267,12,0,250368,193536,0,93187,4096,258048,4194304,4096,512,5,1,0,0,5,1,458752,1024,0,2,33088,1048576,4096,1048576,4096,0,0,329568,300,442368,480,0,0,0,0,446464,11916,259024,56,0,0,0,0,320384,64,0,0,0,0,0,0,0,0
20899,0033c6e1db4b59f95b5261ecef244981e068c765f32616b26e23eddf99986454,1,23,144,3,0,4,0,65535,0,184,0,0,0,64,0,0,0,128,332,3,0,0,224,258,267,8,0,351744,2560,0,359750,8192,360448,4194304,8192,512,4,0,0,0,4,0,376832,512,0,2,34112,1048576,4096,1048576,4096,0,0,359676,74,360448,1769,0,0,0,0,368640,12,0,0,0,0,0,0,0,0,0,0,8192,8,0,0,8200,72
20900,025ecab4eed0ccb1d35c88c7b776aa41841951f2af6b2af61e803eb32f7b78e4,1,23,144,3,0,4,0,65535,0,184,0,0,0,64,0,0,0,128,332,3,0,0,224,258,267,8,0,108032,4096,0,116166,8192,122880,4194304,8192,512,4,0,0,0,4,0,139264,512,0,2,34112,1048576,4096,1048576,4096,0,0,116092,74,122880,3264,0,0,0,0,131072,12,0,0,0,0,0,0,0,0,0,0,8192,8,0,0,8200,72
20901,0361e25d7f958c3e5f76eb62917004939f40c020e2303c97ab8be431199baa6f,1,23,144,3,0,4,0,65535,0,184,0,0,0,64,0,0,0,128,332,3,0,0,224,258,267,8,0,375808,2560,0,383538,8192,385024,4194304,8192,512,4,0,0,0,4,0,401408,512,0,2,34112,1048576,4096,1048576,4096,0,0,383464,74,385024,1845,0,0,0,0,393216,12,0,0,0,0,0,0,0,0,0,0,8192,8,0,0,8200,72
20902,11aebdff8c064c160c2b21f3a844bacaecd581d9dc2e4224d31903d2a56e2dd3,1,23,144,3,0,4,0,65535,0,184,0,0,0,64,0,0,0,128,332,3,0,0,224,258,267,8,0,471040,2048,0,478834,8192,483328,4194304,8192,512,4,0,0,0,4,0,499712,512,0,2,34112,1048576,4096,1048576,4096,0,0,478760,74,483328,1477,0,0,0,0,491520,12,0,0,0,0,0,0,0,0,0,0,8192,8,0,0,8200,72
20903,1baccdc9eb758412cb3ad008bbf1f8d500ccf1ef9ad4c6a0903f584c6fd5d5d8,1,23,144,3,0,4,0,65535,0,184,0,0,0,64,0,0,0,128,332,3,0,0,224,258,267,8,0,100352,2048,0,108070,8192,114688,4194304,8192,512,4,0,0,0,4,0,131072,512,0,2,34112,1048576,4096,1048576,4096,0,0,107996,74,114688,1493,0,0,0,0,122880,12,0,0,0,0,0,0,0,0,0,0,8192,8,0,0,8200,72
20904,1d4db8733c5f11ee8fca530aeb4a91069de04b1af64cbe1fa3ae2d3572a6e554,1,23,144,3,0,4,0,65535,0,184,0,0,0,64,0,0,0,128,332,3,0,0,224,258,267,8,0,373760,2560,0,381594,8192,385024,4194304,8192,512,4,0,0,0,4,0,401408,512,0,2,34112,1048576,4096,1048576,4096,0,0,381520,74,385024,1865,0,0,0,0,393216,12,0,0,0,0,0,0,0,0,0,0,8192,8,0,0,8200,72
20905,2eb10ec6fa0d6d3f02a362ad5cbd55da6df47d23cfbacc3bc5a549e761cef7c8,1,23,144,3,0,4,0,65535,0,184,0,0,0,64,0,0,0,128,332,3,0,0,224,258,267,8,0,92160,2048,0,100158,8192,106496,4194304,8192,512,4,0,0,0,4,0,122880,512,0,2,34112,1048576,4096,1048576,4096,0,0,100084,74,106496,1485,0,0,0,0,114688,12,0,0,0,0,0,0,0,0,0,0,8192,8,0,0,8200,72
20906,4852f22df095db43f2a92e99384ff7667020413e74f67fcbd42fca16f8f96f4c,1,23,144,3,0,4,0,65535,0,184,0,0,0,64,0,0,0,128,332,3,0,0,224,258,267,8,0,109056,2048,0,116886,8192,122880,4194304,8192,512,4,0,0,0,4,0,139264,512,0,2,34112,1048576,4096,1048576,4096,0,0,116812,74,122880,1485,0,0,0,0,131072,12,0,0,0,0,0,0,0,0,0,0,8192,8,0,0,8200,72
20907,58bfb9fa8889550d13f42473956dc2a7ec4f3abb18fd3faeaa38089d513c171f,1,23,144,3,0,4,0,65535,0,184,0,0,0,64,0,0,0,128,332,3,0,0,224,258,267,8,0,81920,2048,0,89774,8192,90112,4194304,8192,512,4,0,0,0,4,0,106496,512,0,2,34112,1048576,4096,1048576,4096,0,0,89692,79,90112,1512,0,0,0,0,98304,12,0,0,0,0,0,0,0,0,0,0,8192,8,0,0,8200,72
20908,5c66963cf7d417ffe475afdf18906df5c6dcd8dbbb1462918f197323dabb6f19,1,23,144,3,0,4,0,65535,0,184,0,0,0,64,0,0,0,128,332,3,0,0,224,258,267,8,0,123904,2560,0,132090,8192,139264,4194304,8192,512,4,0,0,0,4,0,155648,512,0,2,34112,1048576,4096,1048576,4096,0,0,132016,74,139264,1865,0,0,0,0,147456,12,0,0,0,0,0,0,0,0,0,0,8192,8,0,0,8200,72
20909,5d40615701c48a122e44f831e7c8643d07765629a83b15d090587f469c77693d,1,23,144,3,0,4,0,65535,0,184,0,0,0,64,0,0,0,128,332,3,0,0,224,258,267,11,0,90112,2560,0,97918,8192,98304,4194304,8192,512,4,0,0,0,4,0,114688,512,0,2,34112,1048576,4096,1048576,4096,0,0,97836,79,98304,1588,0,0,0,0,106496,12,0,0,0,0,0,0,0,0,0,0,8192,8,0,0,8200,72
20910,5fd33c0fb29103a7323c1ea97015ee932f99d454731be58f7db6988f10c115b8,1,23,144,3,0,4,0,65535,0,184,0,0,0,64,0,0,0,200,332,5,0,0,224,271,267,6,0,25600,162816,1024,12907,4096,32768,4194304,4096,512,4,0,6,0,4,0,233472,1024,0,2,34112,1048576,4096,1048576,4096,0,0,34108,160,229376,2656,0,0,0,0,0,0,0,0,0,0,0,0,0,0,0,0,32768,660,0,0,0,0
20911,66ed5384220ff3091903e14a54849f824fdd13ac70dc4e0127eb59c1de801fc2,1,23,144,3,0,4,0,65535,0,184,0,0,0,64,0,0,0,128,332,3,0,0,224,258,267,8,0,108032,2048,0,116178,8192,122880,4194304,8192,512,4,0,0,0,4,0,139264,512,0,2,34112,1048576,4096,1048576,4096,0,0,116104,74,122880,1477,0,0,0,0,131072,12,0,0,0,0,0,0,0,0,0,0,8192,8,0,0,8200,72
20912,6a5090762c6058bc223e37e89f53832faad80995e3c5ed7e59ed9f5a5e604e47,1,23,144,3,0,4,0,65535,0,184,0,0,0,64,0,0,0,128,332,3,0,0,224,258,267,8,0,92160,2048,0,100158,8192,106496,4194304,8192,512,4,0,0,0,4,0,122880,512,0,2,34112,1048576,4096,1048576,4096,0,0,100080,75,106496,1512,0,0,0,0,114688,12,0,0,0,0,0,0,0,0,0,0,8192,8,0,0,8200,72
20913,6e016c4d1db409b5e499289f31bcb6b87b5c46b29d4fcba4a50a7b68d733b93e,1,23,144,3,0,4,0,65535,0,184,0,0,0,64,0,0,0,128,332,3,0,0,224,258,267,8,0,105984,2048,0,113774,8192,114688,4194304,8192,512,4,0,0,0,4,0,131072,512,0,2,34112,1048576,4096,1048576,4096,0,0,113688,83,114688,1509,0,0,108544,15792,122880,12,0,0,0,0,0,0,0,0,0,0,8192,8,0,0,8200,72
20914,6e6b78a1df17d6718daa857827a2a364b7627d9bfd6672406ad72b276014209c,1,23,144,3,0,4,0,65535,0,184,0,0,0,64,0,0,0,128,332,3,0,0,224,258,267,8,0,119808,2048,0,127722,8192,131072,4194304,8192,512,4,0,0,0,4,0,147456,512,0,2,34112,1048576,4096,1048576,4096,0,0,127648,74,131072,1501,0,0,0,0,139264,12,0,0,0,0,0,0,0,0,0,0,8192,8,0,0,8200,72
20915,714f630043670cdab4475971a255d836a1366e417cd0b60053bf026551d62409,1,23,144,3,0,4,0,65535,0,184,0,0,0,64,0,0,0,128,332,3,0,0,224,258,267,8,0,107008,2560,0,114942,8192,122880,4194304,8192,512,4,0,0,0,4,0,139264,512,150332,2,34112,1048576,4096,1048576,4096,0,0,114868,74,122880,1780,0,0,0,0,131072,12,0,0,0,0,0,0,0,0,0,0,8192,8,0,0,8200,72
20916,779db1c725f71e54d4f31452763784abe783afa6a78cc222e17796b0045f33fc,1,23,144,3,0,4,0,65535,0,184,0,0,0,64,0,0,0,128,332,3,0,0,224,258,267,8,0,236032,2560,0,243922,8192,245760,4194304,8192,512,4,0,0,0,4,0,262144,512,0,2,34112,1048576,4096,1048576,4096,0,0,243848,74,245760,1833,0,0,0,0,253952,12,0,0,0,0,0,0,0,0,0,0,8192,8,0,0,8200,72
20917,81411c9010f2adcb4758bac5ed6128d5a76b24689d477f6ed2c3003fd57e4f3b,1,23,144,3,0,4,0,65535,0,184,0,0,0,64,0,0,0,128,332,3,0,0,224,258,267,8,0,120320,2048,0,128322,8192,131072,4194304,8192,512,4,0,0,0,4,0,147456,512,0,2,34112,1048576,4096,1048576,4096,0,0,128248,74,131072,1485,0,0,0,0,139264,12,0,0,0,0,0,0,0,0,0,0,8192,8,0,0,8200,72
20918,8c723af5c826adea162ef3f2e37a1cca7b43d549c9a5fab7c9ff17f65eb5d8e7,1,23,144,3,0,4,0,65535,0,184,0,0,0,64,0,0,0,128,332,3,0,0,224,258,267,8,0,142848,2560,0,150782,8192,155648,4194304,8192,512,4,0,0,0,4,0,172032,512,0,2,34112,1048576,4096,1048576,4096,0,0,150708,74,155648,1765,0,0,0,0,163840,12,0,0,0,0,0,0,0,0,0,0,8192,8,0,0,8200,72
20919,8d268be58a27d2c980b807ffe703ea28b0fd0cd1ba2e455902faebe9ec17c52e,1,23,144,3,0,4,0,65535,0,184,0,0,0,64,0,0,0,128,332,3,0,0,224,258,267,8,0,109056,2048,0,116918,8192,122880,4194304,8192,512,4,0,0,0,4,0,139264,512,0,2,34112,1048576,4096,1048576,4096,0,0,116844,74,122880,1501,0,0,0,0,131072,12,0,0,0,0,0,0,0,0,0,0,8192,8,0,0,8200,72
20920,936a35ca214e9be1438c67a1153c854c28054994ce43f1eed39bb9dc52cb54dd,1,23,144,3,0,4,0,65535,0,184,0,0,0,64,0,0,0,128,332,3,0,0,224,258,267,8,0,300032,2560,0,307986,8192,311296,4194304,8192,512,4,0,0,0,4,0,327680,512,0,2,34112,1048576,4096,1048576,4096,0,0,307912,74,311296,1769,0,0,0,0,319488,12,0,0,0,0,0,0,0,0,0,0,8192,8,0,0,8200,72
20921,9bf0633f41d2962ba5e2895ece2ef9fa7b546ada311ca30f330f0d261a7fb184,1,23,144,3,0,4,0,65535,0,184,0,0,0,64,0,0,0,128,332,3,0,0,224,258,267,8,0,196608,2048,0,204642,8192,204800,4194304,8192,512,4,0,0,0,4,0,221184,512,0,2,34112,1048576,4096,1048576,4096,0,0,204568,74,204800,1477,0,0,0,0,212992,12,0,0,0,0,0,0,0,0,0,0,8192,8,0,0,8200,72
20922,9d85a74f073c4403e3a91017b6757e0368139e672498a2f84f5efaad0d1b573b,1,23,144,3,0,4,0,65535,0,184,0,0,0,64,0,0,0,128,332,3,0,0,224,258,267,8,0,123904,2048,0,131642,8192,139264,4194304,8192,512,4,0,0,0,4,0,155648,512,0,2,34112,1048576,4096,1048576,4096,0,0,131568,74,139264,1485,0,0,0,0,147456,12,0,0,0,0,0,0,0,0,0,0,8192,8,0,0,8200,72
20923,a0e20c580e8a82f4103af90d290f762bd847fadd4eba1f5cd90e465bb9f810b7,1,23,144,3,0,4,0,65535,0,184,0,0,0,64,0,0,0,128,332,3,0,0,224,258,267,8,0,217088,2560,0,225198,8192,0,4194304,8192,512,4,0,0,0,4,0,245760,512,0,2,34112,1048576,4096,1048576,4096,0,0,225112,83,229376,1845,0,0,0,0,237568,12,0,0,0,0,0,0,0,0,0,0,8192,8,0,0,8200,72
20924,ae66e009e16f0fad3b70ad20801f48f2edb904fa5341a89e126a26fd3fc80f75,1,23,144,3,0,4,0,65535,0,184,0,0,0,64,0,0,0,128,332,3,0,0,224,259,267,11,0,90112,2560,0,1919319279,8192,98304,13369344,8192,512,4,0,0,0,4,0,114688,512,0,2,34112,1048576,4096,1048576,4096,0,0,97836,79,98304,1588,0,0,0,0,0,0,0,0,0,0,0,0,0,0,0,0,8192,8,0,0,8200,72
20925,b6f774f46949d54a060dabf2d7d08eef9fd390091f419ce1a2b555bcd58b2d32,1,23,144,3,0,4,0,65535,0,184,0,0,0,64,0,0,0,128,332,3,0,0,224,258,267,8,0,364032,2560,0,371842,8192,376832,4194304,8192,512,4,0,0,0,4,0,393216,512,0,2,34112,1048576,4096,1048576,4096,0,0,371768,74,376832,1833,0,0,0,0,385024,12,0,0,0,0,0,0,0,0,0,0,8192,8,0,0,8200,72
20926,c460fc0d4fdaf5c68623e18de106f1c3601d7bd6ba80ddad86c10fd6ea123850,1,23,144,3,0,4,0,65535,0,184,0,0,0,64,0,0,0,128,332,3,0,0,224,258,267,8,0,87040,2048,0,95034,8192,98304,4194304,8192,512,4,0,0,0,4,0,114688,512,0,2,34112,1048576,4096,1048576,4096,0,0,94960,74,98304,1501,0,0,0,0,106496,12,0,0,0,0,0,0,0,0,0,0,8192,8,0,0,8200,72
20927,caf815381680cfa6afedcd7c7af5a5c838788b1c7ec593ce817114a25ab63441,1,23,144,3,0,4,0,65535,0,184,0,0,0,64,0,0,0,128,332,3,0,0,224,258,267,8,0,109056,2048,0,116830,8192,122880,4194304,8192,512,4,0,0,0,4,0,139264,512,0,2,34112,1048576,4096,1048576,4096,0,0,116756,74,122880,1461,0,0,0,0,131072,12,0,0,0,0,0,0,0,0,0,0,8192,8,0,0,8200,72
20928,cbdb04d23e395b270e16d7ca81cc6b734039fa069932989d4e4f4d4d266df28b,1,23,144,3,0,4,0,65535,0,184,0,0,0,64,0,0,0,128,332,3,0,0,224,258,267,8,0,119808,2048,0,127722,8192,131072,4194304,8192,512,4,0,0,0,4,0,147456,512,0,2,34112,1048576,4096,1048576,4096,0,0,127648,74,131072,1501,0,0,0,0,139264,12,0,0,0,0,0,0,0,0,0,0,8192,8,0,0,8200,72
20929,d29abe6ed086a5508c54df31010c36cc19fea3bdc5d521ee7c0d7063a51bb131,1,23,144,3,0,4,0,65535,0,184,0,0,0,64,0,0,0,128,332,3,0,0,224,258,267,8,0,108032,2048,0,116178,8192,122880,4194304,8192,512,4,0,0,0,4,0,139264,512,0,2,34112,1048576,4096,1048576,4096,0,0,116104,74,122880,1477,0,0,0,0,131072,12,0,0,0,0,0,0,0,0,0,0,8192,8,0,0,8200,72
20930,d86c0f01f524ac5fe1c78b57db10616a242881c6f356807924ec5b2a24f3b65a,1,23,144,3,0,4,0,65535,0,184,0,0,0,64,0,0,0,128,332,3,0,0,224,258,267,11,0,99328,2560,0,107374,8192,114688,4194304,8192,512,4,0,0,0,4,0,131072,512,0,2,34112,1048576,4096,1048576,4096,0,0,107284,87,114688,1586,0,0,0,0,122880,12,0,0,0,0,0,0,0,0,0,0,8192,8,0,0,8200,72
20931,d991aa2b1fad608b567be28e2d13d3d4f48eea3dea8f5d51a8e42aa9a2637426,1,23,144,3,0,4,0,65535,0,184,0,0,0,64,0,0,0,128,332,3,0,0,224,258,267,8,0,194048,2560,0,202114,8192,204800,4194304,8192,512,4,0,0,0,4,0,221184,512,0,2,34112,1048576,4096,1048576,4096,0,0,202040,74,204800,1845,0,0,0,0,212992,12,0,0,0,0,0,0,0,0,0,0,8192,8,0,0,8200,72
20932,e15f9169021b5e11381547d57a952b98e06f6366161d56083ff9be69fc43e9bf,1,23,144,3,0,4,0,65535,0,184,0,0,0,64,0,0,0,128,332,3,0,0,224,258,267,11,0,133120,133120,0,140910,8192,147456,4194304,8192,512,4,0,0,0,4,0,294912,512,314759,2,34112,1048576,4096,1048576,4096,0,0,140824,83,147456,132344,0,0,0,0,286720,12,0,0,0,0,0,0,0,0,0,0,8192,8,0,0,8200,72
20933,f9533288e6a7279195902c8691d5f223c77015fa332b56e23aeec3581c0cdbdb,1,23,144,3,0,4,0,65535,0,184,0,0,0,64,0,0,0,128,332,3,0,0,224,258,267,8,0,122368,2560,0,130394,8192,131072,4194304,8192,512,4,0,0,0,4,0,147456,512,0,2,34112,1048576,4096,1048576,4096,0,0,130320,74,131072,1801,0,0,0,0,139264,12,0,0,0,0,0,0,0,0,0,0,8192,8,0,0,8200,72
20934,06e3e56153ca25cb9790495f0768e9b615e088f9241ac7f3b974f2e9cd97bd21,1,24,144,3,0,4,0,65535,0,184,0,0,0,64,0,0,0,216,332,5,0,0,224,258,267,9,0,32768,27136,0,5939,4096,36864,16777216,4096,512,5,0,0,0,5,0,69632,1024,0,2,32768,1048576,4096,1048576,4096,0,0,37556,160,0,0,0,0,0,0,65536,2048,0,0,0,0,0,0,37424,64,0,0,36864,544,0,0,0,0
20935,0e06a89b601e02fe57ed699b2a5a000821647516fbc0e9a4c08c08c5d0b92cea,1,24,144,3,0,4,0,65535,0,184,0,0,0,64,0,0,0,232,332,5,0,0,224,258,267,8,0,31232,27136,0,5884,4096,36864,4194304,4096,512,4,0,0,0,4,0,67908,1024,0,2,0,1048576,4096,1048576,4096,0,0,37540,140,0,0,0,0,0,0,65536,2004,0,0,0,0,0,0,37408,64,0,0,0,0,0,0,0,0
20936,0ee5e68383fe3d0c049da3083384af79b65fd25f1b9a2857bc94d41e4dd53525,1,24,144,3,0,4,0,65535,0,184,0,0,0,64,0,0,0,128,332,3,0,0,224,271,267,2,50,69632,4096,1163264,1235248,1167360,1236992,4194304,4096,512,4,0,0,0,4,0,1241088,4096,0,2,0,1048576,4096,1048576,4096,0,0,1237468,232,1236992,476,0,0,0,0,1237700,12,0,0,0,0,0,0,0,0,0,0,0,0,0,0,0,0
20937,37a30621364d3083424b24b0255fc8f5752d88c381600d840574e551c284fb6e,1,24,144,3,0,4,0,65535,0,184,0,0,0,64,0,0,0,216,332,5,0,0,224,258,267,9,0,32768,27136,0,4430,4096,36864,4194304,4096,512,5,0,0,0,5,0,69632,1024,0,2,32768,1048576,4096,1048576,4096,0,0,37556,160,0,0,0,0,0,0,65536,2044,0,0,0,0,0,0,37424,64,0,0,36864,544,0,0,0,0
20938,38d3d9aabcba1130937b16b3661adea027d8a02ff9756c91c8cbfbb6a24f790e,1,24,144,3,0,4,0,65535,0,184,0,0,0,64,0,0,0,128,332,3,0,0,224,271,267,2,50,94208,4096,1171456,1269104,1175552,1269760,4194304,4096,512,4,0,0,0,4,0,1273856,4096,0,2,0,1048576,4096,1048576,4096,0,0,1269848,272,1269760,88,0,0,0,0,0,0,0,0,0,0,0,0,0,0,0,0,0,0,0,0,0,0
20939,3cf9f70a28656cb3d6c0ab960f89df9b2b5939e930edb8e11d46b2560ab460cd,1,24,144,3,0,4,0,65535,0,184,0,0,0,64,0,0,0,128,332,4,0,0,224,271,267,2,50,5632,103936,0,8768,4096,12288,4194304,4096,512,4,0,0,0,4,0,122880,1024,147137,2,0,1048576,4096,1048576,4096,0,0,113128,100,118784,472,0,0,110080,5008,0,0,0,0,0,0,0,0,0,0,0,0,113532,304,0,0,0,0
20940,3d9440075113f8dbb08c9fe78cfee716db07f45a99fd82bf4df610d4a4671587,1,24,144,3,0,4,0,65535,0,184,0,0,0,64,0,0,0,232,332,5,0,0,224,258,267,8,0,31232,27136,0,5884,4096,36864,4194304,4096,512,4,0,0,0,4,0,67908,1024,0,2,0,1048576,4096,1048576,4096,0,0,37540,140,0,0,0,0,0,0,65536,2004,0,0,0,0,0,0,37408,64,0,0,0,0,0,0,0,0
20941,4d7e4660c8e71d4d663dac8ea2b8cde6e07277b2839beda6ad88eb66f3f5a71b,1,24,144,3,0,4,0,65535,0,184,0,0,0,64,0,0,0,232,332,5,0,0,224,258,267,8,0,31232,27136,0,5884,4096,36864,4194304,4096,512,4,0,0,0,4,0,69632,1024,0,2,0,1048576,4096,1048576,4096,0,0,37540,140,0,0,0,0,0,0,65536,2004,0,0,0,0,0,0,37408,64,0,0,0,0,0,0,0,0
20942,5359628eee82f04a5f72aa33f181887b306095c4af5cb37cba7eba7ca61c814c,1,24,144,3,0,4,0,65535,0,184,0,0,0,64,0,0,0,232,332,5,0,0,224,258,267,8,0,32768,32768,0,28349,4096,36864,4194304,4096,4096,4,0,0,0,4,0,69632,4096,0,2,0,1048576,4096,1048576,4096,0,0,37556,160,0,0,0,0,0,0,65536,2072,0,0,0,0,0,0,37424,64,0,0,36864,544,0,0,0,0
20943,597ab9cbb4beea848beed36fe7ef634130e649e15ae8c1161fd6baec16408803,1,24,64,1,0,2,0,65535,0,184,0,0,0,10,0,46080,52489,64,332,3,0,0,224,783,267,2,50,987136,134144,0,1130826,4096,991232,4194304,4096,512,4,0,0,0,4,0,1167360,512,128508,2,0,1048576,28672,1048576,4096,0,0,1130496,332,1134592,31468,0,0,1122304,5008,0,0,0,0,0,0,0,0,0,0,0,0,1130616,40,0,0,0,0
20944,5cd04805f9753ca08b82e88c27bf5426d1d356bb26b281885573051048911367,1,24,144,3,0,4,0,65535,0,184,0,0,0,64,0,0,0,128,332,3,0,0,224,271,267,2,50,986624,83968,0,987824,4096,991232,4194304,4096,512,4,0,0,0,4,0,1077248,512,1077776,2,0,1048576,4096,1048576,4096,0,0,1042132,140,1044480,32088,0,0,1071104,5008,0,0,0,0,0,0,0,0,0,0,0,0,1042368,96,0,0,0,0
20945,5d3257b8c18ddb6832aad76f0c64acb47703781edfe0a1652f73a7ebbde5edc9,1,24,144,3,0,4,0,65535,0,184,0,0,0,64,0,0,0,232,332,5,0,0,224,258,267,8,0,31232,27136,0,5884,4096,36864,4194304,4096,512,4,0,0,0,4,0,67908,1024,0,2,0,1048576,4096,1048576,4096,0,0,37540,140,0,0,0,0,0,0,65536,2004,0,0,0,0,0,0,37408,64,0,0,0,0,0,0,0,0
20946,633e3f41ab072d59eb255348209fd3228a8abc3168601c7f95342ef85efdc6b2,1,24,144,3,0,4,0,65535,0,184,0,0,0,64,0,0,0,128,332,4,0,0,224,271,267,2,50,8192,1198080,0,11296,4096,12288,4194304,4096,512,4,0,0,0,4,0,1216512,1024,1235002,2,0,1048576,4096,1048576,4096,0,0,1206580,80,1212416,1224,0,0,1207296,5008,0,0,0,0,0,0,0,0,0,0,0,0,1207264,604,0,0,0,0
20947,6b13593902307f9ad68271be9205aabedd35a3b566f88dc891fbf53833cf4844,1,24,144,3,0,4,0,65535,0,184,0,0,0,64,0,0,0,216,332,5,0,0,224,258,267,9,0,32768,27136,0,4430,4096,36864,4194304,4096,512,5,0,0,0,5,0,67944,1024,0,2,32768,1048576,4096,1048576,4096,0,0,37556,160,0,0,0,0,0,0,65536,2044,0,0,0,0,0,0,37424,64,0,0,0,0,0,0,0,0
20948,6d35b01dbe014c6efc18d587c2be5e12617e1681cc670ba5c49fe7ead9de780e,1,24,144,3,0,4,0,65535,0,184,0,0,0,64,0,0,0,216,332,5,0,0,224,258,267,9,0,32768,27136,0,4430,4096,36864,16777216,4096,512,5,0,0,0,5,0,69632,1024,0,2,32768,1048576,4096,1048576,4096,0,0,37556,160,0,0,0,0,0,0,65536,2044,0,0,0,0,0,0,37424,64,0,0,36864,544,0,0,0,0
20949,7a45a4ae68992e5be784b4a6da7acd98dc28281fe238f22c1f7c1d85a90d144a,1,24,144,3,0,4,0,65535,0,184,0,0,0,64,0,0,0,232,332,5,0,0,224,258,267,8,0,31232,27136,0,5884,4096,36864,16777216,4096,512,4,0,0,0,4,0,69632,1024,0,2,0,1048576,4096,1048576,4096,0,0,37540,140,0,0,0,0,0,0,65536,2004,0,0,0,0,0,0,37408,64,0,0,36864,536,0,0,0,0
20950,7de425238719622bf2b2150591631b0a71d6a5dade419a4e67b9bdbfa272b559,1,24,144,3,0,4,0,65535,0,184,0,0,0,64,0,0,0,216,332,5,0,0,224,258,267,9,0,32768,27136,0,4430,4096,36864,4194304,4096,512,5,0,0,0,5,0,69632,1024,0,2,32768,1048576,4096,1048576,4096,0,0,37556,160,0,0,0,0,0,0,65536,2044,0,0,0,0,0,0,37424,64,0,0,36864,544,0,0,0,0
20951,887aac61771af200f7e58bf0d02cb96d9befa11deda4e448f0a700ccb186ce9d,1,24,144,3,0,4,0,65535,0,184,0,0,0,64,0,0,0,128,332,4,0,0,224,271,267,2,50,590336,534528,0,591040,4096,598016,4194304,4096,512,4,0,0,0,4,0,1138688,1024,1174275,2,0,1048576,4096,1048576,4096,0,0,1102732,120,1105920,32088,0,0,1125888,5008,0,0,0,0,0,0,0,0,0,0,0,0,1102948,96,0,0,0,0
20952,8897db876553f942b2eb4005f8475a232bafb82a50ca7761a621842e894a3d80,1,24,144,3,0,4,0,65535,0,184,0,0,0,64,0,0,0,224,332,5,0,0,224,258,267,8,0,30720,27136,0,23449,4096,36864,16777216,4096,512,4,0,0,0,4,0,69632,1024,0,2,0,1048576,4096,1048576,4096,0,0,37540,140,0,0,0,0,0,0,65536,1992,0,0,0,0,0,0,37416,64,0,0,36864,540,0,0,0,0
20953,8dc3389d37519b24aef2bcf2a15530ea1b13ff4b98228967c9876835bdb99a01,1,24,144,3,0,4,0,65535,0,184,0,0,0,64,0,0,0,128,332,4,0,0,224,271,267,2,50,7680,1200640,0,10928,4096,12288,4194304,4096,512,4,0,0,0,4,0,1220608,1024,1262390,2,0,1048576,4096,1048576,4096,0,0,1206560,80,1216512,1224,0,0,1208832,5008,0,0,0,0,0,0,0,0,0,0,0,0,1207584,944,0,0,0,0
20954,905ea119ad8d3e54cd228c458a1b5681abc1f35df782977a23812ec4efa0288a,1,24,144,3,0,4,0,65535,0,184,0,0,0,64,0,0,0,128,332,4,0,0,224,271,267,2,50,6144,1240576,0,9312,4096,12288,4194304,4096,512,4,0,0,0,4,0,1261568,1024,1301306,2,0,1048576,4096,1048576,4096,0,0,1252900,80,1257472,472,0,0,1247744,5008,0,0,0,0,0,0,0,0,0,0,0,0,1253248,268,0,0,0,0
20955,9744b5f5d07149c5619d7fec67622b4e43bf3b28a803c2ab4121be4080e2b165,1,24,144,3,0,4,0,65535,0,184,0,0,0,64,0,0,0,128,332,5,0,0,224,271,267,2,50,6144,1240576,0,24737,4096,12288,4194304,4096,512,4,0,0,0,4,0,1265664,1024,1301306,2,0,1048576,4096,1048576,4096,0,0,1262112,160,1257472,472,0,0,1247744,5008,0,0,0,0,0,0,0,0,0,0,0,0,0,0,0,0,0,0
20956,97a1e14988672f7381d54e70785994ed45c2efe3da37e07be251a627f25078a7,1,24,144,3,0,4,0,65535,0,184,0,0,0,64,0,0,0,128,332,4,0,0,224,271,267,2,50,5632,103424,0,6768,4096,12288,4194304,4096,512,4,0,0,0,4,0,122880,1024,163682,2,0,1048576,4096,1048576,4096,0,0,112980,100,118784,472,0,0,109568,5008,0,0,0,0,0,0,0,0,0,0,0,0,113332,252,0,0,0,0
20957,9c61d32200b225cb4f0150b758617db552fccf119f3b0bd68f65a53c05e3aba4,1,24,144,3,0,4,0,65535,0,184,0,0,0,64,0,0,0,216,332,5,0,0,224,258,267,9,0,32768,27136,0,4430,4096,36864,16777216,4096,512,5,0,0,0,5,0,69632,1024,0,2,32768,1048576,4096,1048576,4096,0,0,37556,160,0,0,0,0,0,0,65536,2044,0,0,0,0,0,0,37424,64,0,0,36864,544,0,0,0,0
20958,a1b808fe6978e1645002d03f3f304b891c7b017d1f57d5c1c1a8aeb7814ca0d9,1,24,144,3,0,4,0,65535,0,184,0,0,0,64,0,0,0,224,0,5,0,0,224,258,267,8,0,30720,27136,0,23449,4096,36864,16777216,4096,512,4,0,0,0,4,0,69632,1024,0,0,0,1048576,4096,1048576,4096,0,0,37540,140,0,0,0,0,0,0,65536,1992,0,0,0,0,0,0,37416,64,0,0,36864,540,0,0,0,0
20959,aa05e7a187ddec2e11fc1c9eafe61408d085b0ab6cd12caeaf531c9dca129772,1,24,144,3,0,4,0,65535,0,184,0,0,0,64,0,0,0,128,332,4,0,0,224,271,267,2,50,987136,134144,0,987840,4096,991232,4194304,4096,512,4,0,0,0,4,0,1130496,1024,1181148,2,0,1048576,4096,1048576,4096,0,0,1095388,120,1097728,32088,0,0,1122304,5008,0,0,0,0,0,0,0,0,0,0,0,0,1095604,96,0,0,0,0
20960,ab007094afec534a2aa64436f214866014a664e7399aeaf361790ede5eec6b56,1,24,144,3,0,4,0,65535,0,184,0,0,0,64,0,0,0,216,332,5,0,0,224,258,267,9,0,32768,27136,0,4430,4096,36864,16777216,4096,512,5,0,0,0,5,0,69632,1024,0,2,32768,1048576,4096,1048576,4096,0,0,37556,160,0,0,0,0,0,0,65536,2044,0,0,0,0,0,0,37424,64,0,0,36864,544,0,0,0,0
20961,ae255679f487e2e9075ffd5e8c7836dd425229c1e3bd40cfc46fbbceceec7cf4,1,24,144,3,0,4,0,65535,0,184,0,0,0,64,0,0,0,232,332,5,0,0,224,258,267,8,0,31232,27136,0,5884,4096,36864,16777216,4096,512,4,0,0,0,4,0,69632,1024,0,2,0,1048576,4096,1048576,4096,0,0,37540,140,0,0,0,0,0,0,65536,2004,0,0,0,0,0,0,37408,64,0,0,36864,536,0,0,0,0
20962,b79565748d4e057ce732761bbeaa5578cb18f12c1890cdecd78a86e16fedd937,1,24,144,3,0,4,0,65535,0,184,0,0,0,64,0,0,0,232,332,5,0,0,224,258,267,8,0,32768,32768,0,28349,4096,36864,16777216,4096,4096,4,0,0,0,4,0,69632,4096,0,2,0,1048576,4096,1048576,4096,0,0,37556,160,0,0,0,0,0,0,65536,2072,0,0,0,0,0,0,37424,64,0,0,36864,544,0,0,0,0
20963,bcdac1a2b67e2b47f8129814dca3bcf7d55404757eb09f1c3103f57da3153ec8,1,24,144,3,0,4,0,65535,0,184,0,0,0,64,0,0,0,232,332,5,0,0,224,258,267,8,0,31232,27136,0,5884,4096,36864,16777216,4096,512,4,0,0,0,4,0,69632,1024,0,2,0,1048576,4096,1048576,4096,0,0,37540,140,0,0,0,0,0,0,65536,2004,0,0,0,0,0,0,37408,64,0,0,36864,536,0,0,0,0
20964,d054e9223a2665b1746727d7bf9b008181c2d60c6a20b27490e4adb151560823,1,24,144,3,0,4,0,65535,0,184,0,0,0,64,0,0,0,232,332,5,0,0,224,258,267,8,0,31232,27136,0,5884,4096,36864,4194304,4096,512,4,0,0,0,4,0,69632,4096,0,2,0,1048576,4096,1048576,4096,0,0,37540,140,0,0,0,0,0,0,65536,2004,0,0,0,0,0,0,37408,64,0,0,36864,536,0,0,0,0
20965,d5b5a063656f2ce6dc50ed24278a2d21f2bb762c8e65c0d2ffc2477986896acf,1,24,144,3,0,4,0,65535,0,184,0,0,0,64,0,0,0,128,332,4,0,0,224,271,267,2,50,9216,1199616,0,12352,4096,16384,4194304,4096,512,4,0,0,0,4,0,1224704,1024,1250219,2,0,1048576,4096,1048576,4096,0,0,1210652,80,1220608,472,0,0,1209856,5008,0,0,0,0,0,0,0,0,0,0,0,0,1211680,948,0,0,0,0
20966,db665f26dbc4ca92d326f2cb98faafb9e84d404346b201cd88bec91ce4206bb2,1,24,144,3,0,4,0,65535,0,184,0,0,0,64,0,0,0,128,332,4,0,0,224,271,267,2,50,9216,1199616,0,12352,4096,16384,4194304,4096,512,4,0,0,0,4,0,1224704,1024,1250219,2,0,1048576,4096,1048576,4096,0,0,1210652,80,1220608,472,0,0,0,0,0,0,0,0,0,0,0,0,0,0,0,0,1211680,948,0,0,0,0
20967,e3bf41de3a7edf556d43b6196652aa036e48a602bb3f7c98af9dae992222a8eb,1,24,144,3,0,4,0,65535,0,184,0,0,0,64,0,0,0,128,332,4,0,0,224,271,267,2,50,585728,535040,0,4496,4096,589824,4194304,4096,512,4,0,0,0,4,0,1130496,1024,1181299,2,0,1048576,4096,1048576,4096,0,0,1094724,120,1097728,32088,0,0,1121280,5008,0,0,0,0,0,0,0,0,0,0,0,0,1094980,136,0,0,0,0
20968,e53da3060cb4574af7b763dea1f401f5180cda9d429e5df06b6a5d944829d4ff,1,24,144,3,0,4,0,65535,0,184,0,0,0,64,0,0,0,128,332,6,0,0,224,271,267,2,50,6144,1240576,0,1261569,4096,12288,4194304,4096,512,4,0,0,0,4,0,1273856,1024,112612,2,0,1048576,4096,1048576,4096,0,0,1265684,148,1257472,472,0,0,1247744,5008,0,0,0,0,0,0,0,0,0,0,0,0,0,0,0,0,0,0
20969,e64a291f2b6238621e446496b96c14c7d9702a1ea2ab1f59088f5b2b75ffb1b8,1,24,144,3,0,4,0,65535,0,184,0,0,0,64,0,0,0,216,332,5,0,0,224,258,267,9,0,32768,27136,0,5939,4096,36864,16777216,4096,512,5,0,0,0,5,0,69632,1024,0,2,32768,1048576,4096,1048576,4096,0,0,37556,160,0,0,0,0,0,0,65536,2048,0,0,0,0,0,0,37424,64,0,0,36864,544,0,0,0,0
20970,ec9b412e9a6e0da1a21c01158c4c8313b61b033f58d16d913d72229794069d18,1,24,144,3,0,4,0,65535,0,184,0,0,0,64,0,0,0,216,332,5,0,0,224,258,267,9,0,32768,27136,0,5939,4096,36864,4194304,4096,512,5,0,0,0,5,0,69632,1024,0,2,32768,1048576,4096,1048576,4096,0,0,37556,160,0,0,0,0,0,0,65536,2048,0,0,0,0,0,0,37424,64,0,0,36864,544,0,0,0,0
20971,ed0632acb266a4ec3f51dd803c8025bccd654e53c64eb613e203c590897079b3,1,24,144,3,0,4,0,65535,0,184,0,0,0,64,0,0,0,128,332,4,0,0,224,271,267,2,50,836096,132096,0,837488,4096,843776,4194304,4096,512,4,0,0,0,4,0,978944,1024,977630,2,0,1048576,4096,1048576,4096,0,0,865424,100,868352,108008,0,0,969216,5008,0,0,0,0,0,0,0,0,0,0,0,0,865864,340,0,0,0,0
20972,ef7a9166c63d90cd5a4c5c58cb458da4c967a2baab2ad433de0aa20dfbf568f7,1,24,144,3,0,4,0,65535,0,184,0,0,0,64,0,0,0,216,332,5,0,0,224,258,267,9,0,32768,27136,0,4430,4096,36864,4194304,4096,512,5,0,0,0,5,0,69632,1024,0,2,32768,1048576,4096,1048576,4096,0,0,37556,160,0,0,0,0,0,0,65536,2044,0,0,0,0,0,0,37424,64,0,0,36864,544,0,0,0,0
20973,f093b0006ef5ac52aa1d51fee705aa3b7b10a6af2acb4019b7bc16da4cabb5a1,1,24,144,3,0,4,0,65535,0,184,0,0,0,64,0,0,0,128,332,5,0,0,224,271,267,68,1,395264,10240,0,4108,4096,401408,4194304,4096,512,5,1,0,0,5,1,421888,1024,0,3,0,1048576,4096,1048576,4096,0,0,401408,60,409600,2144,0,0,0,0,413696,4768,0,0,4864,256,0,0,0,0,0,0,0,0,0,0,0,0
20974,005b00d41740f7b0327d4d5fe0402dcfc84ae0df44a2231a89a59909eeb30b23,1,25,80,2,0,4,15,65535,0,184,0,0,0,64,26,0,0,256,332,9,0,0,224,33166,267,2,25,195072,23552,0,202456,4096,204800,4194304,4096,512,4,0,0,0,4,0,1314816,1024,0,2,320,1048576,16384,1048576,4096,0,0,1282048,5350,1310720,0,0,0,0,0,1298432,10712,0,0,0,0,1294336,24,0,0,0,0,1283160,792,0,0,0,0
20975,0b3932739176975ad69bae0a03171746b7efa1c3909cf5206dcb3b89d1947b15,1,25,80,2,0,4,15,65535,0,184,0,0,0,64,26,0,0,256,332,9,0,0,224,33166,267,2,25,195072,99328,0,202456,4096,204800,4194304,4096,512,4,0,0,0,4,0,1388544,1024,0,2,320,1048576,16384,1048576,4096,0,0,1282048,5350,1310720,75860,0,0,0,0,1298432,10712,0,0,0,0,1294336,24,0,0,0,0,1283160,792,0,0,0,0
20976,0bed6711e6db24563a66ee99928864e8cf3f8cff0636c1efca1b14ef15941603,1,25,144,3,0,4,0,65535,0,184,0,0,0,64,0,0,0,224,332,4,0,0,224,259,267,9,0,320000,475136,0,114342,4096,327680,4194304,4096,512,5,0,0,0,5,0,823296,1024,813816,2,33024,1048576,4096,1048576,4096,0,0,419108,300,450560,368672,0,0,0,0,0,0,0,0,0,0,0,0,407352,64,0,0,327680,756,0,0,0,0
20977,15e3107a2c30da16832db6f9cdadd38c7a202d72b6a43899b9642d3b695d6f50,1,25,144,3,0,4,0,65535,0,184,0,0,0,64,0,0,0,240,332,5,0,0,224,258,267,9,0,310272,107520,0,174288,4096,315392,4194304,4096,512,5,0,0,0,5,0,1310720,1024,414684,2,33024,1048576,4096,1048576,4096,314192,73,311884,60,401408,11344,0,0,0,0,1294336,6960,0,0,0,0,173008,24,0,0,0,0,4096,404,0,0,0,0
20978,332bca23e362f6c95326ecc943cb39e93d6fdcf454d72a5e60c9e14f5802ce5a,1,25,80,2,0,4,15,65535,0,184,0,0,0,64,26,0,0,256,332,9,0,0,224,33166,267,2,25,195072,23552,0,202468,4096,204800,4194304,4096,512,4,0,0,0,4,0,1314816,1024,0,2,320,1048576,16384,1048576,4096,0,0,1282048,5350,1310720,0,0,0,0,0,1298432,10700,0,0,0,0,1294336,24,0,0,0,0,1283160,792,0,0,0,0
20979,39016358b939b83cf9997c447458ae2d13186c3f66e66784c9e8ff4031b60c7e,1,25,80,2,0,4,15,65535,0,184,0,0,0,64,26,0,0,256,332,4,0,0,224,33167,267,2,25,94208,104448,1220608,1318192,1224704,1318912,4194304,4096,512,4,0,0,0,4,0,1425408,4096,0,2,320,1048576,16384,1048576,4096,0,0,1318912,492,1323008,100020,0,0,0,0,0,0,0,0,0,0,1318592,24,0,0,0,0,0,0,0,0,0,0
20980,4355077d9e650cde600c29caf7fc7128ebb1f42331f130bbfe0e66265c67022a,1,25,80,2,0,4,15,65535,0,184,0,0,0,64,26,0,0,256,332,9,0,0,224,33166,267,2,25,195072,23552,0,202468,4096,204800,4194304,4096,512,4,0,0,0,4,0,1314816,1024,0,2,320,1048576,16384,1048576,4096,0,0,1282048,5350,1310720,0,0,0,0,0,1298432,10700,0,0,0,0,1294336,24,0,0,0,0,1283160,792,0,0,0,0
20981,43812b98e4f9480d25b426a23a7b4d2a4e498110545c7a3cb21159bf75c18e7b,1,25,144,3,0,4,0,65535,0,184,0,0,0,64,0,0,0,184,332,4,0,0,224,271,267,5,12,377856,31744,11776,9786,4096,385024,4194304,4096,512,4,0,0,0,4,0,1355776,1024,0,2,0,1048576,16384,1048576,4096,385024,81,1351680,80,1327104,19016,0,0,0,0,0,0,0,0,0,0,399360,24,0,0,0,0,399872,36,0,0,0,0
20982,438d83a22ed38bb2241a99b96d644826522b28327f63055840ee7632d8e95cd8,1,25,144,3,0,4,0,65535,0,184,0,0,0,64,0,0,0,184,332,3,0,0,224,271,267,5,12,17920,437760,419840,4709,4096,24576,4194304,4096,512,4,0,0,0,4,0,1384448,1024,0,2,0,1048576,16384,1048576,4096,0,0,1380352,140,1359872,17588,0,0,0,0,0,0,0,0,0,0,113152,24,0,0,0,0,443392,76,0,0,0,0
20983,442bf867c8738c7231ff09db0715ec79d0ae15c050fbd46946c45b76a040d024,1,25,80,2,0,4,15,65535,0,184,0,0,0,64,26,0,0,256,332,9,0,0,224,33166,267,2,25,195072,23552,0,202440,4096,204800,4194304,4096,512,4,0,0,0,4,0,1314816,1024,0,2,320,1048576,16384,1048576,4096,0,0,1282048,5350,1310720,0,0,0,0,0,1298432,10700,0,0,0,0,1294336,24,0,0,0,0,1283160,792,0,0,0,0
20984,45c7c5d62ca2525ac1da111fb3388cb381c24c974eba1ca3681ef07b10ef7b77,1,25,144,3,0,4,0,65535,0,184,0,0,0,64,0,0,0,240,332,7,0,0,224,258,267,10,0,236544,4255232,0,11728,4096,241664,4194304,4096,512,5,1,0,0,5,1,4509696,1024,363862,2,32768,1048576,4096,1048576,4096,274560,70,272288,40,4444160,39040,0,0,0,0,4485120,6136,0,0,0,0,269408,24,0,0,0,0,241664,388,0,0,0,0
20985,49834791d5a128b60774ff8761cc87ba3385b05cc1ba8381a46927e177af1176,1,25,144,3,0,4,0,65535,0,184,0,0,0,64,0,0,0,232,332,5,0,0,224,259,267,9,0,235008,40233472,0,19157,4096,241664,4194304,4096,512,5,0,0,0,5,0,40431616,1024,299073,2,33024,1048576,4096,1048576,4096,261440,203,258412,60,40423424,7248,0,0,0,0,0,0,0,0,0,0,253512,24,0,0,0,0,241664,508,0,0,0,0
20986,4f87fefc9bf667f1d60e9ac07bdcf91013d609b8222b6d1b2995706f7ece1b07,1,25,144,3,0,4,0,65535,0,184,0,0,0,64,0,0,0,232,332,5,0,0,224,259,267,9,0,235008,40233472,0,19157,4096,241664,4194304,4096,512,5,0,0,0,5,0,40431616,1024,299073,2,33024,1048576,4096,1048576,4096,261440,203,258412,60,40423424,7248,0,0,0,0,0,0,0,0,0,0,253512,24,0,0,0,0,241664,508,0,0,0,0
20987,516475caf3fbd1f0c0283572550528f1f9e7b502dce5fb6b89d40f366a150bfd,1,25,80,2,0,4,15,65535,0,184,0,0,0,64,26,0,0,256,332,9,0,0,224,33166,267,2,25,191488,23552,0,198184,4096,200704,4194304,4096,512,4,0,0,0,4,0,1310720,1024,0,2,320,1048576,16384,1048576,4096,0,0,1277952,5350,1306624,0,0,0,0,0,1294336,10540,0,0,0,0,1290240,24,0,0,0,0,1279064,792,0,0,0,0
20988,522d6e25e6b7062786b699c76d46c2a510d94ca0760447a1d0951a6718fc9774,1,25,80,2,0,4,15,65535,0,184,0,0,0,64,26,0,0,256,332,9,0,0,224,33166,267,2,25,195072,23552,0,202488,4096,204800,4194304,4096,512,4,0,0,0,4,0,1314816,1024,0,2,320,1048576,16384,1048576,4096,0,0,1282048,5350,1310720,0,0,0,0,0,1298432,10712,0,0,0,0,1294336,24,0,0,0,0,1283160,792,0,0,0,0
20989,54f6ec27eb7526c439d33e7592e4864842fccf950d828fe14ef7c8eb080ee371,1,25,144,3,0,4,0,65535,0,184,0,0,0,64,0,0,0,184,332,3,0,0,224,271,267,5,12,344064,108544,90624,9518,4096,348160,4194304,4096,512,4,0,0,0,4,0,1671168,1024,0,2,0,1048576,16384,1048576,4096,0,0,1667072,200,1646592,17588,0,0,0,0,0,0,0,0,0,0,436736,24,0,0,0,0,437248,92,0,0,0,0
20990,56dc200341cac71492c374d9251791c60308d96d4387a8bbae999fdb5d841375,1,25,144,3,0,4,0,65535,0,184,0,0,0,64,0,0,0,240,34404,6,0,0,240,34,523,14,29,4608,251904,0,5548,4096,0,5368709120,4096,512,6,0,0,0,6,0,278528,1024,285043,2,33120,1048576,4096,1048576,4096,0,0,14588,200,249856,24493,245760,384,0,0,274432,44,13132,56,0,0,0,0,13200,312,0,0,12288,536,0,0,0,0
20991,5876685b455f0c3f0228d03744b34df3e38add056fdbe111f639eafddf4fcc14,1,25,144,3,0,4,0,65535,0,184,0,0,0,64,0,0,0,240,34404,6,0,0,240,34,523,14,29,4608,251904,0,5548,4096,0,5368709120,4096,512,6,0,0,0,6,0,278528,1024,285043,2,33120,1048576,4096,1048576,4096,0,0,14588,200,249856,24493,245760,384,0,0,274432,44,13132,56,0,0,0,0,13200,312,0,0,12288,536,0,0,0,0
20992,5c1141aa7d0b9fba71822607f3b1b086e2cc4529e63221a9a6ede74fa366512f,1,25,80,2,0,4,15,65535,0,184,0,0,0,64,26,0,0,256,332,9,0,0,224,33166,267,2,25,159744,21504,0,164652,4096,167936,4194304,4096,512,4,0,0,0,4,0,233472,1024,0,2,320,1048576,16384,1048576,4096,0,0,200704,4786,229376,0,0,0,0,0,217088,9204,0,0,0,0,212992,24,0,0,0,0,201728,704,0,0,0,0
20993,63067c7050bab69e0903ed3887710e4fa50d30d5865c765941df579ddb9b4ab3,1,25,80,2,0,4,15,65535,0,184,0,0,0,64,26,0,0,256,332,9,0,0,224,33166,267,2,25,197120,23552,0,204668,4096,204800,4194304,4096,512,4,0,0,0,4,0,1314816,1024,0,2,320,1048576,16384,1048576,4096,0,0,1282048,5350,1310720,0,0,0,0,0,1298432,10712,0,0,0,0,1294336,24,0,0,0,0,1283160,792,0,0,0,0
20994,66fc6e71a9c6be1f604c4a2d0650914f67c45d894fd1f76913e463079d47a8af,1,25,80,2,0,4,15,65535,0,184,0,0,0,64,26,0,0,256,332,9,0,0,224,33166,267,2,25,192512,23552,0,198348,4096,200704,4194304,4096,512,4,0,0,0,4,0,1310720,1024,0,2,320,1048576,16384,1048576,4096,0,0,1277952,5350,1306624,0,0,0,0,0,1294336,10588,0,0,0,0,1290240,24,0,0,0,0,1279064,792,0,0,0,0
20995,67fffb00d1b0552cbfbc3f455643a88ee0b95a73a36dc47345b6705b6607ed3d,1,25,80,2,0,4,15,65535,0,184,0,0,0,64,26,0,0,256,332,9,0,0,224,33166,267,2,25,195072,23552,0,202484,4096,204800,4194304,4096,512,4,0,0,0,4,0,1314816,1024,0,2,320,1048576,16384,1048576,4096,0,0,1282048,5350,1310720,0,0,0,0,0,1298432,10700,0,0,0,0,1294336,24,0,0,0,0,1283160,792,0,0,0,0
20996,6ad150150f18b97e95e7f12465f502694e50e870e8f118ca52783124771211cf,1,25,144,3,0,4,0,65535,0,184,0,0,0,64,0,0,0,240,332,5,0,0,224,258,267,9,0,310272,107520,0,174288,4096,315392,4194304,4096,512,5,0,0,0,5,0,1310720,1024,414684,2,33024,1048576,4096,1048576,4096,314192,73,311884,60,401408,11344,0,0,0,0,1294336,6960,0,0,0,0,173008,24,0,0,0,0,4096,404,0,0,0,0
20997,7055e8438da61efa50058acd4e010c634f5e33352e2ee6d1f013572f004b7101,1,25,80,2,0,4,15,65535,0,184,0,0,0,64,26,0,0,256,332,9,0,0,224,33166,267,2,25,195072,23552,0,202476,4096,204800,4194304,4096,512,4,0,0,0,4,0,1314816,1024,0,2,320,1048576,16384,1048576,4096,0,0,1282048,5350,1310720,0,0,0,0,0,1298432,10700,0,0,0,0,1294336,24,0,0,0,0,1283160,792,0,0,0,0
20998,7d809e8c9b98c16647bbfac49854c28ecc3fe6d4345410deeaa79445cc50cf51,1,25,144,3,0,4,0,65535,0,184,0,0,0,64,0,0,0,128,332,5,0,0,224,258,267,9,0,1326080,684032,0,49268,4096,1331200,4194304,4096,512,5,0,0,0,5,0,2023424,1024,1692484,2,32832,1048576,4096,1048576,4096,0,0,1424512,200,1888256,96176,0,0,0,0,1986560,9428,1332336,28,0,0,0,0,1414984,64,0,0,1331200,992,0,0,0,0
20999,821945dd5882aad4181fcb2670a26cc322224f9f677e5df26f7e708ced0ab6a3,1,25,80,2,0,4,15,65535,0,184,0,0,0,64,26,0,0,256,332,9,0,0,224,33166,267,2,25,198144,23552,0,205372,4096,208896,4194304,4096,512,4,0,0,0,4,0,1318912,1024,0,2,320,1048576,16384,1048576,4096,0,0,1286144,5350,1314816,0,0,0,0,0,1302528,10712,0,0,0,0,1298432,24,0,0,0,0,1287256,792,0,0,0,0
21000,824a76c39895bc3ad4f5dfc27fc3ac80d26514118c4669505a1f0cfdc8fdbcdc,1,25,144,3,0,4,0,65535,0,184,0,0,0,64,0,0,0,176,332,4,0,0,224,271,267,3,1,339456,83968,11264,9202,4096,344064,4194304,4096,512,4,0,0,0,4,0,1404928,1024,0,2,0,1048576,16384,1048576,4096,0,0,1400832,80,1331200,68276,0,0,0,0,0,0,0,0,0,0,361984,24,0,0,0,0,362496,36,0,0,0,0
21001,8ab4218a7ee9239d218f2729d6c00fb0246eeea1e97f85833dacfc73457c8b06,1,25,144,3,0,4,0,65535,0,184,0,0,0,64,0,0,0,232,332,5,0,0,224,259,267,9,0,73728,41624064,0,11795,4096,77824,4194304,4096,512,5,0,0,0,5,0,41672704,1024,379108,2,32768,1048576,4096,1048576,4096,0,0,88412,60,41582592,89584,0,0,0,0,0,0,78400,28,0,0,85600,24,0,0,0,0,77824,500,0,0,0,0
21002,8d3e383e0f74be276bf4d895d7300ed04a1af2ad307460abea7d5a831645e5ca,1,25,80,2,0,4,15,65535,0,184,0,0,0,64,26,0,0,256,332,9,0,0,224,33166,267,2,25,192000,23552,0,198440,4096,200704,4194304,4096,512,4,0,0,0,4,0,1310720,1024,0,2,320,1048576,16384,1048576,4096,0,0,1277952,5350,1306624,0,0,0,0,0,1294336,10552,0,0,0,0,1290240,24,0,0,0,0,1279064,792,0,0,0,0
21003,8d44fdbedd0ec9ae59fad78bdb12d15d6903470eb1046b45c227193b233adda6,1,25,144,3,0,4,0,65535,0,184,0,0,0,64,0,0,0,128,332,8,0,0,224,271,267,6,6,415232,23040,0,38920,4096,421888,4194304,4096,512,4,0,0,0,4,0,1511424,1024,0,2,0,1048576,16384,1048576,4096,0,0,1499136,220,1490944,5508,0,0,0,0,0,0,0,0,0,0,434688,24,0,0,0,0,1482752,1068,0,0,0,0
21004,8de5795d080b582e5e58549e73bfa8c6e04a2c0fb98436647955817f2d4640e6,1,25,80,2,0,4,15,65535,0,184,0,0,0,64,26,0,0,256,332,9,0,0,224,33166,267,2,25,197632,23552,0,203828,4096,204800,4194304,4096,512,4,0,0,0,4,0,1314816,1024,0,2,320,1048576,16384,1048576,4096,0,0,1282048,5350,1310720,0,0,0,0,0,1298432,10552,0,0,0,0,1294336,24,0,0,0,0,1283160,792,0,0,0,0
21005,93fe277d54f4baac5762412dda6f831bf6a612f166daade7c23f6b38feac94fb,1,25,80,2,0,4,15,65535,0,184,0,0,0,64,26,0,0,256,332,9,0,0,224,33166,267,2,25,192512,23552,0,198340,4096,200704,4194304,4096,512,4,0,0,0,4,0,1310720,1024,0,2,320,1048576,16384,1048576,4096,0,0,1277952,5350,1306624,0,0,0,0,0,1294336,10588,0,0,0,0,1290240,24,0,0,0,0,1279064,792,0,0,0,0
21006,99ee7cf74c8de999f2a1cc8cefacad3c866a86e78c87a56323729bfad967a4e9,1,25,144,3,0,4,0,65535,0,184,0,0,0,64,0,0,0,240,34404,6,0,0,240,34,523,14,29,4608,251904,0,5548,4096,0,5368709120,4096,512,6,0,0,0,6,0,278528,1024,285043,2,33120,1048576,4096,1048576,4096,0,0,14588,200,249856,24493,245760,384,0,0,274432,44,13132,56,0,0,0,0,13200,312,0,0,12288,536,0,0,0,0
21007,9ee00dc365bf468e04235f533e8ad7df09ecd1e0e33e183025532631e7058b9a,1,25,80,2,0,4,15,65535,0,184,0,0,0,64,26,0,0,256,332,9,0,0,224,33166,267,2,25,195072,23552,0,200928,4096,204800,4194304,4096,512,4,0,0,0,4,0,1314816,1024,0,2,320,1048576,16384,1048576,4096,0,0,1282048,5350,1310720,0,0,0,0,0,1298432,10596,0,0,0,0,1294336,24,0,0,0,0,1283160,792,0,0,0,0
21008,a9735152febae244b51417ebab74895bd57eb8ba11a16ef172676871fa0b01e2,1,25,80,2,0,4,15,65535,0,184,0,0,0,64,26,0,0,256,332,9,0,0,224,33166,267,2,25,190976,23552,0,198080,4096,200704,4194304,4096,512,4,0,0,0,4,0,1310720,1024,0,2,320,1048576,16384,1048576,4096,0,0,1277952,5350,1306624,0,0,0,0,0,1294336,10544,0,0,0,0,1290240,24,0,0,0,0,1279064,792,0,0,0,0
21009,b0c1e89ebf16baa03b431b797aece48eeb3da6bb6eabf12fa6a3aefd93f5890e,1,25,80,2,0,4,15,65535,0,184,0,0,0,64,26,0,0,256,332,9,0,0,224,33166,267,2,25,190976,23552,0,198108,4096,200704,4194304,4096,512,4,0,0,0,4,0,1310720,1024,0,2,320,1048576,16384,1048576,4096,0,0,1277952,5350,1306624,0,0,0,0,0,1294336,10544,0,0,0,0,1290240,24,0,0,0,0,1279064,792,0,0,0,0
21010,b3302c4a9fd06d9fde96c9004141f80e0a9107a9dead1659e77351f1b1c87cf6,1,25,80,2,0,4,15,65535,0,184,0,0,0,64,26,0,0,256,332,9,0,0,224,33166,267,2,25,193024,23552,0,198748,4096,200704,4194304,4096,512,4,0,0,0,4,0,1310720,1024,0,2,320,1048576,16384,1048576,4096,0,0,1277952,5350,1306624,0,0,0,0,0,1294336,10588,0,0,0,0,1290240,24,0,0,0,0,1279064,792,0,0,0,0
21011,b43fa4faec16d8f5a468bbf5ed7d5cd9487068f11a0625c0939610acf2abf432,1,25,80,2,0,4,15,65535,0,184,0,0,0,64,26,0,0,256,332,9,0,0,224,33166,267,2,25,192000,23552,0,197860,4096,200704,4194304,4096,512,4,0,0,0,4,0,1310720,1024,0,2,320,1048576,16384,1048576,4096,0,0,1277952,5350,1306624,0,0,0,0,0,1294336,10588,0,0,0,0,1290240,24,0,0,0,0,1279064,792,0,0,0,0
21012,b7f96fbb9844cac5c7f4ec966683f3564bbb9a2f453927e1c579dcb0154f5f83,1,25,144,3,0,4,0,65535,0,184,0,0,0,64,0,0,0,184,332,4,0,0,224,271,267,7,10,363008,103936,0,13744,4096,0,4194304,4096,512,4,0,0,0,4,0,86474752,1024,833096,2,0,1048576,16384,1048576,4096,0,0,86470656,280,86360064,103892,0,0,0,0,0,0,0,0,0,0,723968,24,0,0,592,228,724480,472,0,0,0,0
21013,be0bc9cd7fcedd7359f3c3e8ca2046b19adcce7b100756e529d60a83f9a96613,1,25,144,3,0,4,0,65535,0,184,0,0,0,64,0,0,0,232,332,5,0,0,224,258,267,10,0,264704,48192000,0,163952,4096,270336,4194304,4096,512,5,1,0,0,5,1,48472064,1024,443383,2,32768,1048576,4096,1048576,4096,0,0,262948,80,48369664,25896,0,0,0,0,48398336,6108,5120,28,0,0,163552,24,163480,64,0,0,4096,940,0,0,0,0
21014,be42aa09fe8112622ba90f7586e52509594019db376c0f1c4897f3e98fa30db4,1,25,80,2,0,4,15,65535,0,184,0,0,0,64,26,0,0,256,332,9,0,0,224,33166,267,2,25,195072,23552,0,202472,4096,204800,4194304,4096,512,4,0,0,0,4,0,1314816,1024,0,2,320,1048576,16384,1048576,4096,0,0,1282048,5350,1310720,0,0,0,0,0,1298432,10700,0,0,0,0,1294336,24,0,0,0,0,1283160,792,0,0,0,0
21015,d76782960590abc182dba8fdcdc8bfb121b13d36be2d5d8b0960fb67960e89b1,1,25,144,3,0,4,0,65535,0,184,0,0,0,64,0,0,0,232,332,5,0,0,224,259,267,9,0,241152,4209664,0,19366,4096,245760,4194304,4096,512,5,0,0,0,5,0,4444160,1024,324581,2,32768,1048576,4096,1048576,4096,264160,201,261180,40,4435968,7248,0,0,0,0,0,0,0,0,0,0,256192,24,0,0,0,0,245760,504,0,0,0,0
21016,dc91b815e11445ae4554d36b229813e593acedd60379315729414ea997dd6d7a,1,25,80,2,0,4,15,65535,0,184,0,0,0,64,26,0,0,256,332,9,0,0,224,33166,267,2,25,190976,23552,0,197436,4096,200704,4194304,4096,512,4,0,0,0,4,0,1310720,1024,0,2,320,1048576,16384,1048576,4096,0,0,1277952,5350,1306624,0,0,0,0,0,1294336,10552,0,0,0,0,1290240,24,0,0,0,0,1279064,792,0,0,0,0
21017,eb920e0fc0c360abb901e04dce172459b63bbda3ab8152350885db4b44d63ce5,1,25,80,2,0,4,15,65535,0,184,0,0,0,64,26,0,0,256,332,9,0,0,224,33166,267,2,25,192512,23552,0,198364,4096,200704,4194304,4096,512,4,0,0,0,4,0,1310720,1024,0,2,320,1048576,16384,1048576,4096,0,0,1277952,5350,1306624,0,0,0,0,0,1294336,10588,0,0,0,0,1290240,24,0,0,0,0,1279064,792,0,0,0,0
21018,ece7ddff2ff9fdb8e7f55b674baa9c975ce86ff79e02db6ea9259a0187d2d481,1,25,144,3,0,4,0,65535,0,184,0,0,0,64,0,0,0,184,332,4,0,0,224,271,267,7,10,363008,103936,0,13744,4096,0,4194304,4096,512,4,0,0,0,4,0,86474752,1024,833096,2,0,1048576,16384,1048576,4096,0,0,86470656,280,86360064,103892,0,0,0,0,0,0,0,0,0,0,723968,24,0,0,592,228,724480,472,0,0,0,0
21019,f247ae6db52989c9a598c3c7fbc1ae2db54f5c65be862880e11578b8583731cb,1,25,80,2,0,4,15,65535,0,184,0,0,0,64,26,0,0,256,332,9,0,0,224,33166,267,2,25,192512,23552,0,198608,4096,200704,4194304,4096,512,4,0,0,0,4,0,1310720,1024,0,2,320,1048576,16384,1048576,4096,0,0,1277952,5350,1306624,0,0,0,0,0,1294336,10588,0,0,0,0,1290240,24,0,0,0,0,1279064,792,0,0,0,0
21020,f38c40c74a0a9953697c63fbd375c064cb2d59ce478435c7357bd68f382dd26f,1,25,144,3,0,4,0,65535,0,184,0,0,0,64,0,0,0,240,34404,6,0,0,240,34,523,14,29,4608,251904,0,5548,4096,0,5368709120,4096,512,6,0,0,0,6,0,278528,1024,285043,2,33120,1048576,4096,1048576,4096,0,0,14588,200,249856,24493,245760,384,0,0,274432,44,13132,56,0,0,0,0,13200,312,0,0,12288,536,0,0,0,0
21021,fa789f56ef3f5075fc02c53cd937fe1580ae46217cf0a82bd4871043276fb086,1,25,144,3,0,4,0,65535,0,184,0,0,0,64,0,0,0,232,332,6,0,0,224,259,267,9,0,247808,4293120,0,25226,4096,253952,4194304,4096,512,5,0,0,0,5,0,4542464,1024,431082,2,33024,1048576,4096,1048576,4096,271888,73,268936,60,4440064,102248,0,0,0,0,0,0,254512,28,0,0,264616,24,0,0,0,0,253952,504,0,0,0,0
21022,fb80bbea1c179bf695c6817b78306696ebb474e4a2e49ce2e38b819338d43d49,1,25,144,3,0,4,0,65535,0,184,0,0,0,64,0,0,0,240,34404,6,0,0,240,34,523,14,29,4608,251904,0,5548,4096,0,5368709120,4096,512,6,0,0,0,6,0,278528,1024,285043,2,33120,1048576,4096,1048576,4096,0,0,14588,200,249856,24493,245760,384,0,0,274432,44,13132,56,0,0,0,0,13200,312,0,0,12288,536,0,0,0,0
22000,002e70b8fde758f88adc506f3c71df1eb32ce1a2b5bec45f3e8e43dba923709f,1,26,144,3,0,4,0,65535,0,184,0,0,0,64,0,0,0,256,332,5,0,0,224,258,267,14,29,636928,198656,0,210941,4096,643072,4194304,4096,512,6,0,0,0,6,0,851968,1024,0,3,33088,1048576,4096,1048576,4096,0,0,775036,140,815104,480,0,0,0,0,819200,31316,715328,56,0,0,715584,24,715384,64,0,0,643072,604,0,0,0,0
22001,01792043e07a0db52664c5878b253531b293754dc6fd6a8426899c1a66ddd61f,1,26,144,3,0,4,0,65535,0,184,0,0,0,64,0,0,0,256,332,5,0,0,224,258,267,14,27,298496,117248,0,62649,4096,303104,4194304,4096,512,6,0,0,0,6,0,425984,1024,0,3,33088,1048576,4096,1048576,4096,0,0,385020,140,405504,480,0,0,0,0,409600,15408,363568,56,0,0,0,0,363624,64,0,0,303104,464,0,0,0,0
22002,05f6252ae8441e6198a97e7bbae93c03fff0850e082406d6d784274d5ae07122,1,26,144,3,0,4,0,65535,0,184,0,0,0,64,0,0,0,256,332,5,0,0,224,258,267,14,29,636928,198656,0,210941,4096,643072,4194304,4096,512,6,0,0,0,6,0,851968,1024,0,3,33088,1048576,4096,1048576,4096,0,0,775036,140,815104,480,0,0,0,0,819200,31316,715328,56,0,0,715584,24,715384,64,0,0,643072,604,0,0,0,0
22003,0b1f19ba8740b10ed017671aab023228756a6864fb008bf23f3c606189bdcd98,1,26,144,3,0,4,0,65535,0,184,0,0,0,64,0,0,0,256,332,5,0,0,224,258,267,14,29,636928,198656,0,210941,4096,643072,4194304,4096,512,6,0,0,0,6,0,851968,1024,0,3,33088,1048576,4096,1048576,4096,0,0,775036,140,815104,480,0,0,0,0,819200,31316,715328,56,0,0,715584,24,715384,64,0,0,643072,604,0,0,0,0
22004,0befaa4e0feb435459faba84b6952dd7ebfa77d74059a6f7d154d75491fd1c14,1,26,144,3,0,4,0,65535,0,184,0,0,0,64,0,0,0,256,332,5,0,0,224,258,267,14,29,636928,198656,0,210941,4096,643072,4194304,4096,512,6,0,0,0,6,0,851968,1024,0,3,33088,1048576,4096,1048576,4096,0,0,775036,140,815104,480,0,0,0,0,819200,31316,715328,56,0,0,715584,24,715384,64,0,0,643072,604,0,0,0,0
22005,0c50b3543005814bebd996484e72eb53d57d369781f9b979f78d70733672278b,1,26,144,3,0,4,0,65535,0,184,0,0,0,64,0,0,0,256,332,5,0,0,224,258,267,14,29,636928,198656,0,210941,4096,643072,4194304,4096,512,6,0,0,0,6,0,851968,1024,0,3,33088,1048576,4096,1048576,4096,0,0,775036,140,815104,480,0,0,0,0,819200,31316,715328,56,0,0,715584,24,715384,64,0,0,643072,604,0,0,0,0
22006,0d094770db65ec637489116e1510ee787a48d6d130aad26ae40f7dbca6fe7182,1,26,144,3,0,4,0,65535,0,184,0,0,0,64,0,0,0,256,332,5,0,0,224,258,267,14,29,636928,198656,0,210941,4096,643072,4194304,4096,512,6,0,0,0,6,0,851968,1024,0,3,33088,1048576,4096,1048576,4096,0,0,775036,140,815104,480,0,0,0,0,819200,31316,715328,56,0,0,715584,24,715384,64,0,0,643072,604,0,0,0,0
22007,0f22ae8e435cfeb4e527199c9083e7093c79892656eff686d55909e8528493db,1,26,144,3,0,4,0,65535,0,184,0,0,0,64,0,0,0,256,332,5,0,0,224,258,267,14,29,636928,198656,0,210941,4096,643072,4194304,4096,512,6,0,0,0,6,0,851968,1024,0,3,33088,1048576,4096,1048576,4096,0,0,775036,140,815104,480,0,0,0,0,819200,31316,715328,56,0,0,715584,24,715384,64,0,0,643072,604,0,0,0,0
22008,123888ff76ffd20da224ef3afed3fd564c4f6fef6c2169bccdbb81a9d7cc9d0b,1,26,144,3,0,4,0,65535,0,184,0,0,0,64,0,0,0,256,332,5,0,0,224,258,267,14,29,636928,198656,0,210941,4096,643072,4194304,4096,512,6,0,0,0,6,0,851968,1024,0,3,33088,1048576,4096,1048576,4096,0,0,775036,140,815104,480,0,0,0,0,819200,31316,715328,56,0,0,715584,24,715384,64,0,0,643072,604,0,0,0,0
22009,1b0433a15184ab1859a01b0092ccc9d56d9e5536fbf91493ba4b9e681165122a,1,26,144,3,0,4,0,65535,0,184,0,0,0,64,0,0,0,256,332,5,0,0,224,258,267,14,29,636928,198656,0,210941,4096,643072,4194304,4096,512,6,0,0,0,6,0,851968,1024,0,3,33088,1048576,4096,1048576,4096,0,0,775036,140,815104,480,0,0,0,0,819200,31316,715328,56,0,0,715584,24,715384,64,0,0,643072,604,0,0,0,0
22010,1f102cc8bb6a14cc2bd9b9311acb66ed5a6035e8510ea34a328a7bc09d9a3a81,1,26,144,3,0,4,0,65535,0,184,0,0,0,64,0,0,0,256,332,5,0,0,224,258,267,14,29,636928,198656,0,210941,4096,643072,4194304,4096,512,6,0,0,0,6,0,851968,1024,0,3,33088,1048576,4096,1048576,4096,0,0,775036,140,815104,480,0,0,0,0,819200,31316,715328,56,0,0,715584,24,715384,64,0,0,643072,604,0,0,0,0
22011,2736d807b3d6e2dc3bedbfcd1d460df0b5065b36258ea6dc820f565d82f5d0a7,1,26,144,3,0,4,0,65535,0,184,0,0,0,64,0,0,0,256,332,5,0,0,224,258,267,14,29,636928,198656,0,210941,4096,643072,4194304,4096,512,6,0,0,0,6,0,851968,1024,0,3,33088,1048576,4096,1048576,4096,0,0,775036,140,815104,480,0,0,0,0,819200,31316,715328,56,0,0,715584,24,715384,64,0,0,643072,604,0,0,0,0
22012,27cd3e759ec4858adaea63050ad1fc22e4850c1e157d88c0943c2589fa39b5a4,1,26,144,3,0,4,0,65535,0,184,0,0,0,64,0,0,0,256,332,5,0,0,224,258,267,14,27,298496,117248,0,62649,4096,303104,4194304,4096,512,6,0,0,0,6,0,425984,1024,0,3,33088,1048576,4096,1048576,4096,0,0,385020,140,405504,480,0,0,0,0,409600,15408,363568,56,0,0,0,0,363624,64,0,0,303104,464,0,0,0,0
22013,29910ea42c8e2abb22d5a88053e1725c93a104e61560a2f8d88716d619bcaa08,1,26,144,3,0,4,0,65535,0,184,0,0,0,64,0,0,0,256,332,5,0,0,224,258,267,14,27,298496,117248,0,62649,4096,303104,4194304,4096,512,6,0,0,0,6,0,425984,1024,0,3,33088,1048576,4096,1048576,4096,0,0,385020,140,405504,480,0,0,0,0,409600,15408,363568,56,0,0,0,0,363624,64,0,0,303104,464,0,0,0,0
22014,31a6ddb891c3470c6d32ced24aaa5de84c77b24042a44c157d456e31c9325402,1,26,144,3,0,4,0,65535,0,184,0,0,0,64,0,0,0,256,332,5,0,0,224,258,267,14,29,636928,198656,0,210941,4096,643072,4194304,4096,512,6,0,0,0,6,0,851968,1024,0,3,33088,1048576,4096,1048576,4096,0,0,775036,140,815104,480,0,0,0,0,819200,31316,715328,56,0,0,715584,24,715384,64,0,0,643072,604,0,0,0,0
22015,373a791f058539d72983e38ebe68e98132fcf996d04e9a181145f22a96689386,1,26,144,3,0,4,0,65535,0,184,0,0,0,64,0,0,0,272,332,5,0,0,224,258,267,14,27,720896,225792,0,198638,4096,724992,4194304,4096,512,6,0,0,0,6,0,962560,1024,0,3,33088,1048576,4096,1048576,4096,0,0,873140,140,917504,480,0,0,0,0,921600,38000,802368,56,0,0,802608,24,802424,64,0,0,724992,608,0,0,0,0
22016,380275cac2a1793403674bd8cb686b478f457d65c25e3d58a3a1f856f829723b,1,26,144,3,0,4,0,65535,0,184,0,0,0,64,0,0,0,256,332,5,0,0,224,258,267,14,29,636928,198656,0,210941,4096,643072,4194304,4096,512,6,0,0,0,6,0,851968,1024,0,3,33088,1048576,4096,1048576,4096,0,0,775036,140,815104,480,0,0,0,0,819200,31316,715328,56,0,0,715584,24,715384,64,0,0,643072,604,0,0,0,0
22017,43b7a60c0ef8b4af001f45a0c57410b7374b1d75a6811e0dfc86e4d60f503856,1,26,144,3,0,4,0,65535,0,184,0,0,0,64,0,0,0,256,332,5,0,0,224,258,267,14,27,298496,117248,0,62649,4096,303104,4194304,4096,512,6,0,0,0,6,0,425984,1024,0,3,33088,1048576,4096,1048576,4096,0,0,385020,140,405504,480,0,0,0,0,409600,15408,363568,56,0,0,0,0,363624,64,0,0,303104,464,0,0,0,0
22018,452967e7a2a6102a50036faa6f348b57ca5c514992bf8f7e0416d2dd9b1ab13a,1,26,144,3,0,4,0,65535,0,184,0,0,0,64,0,0,0,256,332,5,0,0,224,258,267,14,29,636928,198656,0,210941,4096,643072,4194304,4096,512,6,0,0,0,6,0,851968,1024,0,3,33088,1048576,4096,1048576,4096,0,0,775036,140,815104,480,0,0,0,0,819200,31316,715328,56,0,0,715584,24,715384,64,0,0,643072,604,0,0,0,0
22019,45b95b6ee5a726bf41b6a52020bb03cdf128e381998f317d8bd34deb4074cf62,1,26,144,3,0,4,0,65535,0,184,0,0,0,64,0,0,0,256,332,5,0,0,224,258,267,14,29,636928,198656,0,210941,4096,643072,4194304,4096,512,6,0,0,0,6,0,851968,1024,0,3,33088,1048576,4096,1048576,4096,0,0,775036,140,815104,480,0,0,0,0,819200,31316,715328,56,0,0,715584,24,715384,64,0,0,643072,604,0,0,0,0
22020,5b7bed7349f6b1499b7eac111d7264101b13eeb9684830a4a93bab5f9d79d77e,1,26,144,3,0,4,0,65535,0,184,0,0,0,64,0,0,0,264,332,5,0,0,224,258,267,14,27,724992,227328,0,202190,4096,729088,4194304,4096,512,6,0,0,0,6,0,966656,1024,0,3,33088,1048576,4096,1048576,4096,0,0,878604,140,921600,480,0,0,0,0,925696,38288,807440,56,0,0,807680,24,807496,64,0,0,729088,612,0,0,0,0
22021,5d6e4bd7bd7239fab20e043fb292974497297af89759b1b0d48d7d006e5e96fa,1,26,144,3,0,4,0,65535,0,184,0,0,0,64,0,0,0,256,332,5,0,0,224,258,267,14,29,636928,198656,0,210941,4096,643072,4194304,4096,512,6,0,0,0,6,0,851968,1024,0,3,33088,1048576,4096,1048576,4096,0,0,775036,140,815104,480,0,0,0,0,819200,31316,715328,56,0,0,715584,24,715384,64,0,0,643072,604,0,0,0,0
22022,5db3f3c20f7860682ea6d7ebbe3db042337aa18d874f26699213cef2a5764304,1,26,144,3,0,4,0,65535,0,184,0,0,0,64,0,0,0,256,332,5,0,0,224,258,267,14,29,636928,198656,0,210941,4096,643072,4194304,4096,512,6,0,0,0,6,0,851968,1024,0,3,33088,1048576,4096,1048576,4096,0,0,775036,140,815104,480,0,0,0,0,819200,31316,715328,56,0,0,715584,24,715384,64,0,0,643072,604,0,0,0,0
22023,603b5241cb49ef17c2522b60600b15d9e1273ccbf4d39aec4d34e16297968955,1,26,144,3,0,4,0,65535,0,184,0,0,0,64,0,0,0,256,332,5,0,0,224,258,267,14,29,636928,198656,0,210941,4096,643072,4194304,4096,512,6,0,0,0,6,0,851968,1024,0,3,33088,1048576,4096,1048576,4096,0,0,775036,140,815104,480,0,0,0,0,819200,31316,715328,56,0,0,715584,24,715384,64,0,0,643072,604,0,0,0,0
22024,62a8e739d111437b798d1b5f9286366c10cb48a1a7818519babc7f3a9bb5124e,1,26,144,3,0,4,0,65535,0,184,0,0,0,64,0,0,0,256,332,5,0,0,224,258,267,14,29,636928,198656,0,210941,4096,643072,4194304,4096,512,6,0,0,0,6,0,851968,1024,0,3,33088,1048576,4096,1048576,4096,0,0,775036,140,815104,480,0,0,0,0,819200,31316,715328,56,0,0,715584,24,715384,64,0,0,643072,604,0,0,0,0
22025,66de24f5e32ddf0b20d64701862f3c23071018cc0758e34f487cdf795a89b73b,1,26,144,3,0,4,0,65535,0,184,0,0,0,64,0,0,0,256,332,5,0,0,224,258,267,14,29,636928,198656,0,210941,4096,643072,4194304,4096,512,6,0,0,0,6,0,851968,1024,0,3,33088,1048576,4096,1048576,4096,0,0,775036,140,815104,480,0,0,0,0,819200,31316,715328,56,0,0,715584,24,715384,64,0,0,643072,604,0,0,0,0
22026,6cc510a772d7718c95216eb56a84a96201241b264755f28875e685f06e95e1a2,1,26,144,3,0,4,0,65535,0,184,0,0,0,64,0,0,0,256,332,5,0,0,224,258,267,14,27,724480,225792,0,202094,4096,729088,4194304,4096,512,6,0,0,0,6,0,966656,1024,0,3,33088,1048576,4096,1048576,4096,0,0,877340,100,921600,480,0,0,0,0,925696,38116,806496,56,0,0,806736,24,806552,64,0,0,729088,572,0,0,0,0
22027,718810b8eeb682fc70df602d952c0c83e028c5a5bfa44c506756980caf2edebb,1,26,144,3,0,4,0,65535,0,184,0,0,0,64,0,0,0,264,332,5,0,0,224,258,267,14,27,724992,227328,0,202190,4096,729088,4194304,4096,512,6,0,0,0,6,0,966656,1024,0,3,33088,1048576,4096,1048576,4096,0,0,878604,140,921600,480,0,0,0,0,925696,38288,807440,56,0,0,807680,24,807496,64,0,0,729088,612,0,0,0,0
22028,7d1e470e36c68e1156a7828f8002254dcde68dc61f998ab5636c12ba63f472dd,1,26,144,3,0,4,0,65535,0,184,0,0,0,64,0,0,0,256,332,5,0,0,224,258,267,14,29,636928,198656,0,210941,4096,643072,4194304,4096,512,6,0,0,0,6,0,851968,1024,0,3,33088,1048576,4096,1048576,4096,0,0,775036,140,815104,480,0,0,0,0,819200,31316,715328,56,0,0,715584,24,715384,64,0,0,643072,604,0,0,0,0
22029,8374cd9a8c03d900eefcd0bae936eed24532868c9090e919f6c303d9e0029c9d,1,26,144,3,0,4,0,65535,0,184,0,0,0,64,0,0,0,256,332,3,0,0,224,258,267,14,29,294912,4096,581632,876448,585728,880640,4194304,4096,512,6,0,0,0,6,0,884736,4096,0,3,33088,1048576,4096,1048576,4096,0,0,881116,404,880640,476,0,0,0,0,881520,48,0,0,0,0,876940,24,876972,188,0,0,0,0,0,0,0,0
22030,84d94c032543e8797a514323b0b8fd8bd69b4183f17351628b13d1464093af2d,1,26,144,3,0,4,0,65535,0,184,0,0,0,64,0,0,0,264,332,5,0,0,224,258,267,14,27,724992,227328,0,202190,4096,729088,4194304,4096,512,6,0,0,0,6,0,966656,1024,0,3,33088,1048576,4096,1048576,4096,0,0,878604,140,921600,480,0,0,0,0,925696,38288,807440,56,0,0,807680,24,807496,64,0,0,729088,612,0,0,0,0
22031,85115951fe456441a3f6fccd09b9101b12255ac4e029c3b0c8be1ab450a4bc6c,1,26,144,3,0,4,0,65535,0,184,0,0,0,64,0,0,0,256,332,5,0,0,224,258,267,14,29,636928,198656,0,210941,4096,643072,4194304,4096,512,6,0,0,0,6,0,851968,1024,0,3,33088,1048576,4096,1048576,4096,0,0,775036,140,815104,480,0,0,0,0,819200,31316,715328,56,0,0,715584,24,715384,64,0,0,643072,604,0,0,0,0
22032,8ac411f4b10581c38be5c2767747ee0a9279eb4faf02d8e7842b8376e8f742bf,1,26,144,3,0,4,0,65535,0,184,0,0,0,64,0,0,0,256,332,5,0,0,224,258,267,14,29,636928,198656,0,210941,4096,643072,4194304,4096,512,6,0,0,0,6,0,851968,1024,0,3,33088,1048576,4096,1048576,4096,0,0,775036,140,815104,480,0,0,0,0,819200,31316,715328,56,0,0,715584,24,715384,64,0,0,643072,604,0,0,0,0
22033,93b11a9a72d51d4aa80c0791c19dcc49cc164ae98b67cdff619743766611e947,1,26,144,3,0,4,0,65535,0,184,0,0,0,64,0,0,0,288,332,5,0,0,224,258,267,14,16,1008128,339968,0,697025,4096,1015808,4194304,4096,512,5,1,0,0,5,1,1368064,1024,0,3,33088,1048576,4096,1048576,4096,0,0,1244660,140,1302528,480,0,0,0,0,1306624,59020,1163296,112,0,0,1163568,24,1163408,64,0,0,1015808,960,0,0,0,0
22034,9a2c0204689a19d372560fb1da472e25c9747289178a81a8aa4e3622a63fe773,1,26,144,3,0,4,0,65535,0,184,0,0,0,64,0,0,0,256,332,5,0,0,224,258,267,14,29,636928,198656,0,210941,4096,643072,4194304,4096,512,6,0,0,0,6,0,851968,1024,0,3,33088,1048576,4096,1048576,4096,0,0,775036,140,815104,480,0,0,0,0,819200,31316,715328,56,0,0,715584,24,715384,64,0,0,643072,604,0,0,0,0
22035,9e4b3871a7ea10afc1ad09f93f9205b6aa1863a984c729ee764eac2215d322e6,1,26,144,3,0,4,0,65535,0,184,0,0,0,64,0,0,0,256,332,5,0,0,224,258,267,14,29,636928,198656,0,210941,4096,643072,4194304,4096,512,6,0,0,0,6,0,851968,1024,0,3,33088,1048576,4096,1048576,4096,0,0,775036,140,815104,480,0,0,0,0,819200,31316,715328,56,0,0,715584,24,715384,64,0,0,643072,604,0,0,0,0
22036,a1b504b8e34200d8029f6d75491d517e460162cb9df438257ee4ed85f61c18bc,1,26,144,3,0,4,0,65535,0,184,0,0,0,64,0,0,0,264,332,5,0,0,224,258,267,14,27,724992,227328,0,202190,4096,729088,4194304,4096,512,6,0,0,0,6,0,966656,1024,0,3,33088,1048576,4096,1048576,4096,0,0,878604,140,921600,480,0,0,0,0,925696,38288,807440,56,0,0,807680,24,807496,64,0,0,729088,612,0,0,0,0
22037,b4c4e9aabd821e6a664fb320a043c133e4e3d0381342079a50e12ca017f489bc,1,26,144,3,0,4,0,65535,0,184,0,0,0,64,0,0,0,256,332,5,0,0,224,258,267,14,29,636928,198656,0,210941,4096,643072,4194304,4096,512,6,0,0,0,6,0,851968,1024,0,3,33088,1048576,4096,1048576,4096,0,0,775036,140,815104,480,0,0,0,0,819200,31316,715328,56,0,0,715584,24,715384,64,0,0,643072,604,0,0,0,0
22038,bff12a83b1fc2e0ad0000ad9b68abc8eada559bb1094caaf5b9f52887df23705,1,26,144,3,0,4,0,65535,0,184,0,0,0,64,0,0,0,256,332,5,0,0,224,258,267,14,29,636928,198656,0,210941,4096,643072,4194304,4096,512,6,0,0,0,6,0,851968,1024,0,3,33088,1048576,4096,1048576,4096,0,0,775036,140,815104,480,0,0,0,0,819200,31316,715328,56,0,0,715584,24,715384,64,0,0,643072,604,0,0,0,0
22039,c0a42741eef72991d9d0ee8b6c0531fc19151457a8b59bdcf7b6373d1fe56e02,1,26,144,3,0,4,0,65535,0,184,0,0,0,64,0,0,0,256,332,5,0,0,224,258,267,14,27,724480,225792,0,202094,4096,729088,4194304,4096,512,6,0,0,0,6,0,966656,1024,0,3,33088,1048576,4096,1048576,4096,0,0,877340,100,921600,480,0,0,0,0,925696,38116,806496,56,0,0,806736,24,806552,64,0,0,729088,572,0,0,0,0
22040,c65547704c20045f006d0653144101bbdf9dd5d2aa6b4db61b83f847704b10f6,1,26,144,3,0,4,0,65535,0,184,0,0,0,64,0,0,0,256,332,5,0,0,224,258,267,14,29,636928,198656,0,210941,4096,643072,4194304,4096,512,6,0,0,0,6,0,851968,1024,0,3,33088,1048576,4096,1048576,4096,0,0,775036,140,815104,480,0,0,0,0,819200,31316,715328,56,0,0,715584,24,715384,64,0,0,643072,604,0,0,0,0
22041,c7307b1cfd6685c2b3a19a7239a40e8afa5432ffe039bb4b3caca8a70ad1eed6,1,26,144,3,0,4,0,65535,0,184,0,0,0,64,0,0,0,272,332,5,0,0,224,258,267,14,27,687616,216064,0,195631,4096,692224,4194304,4096,512,6,0,0,0,6,0,913408,1024,0,3,33088,1048576,4096,1048576,4096,0,0,835188,100,872448,480,0,0,0,0,876544,35932,768448,56,0,0,768688,24,768504,64,0,0,692224,560,0,0,0,0
22042,da6e60b4e39c6c556836a18a09a52cd83c47f9cf6dc9e3ad298cbcb925a62a96,1,26,144,3,0,4,0,65535,0,184,0,0,0,64,0,0,0,256,332,5,0,0,224,258,267,14,29,636928,198656,0,210941,4096,643072,4194304,4096,512,6,0,0,0,6,0,851968,1024,0,3,33088,1048576,4096,1048576,4096,0,0,775036,140,815104,480,0,0,0,0,819200,31316,715328,56,0,0,715584,24,715384,64,0,0,643072,604,0,0,0,0
22043,e2a945032dc77a8a9d36b709438612aca5858eee52d7c0ad1e375f9e9e080305,1,26,144,3,0,4,0,65535,0,184,0,0,0,64,0,0,0,256,332,5,0,0,224,258,267,14,29,636928,198656,0,210941,4096,643072,4194304,4096,512,6,0,0,0,6,0,851968,1024,0,3,33088,1048576,4096,1048576,4096,0,0,775036,140,815104,480,0,0,0,0,819200,31316,715328,56,0,0,715584,24,715384,64,0,0,643072,604,0,0,0,0
22044,e62c0bdf69b88a5bd95872cbcf4da4de4eef226bc9ef0452ee652eeee519b15a,1,26,144,3,0,4,0,65535,0,184,0,0,0,64,0,0,0,264,332,5,0,0,224,258,267,14,27,518144,193536,0,148192,4096,524288,4194304,4096,512,6,0,0,0,6,0,724992,1024,0,3,33088,1048576,4096,1048576,4096,0,0,655260,140,688128,480,0,0,0,0,692224,30572,592312,56,0,0,592552,24,592368,64,0,0,524288,596,0,0,0,0
22045,ec955f589f25d0d28e55964a1aa79c27492026982994cd4ca1faf7e8a78db4bc,1,26,144,3,0,4,0,65535,0,184,0,0,0,64,0,0,0,256,332,5,0,0,224,258,267,14,29,636928,198656,0,210941,4096,643072,4194304,4096,512,6,0,0,0,6,0,851968,1024,0,3,33088,1048576,4096,1048576,4096,0,0,775036,140,815104,480,0,0,0,0,819200,31316,715328,56,0,0,715584,24,715384,64,0,0,643072,604,0,0,0,0
22046,f810deb1ba171cea5b595c6d3f816127fb182833f7a08a98de93226d4f6a336f,1,26,144,3,0,4,0,65535,0,184,0,0,0,64,0,0,0,264,332,5,0,0,224,258,267,14,27,724992,227328,0,202190,4096,729088,4194304,4096,512,6,0,0,0,6,0,966656,1024,0,3,33088,1048576,4096,1048576,4096,0,0,878604,140,921600,480,0,0,0,0,925696,38288,807440,56,0,0,807680,24,807496,64,0,0,729088,612,0,0,0,0
22047,f8e99bbacc62b0f72aa12f5f92e35607fa0382a881fe4a4b9476fc6b87a03c78,1,26,144,3,0,4,0,65535,0,184,0,0,0,64,0,0,0,256,332,5,0,0,224,258,267,14,29,636928,198656,0,210941,4096,643072,4194304,4096,512,6,0,0,0,6,0,851968,1024,0,3,33088,1048576,4096,1048576,4096,0,0,775036,140,815104,480,0,0,0,0,819200,31316,715328,56,0,0,715584,24,715384,64,0,0,643072,604,0,0,0,0
22048,fb544e1f74ce02937c3a3657be8d125d5953996115f65697b7d39e237020706f,1,26,144,3,0,4,0,65535,0,184,0,0,0,64,0,0,0,256,332,5,0,0,224,258,267,14,27,298496,117248,0,62649,4096,303104,4194304,4096,512,6,0,0,0,6,0,425984,1024,0,3,33088,1048576,4096,1048576,4096,0,0,385020,140,405504,480,0,0,0,0,409600,15408,363568,56,0,0,0,0,363624,64,0,0,303104,464,0,0,0,0
22049,ffd933ad53f22a0f10cceb4986087258f72dffdd36999b7014c6b37c157ee45f,1,26,144,3,0,4,0,65535,0,184,0,0,0,64,0,0,0,256,332,5,0,0,224,258,267,14,29,636928,198656,0,210941,4096,643072,4194304,4096,512,6,0,0,0,6,0,851968,1024,0,3,33088,1048576,4096,1048576,4096,0,0,775036,140,815104,480,0,0,0,0,819200,31316,715328,56,0,0,715584,24,715384,64,0,0,643072,604,0,0,0,0
22050,1fd07b8d1728e416f897bef4f1471126f9b18ef108eb952f4b75050da22e8e43,1,27,144,3,4,0,0,65535,0,139,0,0,0,64,0,0,0,128,34404,6,2068992,0,240,546,523,3,0,996352,125440,0,396032,4096,0,4194304,4096,512,6,1,1,0,6,1,2461696,1536,0,2,33120,2097152,4096,1048576,4096,0,0,2433024,1148,0,0,0,0,0,0,2437120,18756,0,0,0,0,0,0,0,0,0,0,1929760,320,0,0,0,0
22051,20bab94e6d9c8ed4832ce3b58f9150b16f9e5f40ffdcb747e10366cab5a30352,1,27,144,3,4,0,0,65535,0,139,0,0,0,64,0,0,0,128,34404,6,3489280,0,240,546,523,3,0,1725440,136192,0,405504,4096,0,4194304,4096,512,6,1,1,0,6,1,3895296,1536,0,2,33120,2097152,4096,1048576,4096,0,0,3858432,1148,0,0,0,0,0,0,3862528,25078,0,0,0,0,0,0,0,0,0,0,3334528,320,0,0,0,0
22052,3a2f6e614ff030804aa18cb03fcc3bc357f6226786efb4a734cbe2a3a1984b6f,1,27,144,3,4,0,0,65535,0,139,0,0,0,64,0,0,0,128,34404,6,2260992,0,240,546,523,3,0,1043968,126464,0,405984,4096,0,4194304,4096,512,6,1,1,0,6,1,2650112,1536,0,2,33120,2097152,4096,1048576,4096,0,0,2621440,1148,0,0,0,0,0,0,2625536,19776,0,0,0,0,0,0,0,0,0,0,2118176,320,0,0,0,0
22053,46d340eaf6b78207e24b6011422f1a5b4a566e493d72365c6a1cace11c36b28b,1,27,144,3,4,0,0,65535,0,139,0,0,0,64,0,0,0,128,34404,6,2068992,0,240,546,523,3,0,996352,125440,0,396032,4096,0,4194304,4096,512,6,1,1,0,6,1,2461696,1536,0,2,33120,2097152,4096,1048576,4096,0,0,2433024,1148,0,0,0,0,0,0,2437120,18756,0,0,0,0,0,0,0,0,0,0,1929760,320,0,0,0,0
22054,50c86fb27bed1962903a5f9d155544e3fdb859ae19e967a10f0bf3a60bb8954f,1,27,144,3,4,0,0,65535,0,139,0,0,0,64,0,0,0,128,34404,6,3488256,0,240,546,523,3,0,1724928,136192,0,405504,4096,0,4194304,4096,512,6,1,1,0,6,1,3895296,1536,0,2,33120,2097152,4096,1048576,4096,0,0,3858432,1148,0,0,0,0,0,0,3862528,25048,0,0,0,0,0,0,0,0,0,0,3334528,320,0,0,0,0
22055,c0fe7bfb0d1ffeb61fb9cafeeab79ffd1660ff3637798e315ff15d802a3c974e,1,27,144,3,4,0,0,65535,0,139,0,0,0,64,0,0,0,128,34404,6,3489280,0,240,546,523,3,0,1725440,136192,0,405504,4096,0,4194304,4096,512,6,1,1,0,6,1,3895296,1536,0,2,33120,2097152,4096,1048576,4096,0,0,3858432,1148,0,0,0,0,0,0,3862528,25078,0,0,0,0,0,0,0,0,0,0,3334528,320,0,0,0,0
22056,cd17afd9115b2d83e948a1bcabf508f42d0fe7edb56cc62f5cc467c938e45033,1,27,144,3,4,0,0,65535,0,139,0,0,0,64,0,0,0,128,34404,6,3489280,0,240,546,523,3,0,1725440,136192,0,405504,4096,0,4194304,4096,512,6,1,1,0,6,1,3895296,1536,0,2,33120,2097152,4096,1048576,4096,0,0,3858432,1148,0,0,0,0,0,0,3862528,25078,0,0,0,0,0,0,0,0,0,0,3334528,320,0,0,0,0
22057,d602562ba7273695df9248a8590b510ccd49fefb97f5c75d485895abba13418d,1,27,144,3,4,0,0,65535,0,139,0,0,0,64,0,0,0,128,34404,6,3490816,0,240,546,523,3,0,1725952,136192,0,405728,4096,0,4194304,4096,512,6,1,1,0,6,1,3895296,1536,0,2,33120,2097152,4096,1048576,4096,0,0,3858432,1148,0,0,0,0,0,0,3862528,25082,0,0,0,0,0,0,0,0,0,0,3334528,320,0,0,0,0
22058,da7a959ae7ea237bb6cd913119a35baa43a68e375f892857f6d77eaa62aabbaf,1,27,144,3,4,0,0,65535,0,139,0,0,0,64,0,0,0,128,34404,6,3489280,0,240,546,523,3,0,1725440,136192,0,405504,4096,0,4194304,4096,512,6,1,1,0,6,1,3895296,1536,0,2,33120,2097152,4096,1048576,4096,0,0,3858432,1148,0,0,0,0,0,0,3862528,25078,0,0,0,0,0,0,0,0,0,0,3334528,320,0,0,0,0
22059,eaf5e26c5e73f3db82cd07ea45e4d244ccb3ec3397ab5263a1a74add7bbcb6e2,1,27,144,3,4,0,0,65535,0,139,0,0,0,64,0,0,0,128,34404,6,2068992,0,240,546,523,3,0,996352,125440,0,396032,4096,0,4194304,4096,512,6,1,1,0,6,1,2461696,1536,0,2,33120,2097152,4096,1048576,4096,0,0,2433024,1148,0,0,0,0,0,0,2437120,18756,0,0,0,0,0,0,0,0,0,0,1929760,320,0,0,0,0
22060,f7a3a8734c004682201b8873691d684985329be3fcdba965f268103a086ebaad,1,27,144,3,4,0,0,65535,0,139,0,0,0,64,0,0,0,128,34404,6,3488256,0,240,546,523,3,0,1724928,136192,0,405504,4096,0,4194304,4096,512,6,1,1,0,6,1,3895296,1536,0,2,33120,2097152,4096,1048576,4096,0,0,3858432,1148,0,0,0,0,0,0,3862528,25048,0,0,0,0,0,0,0,0,0,0,3334528,320,0,0,0,0
22061,03309c90e6c60a2e3cd44374efa3003ae10cd9e05ba6a39c77aa5289b32cb969,1,28,144,3,0,4,0,65535,0,184,0,0,0,64,0,0,0,264,34404,7,0,0,240,34,523,14,32,528896,211968,0,313928,4096,0,5368709120,4096,512,6,0,0,0,6,0,761856,1024,0,3,33120,1048576,4096,1048576,4096,0,0,698316,160,753664,480,724992,22476,0,0,757760,3668,650336,28,0,0,650368,40,650016,320,0,0,536576,1368,0,0,0,0
22062,15560b1e35a3a8612a7ba91d00dea6b8dd6e4f3f857399c22c0c75377c9b31a2,1,28,144,3,0,4,0,65535,0,184,0,0,0,64,0,0,0,200,332,6,0,0,224,258,267,14,33,13312,551424,0,7456,4096,20480,4194304,4096,512,6,0,0,0,6,0,585728,1024,512294,2,33088,1048576,4096,1048576,4096,0,0,21744,120,151552,426736,0,0,450048,19816,581632,1288,21384,28,0,0,0,0,0,0,0,0,20480,904,0,0,0,0
22063,15abbff9fbce7f5782c1654775938dcd2ce0a8ebd683a008547f8a4e421888c4,1,28,144,3,0,4,0,65535,0,184,0,0,0,64,0,0,0,256,332,5,0,0,224,258,267,14,32,403456,158720,0,223323,4096,409600,4194304,4096,512,6,0,0,0,6,0,581632,1024,0,3,33088,1048576,4096,1048576,4096,0,0,533260,160,557056,480,0,0,0,0,561152,17524,505520,28,0,0,505600,24,505328,64,0,0,409600,648,0,0,0,0
22064,17205c43189c22dfcb278f5cc45c2562f622b0b6280dcd43cc1d3c274095eb90,1,28,144,3,0,4,0,65535,0,184,0,0,0,64,0,0,0,256,332,5,0,0,224,258,267,14,31,395264,260096,0,216811,4096,401408,4194304,4096,512,6,0,0,0,6,0,671744,1024,0,3,33088,1048576,4096,1048576,4096,0,0,622556,80,647168,480,0,0,0,0,651264,18220,591920,28,0,0,592000,24,591728,64,0,0,401408,468,0,0,0,0
22065,1bb7e645d4ff753157bbdd78829276356cb6660a767ab7158fc7dec3fe8b0e2f,1,28,144,3,0,4,0,65535,0,184,0,0,0,64,0,0,0,208,332,6,0,0,224,258,267,14,33,23552,539136,0,7056,4096,28672,4194304,4096,512,6,0,0,0,6,0,581632,1024,0,2,33088,1048576,4096,1048576,4096,0,0,29852,120,147456,427080,0,0,460800,19816,577536,1476,29492,28,0,0,0,0,0,0,0,0,28672,820,0,0,0,0
22066,203d2807df6ef531efbec7bfd109986de3e23df64c01ea4e337cbe5ba675248b,1,28,144,3,0,4,0,65535,0,184,0,0,0,64,0,0,0,256,332,5,0,0,224,258,267,14,32,395776,166912,0,219579,4096,401408,4194304,4096,512,6,0,0,0,6,0,577536,1024,0,3,33088,1048576,4096,1048576,4096,0,0,531180,160,552960,480,0,0,0,0,557056,18816,499520,28,0,0,499584,24,499328,64,0,0,401408,648,0,0,0,0
22067,2327018dab0e3beaed2123bcb5392405ab1e502dfa72a5a32c2c164346bb9bc6,1,28,144,3,0,4,0,65535,0,184,0,0,0,64,0,0,0,208,332,6,0,0,224,258,267,14,33,22528,542720,0,8864,4096,28672,4194304,4096,512,6,0,0,0,6,0,581632,1024,0,2,33088,1048576,4096,1048576,4096,0,0,30492,120,151552,425032,0,0,462336,19816,577536,2088,30132,28,0,0,0,0,0,0,0,0,28672,1460,0,0,0,0
22068,350ba7fca67721c74385faff083914ecdd66ef107a765dfb7ac08b38d5c9c0bd,1,28,144,3,0,4,0,65535,0,184,0,0,0,64,0,0,0,264,332,5,0,0,224,258,267,14,33,95744,776704,0,58912,4096,102400,4194304,4096,512,6,0,0,0,6,0,888832,1024,0,2,33088,1048576,4096,1048576,4096,0,0,124244,80,274432,602688,0,0,735232,19816,880640,6812,122368,28,0,0,0,0,122176,64,0,0,102400,600,0,0,0,0
22069,48976d7bf38cca4e952507e9ab27e3874ca01092eed53d0fde89c5966e9533bb,1,28,144,3,0,4,0,65535,0,184,0,0,0,64,0,0,0,256,332,5,0,0,224,258,267,14,32,406016,166400,0,225195,4096,413696,4194304,4096,512,6,0,0,0,6,0,589824,1024,0,3,33088,1048576,4096,1048576,4096,0,0,543676,160,565248,480,0,0,0,0,569344,18516,513328,28,0,0,513408,24,513136,64,0,0,413696,708,0,0,0,0
22070,5b6c3d277711d9f847be59b16fd08390fc07d3b27c7c6804e2170f456e9f1173,1,28,144,3,0,4,0,65535,0,184,0,0,0,64,0,0,0,256,332,5,0,0,224,258,267,14,31,395264,260096,0,216811,4096,401408,4194304,4096,512,6,0,0,0,6,0,671744,1024,0,3,33088,1048576,4096,1048576,4096,0,0,622556,80,647168,480,0,0,0,0,651264,18220,591920,28,0,0,592000,24,591728,64,0,0,401408,468,0,0,0,0
22071,5d2204f3a20e163120f52a2e3595db19890050b2faa96c6cba6b094b0a52b0aa,1,28,144,3,0,4,0,65535,0,184,0,0,0,64,0,0,0,256,332,5,0,0,224,258,267,14,31,411136,168960,0,233083,4096,417792,4194304,4096,512,6,0,0,0,6,0,593920,1024,0,3,33088,1048576,4096,1048576,4096,0,0,549004,100,569344,480,0,0,0,0,573440,19336,516416,28,0,0,516480,24,516224,64,0,0,417792,584,0,0,0,0
22072,653da5127b0ecbc5c373ce510c0d5191f61f2df912c9b6f4989aa3775933bc33,1,28,144,3,0,4,0,65535,0,184,0,0,0,64,0,0,0,208,332,6,0,0,224,258,267,14,33,17920,552448,0,8064,4096,24576,4194304,4096,512,6,0,0,0,6,0,589824,1024,0,2,33088,1048576,4096,1048576,4096,0,0,25876,120,155648,427008,0,0,455680,19816,585728,1556,25516,28,0,0,0,0,0,0,0,0,24576,940,0,0,0,0
22073,699aaea1598a034cde7ed88cd8a8a36fd59447e09bddef566357061774c48a76,1,28,144,3,0,4,0,65535,0,184,0,0,0,64,0,0,0,256,332,5,0,0,224,258,267,14,32,406016,166400,0,225307,4096,413696,4194304,4096,512,6,0,0,0,6,0,589824,1024,0,3,33088,1048576,4096,1048576,4096,0,0,543684,160,565248,480,0,0,0,0,569344,18524,513328,28,0,0,513408,24,513136,64,0,0,413696,708,0,0,0,0
22074,7883f01096db9bcf090c2317749b6873036c27ba92451b212b8645770e1f0b8a,1,28,144,3,0,4,0,65535,0,184,0,0,0,64,0,0,0,272,332,5,0,0,224,258,267,14,31,395264,164864,0,218987,4096,401408,4194304,4096,512,6,0,0,0,6,0,577536,1024,0,3,33088,1048576,4096,1048576,4096,0,0,529884,100,552960,480,0,0,0,0,557056,18524,498736,28,0,0,498816,24,498544,64,0,0,401408,496,0,0,0,0
22075,81515e1c72fadae2c4bb15883e0c1d8979b49fd52d8c65ca03e05a75ca6683c9,1,28,144,3,0,4,0,65535,0,184,0,0,0,64,0,0,0,200,332,6,0,0,224,258,267,14,33,9728,559104,0,7264,4096,16384,4194304,4096,512,6,0,0,0,6,0,589824,1024,0,2,33088,1048576,4096,1048576,4096,0,0,17656,120,155648,426160,0,0,445952,19816,585728,1160,17296,28,0,0,0,0,0,0,0,0,16384,912,0,0,0,0
22076,856b5dc509c17f5be68186b6a8ab272fc0dd12000c978548d8488ee997b015e5,1,28,144,3,0,4,0,65535,0,184,0,0,0,64,0,0,0,248,332,4,0,0,224,259,267,9,0,296448,687104,0,30853,4096,303104,4194304,4096,512,5,0,0,0,5,0,1003520,1024,1023008,2,32768,1048576,4096,1048576,4096,357072,1623,352796,160,929792,70104,0,0,0,0,0,0,0,0,0,0,0,0,348648,64,0,0,303104,720,0,0,0,0
22077,9a55f55886285eef7ffabdd55c0232d1458175b1d868c03d3e304ce7d98980bc,1,28,144,3,0,4,0,65535,0,184,0,0,0,64,0,0,0,256,332,5,0,0,224,258,267,14,32,396288,162816,0,216827,4096,401408,4194304,4096,512,6,0,0,0,6,0,573440,1024,0,3,33088,1048576,4096,1048576,4096,0,0,528852,160,548864,480,0,0,0,0,552960,18028,499680,28,0,0,499712,24,499488,64,0,0,401408,648,0,0,0,0
22078,9b57d94b33cd712bf409e0128f26a75d2d9746ef65012ce6cd72caf47650d2a6,1,28,144,3,0,4,0,65535,0,184,0,0,0,64,0,0,0,208,332,6,0,0,224,258,267,14,33,13312,547328,0,9552,4096,20480,4194304,4096,512,6,0,0,0,6,0,581632,1024,0,2,33088,1048576,4096,1048576,4096,0,0,22252,120,147456,426040,0,0,453632,19816,577536,1868,21892,28,0,0,0,0,0,0,0,0,20480,1412,0,0,0,0
22079,9bbe6414ce22cb5e19f294004cb5cdbc883479d99629ddcdb5b70e9806306e42,1,28,144,3,0,4,0,65535,0,184,0,0,0,64,0,0,0,264,332,5,0,0,224,258,267,14,31,205824,885760,0,150402,4096,212992,4194304,4096,512,6,0,0,0,6,0,1105920,1024,0,2,33088,1048576,4096,1048576,4096,0,0,319620,100,1073152,24368,0,0,1089536,0,1097728,5188,0,0,0,0,239808,24,239600,64,0,0,212992,372,0,0,0,0
22080,9fce9ee85516533bae34fc1184a7cf31fa9f2c7889b13774f83d1df561708833,1,28,144,3,0,4,0,65535,0,184,0,0,0,64,0,0,0,272,332,5,0,0,224,258,267,14,32,401408,165376,0,228011,4096,405504,4194304,4096,512,6,0,0,0,6,0,581632,1024,0,3,33088,1048576,4096,1048576,4096,0,0,534284,160,557056,480,0,0,0,0,561152,18452,503568,28,0,0,503616,24,503376,64,0,0,405504,688,0,0,0,0
22081,a083060d38984e7c6f36dcd2c57ec1aa3f50f9c201c8538257c8cbf2b3217e96,1,28,144,3,0,4,0,65535,0,184,0,0,0,64,0,0,0,264,34404,7,0,0,240,34,523,14,32,537088,207360,0,321752,4096,0,5368709120,4096,512,6,0,0,0,6,0,765952,1024,0,3,33120,1048576,4096,1048576,4096,0,0,702036,160,757760,480,729088,22044,0,0,761856,3680,656032,28,0,0,656128,40,655712,320,0,0,544768,1368,0,0,0,0
22082,a9503a3d998e705c37d3bec7fea0ff188bcf7e753833c8b4b195e590c4ed9625,1,28,144,3,0,4,0,65535,0,184,0,0,0,64,0,0,0,256,332,3,0,0,224,258,267,14,31,811008,24576,126976,939456,131072,942080,4194304,4096,512,6,0,0,0,6,0,966656,4096,0,2,33088,1048576,4096,1048576,4096,0,0,963928,308,942080,21848,0,0,0,0,964236,40,0,0,0,0,939948,24,939980,192,0,0,0,0,0,0,0,0
22083,aa7ef4bb8d0eab74af36162fe42056008d7e19e62ff1b50b870e72140a7b5bd2,1,28,253,3,0,4,0,65021,0,253,0,0,0,64,0,0,0,256,332,5,0,0,253,258,267,14,32,395776,195840,0,219645,4096,401408,4194304,4096,512,6,0,0,0,6,0,589056,1024,0,3,64832,1048576,4096,1048576,4096,0,0,531197,253,552960,509,0,0,0,0,589056,18941,523584,28,0,0,523773,24,523773,64,0,0,401408,765,0,0,0,0
22084,ae7c868713e1d02b4db60128c651eb1e3f6a33c02544cc4cb57c3aa6c6581b6e,1,28,144,3,0,4,0,65535,0,184,0,0,0,64,0,0,0,272,332,5,0,0,224,258,267,14,31,395264,164864,0,218987,4096,401408,4194304,4096,512,6,0,0,0,6,0,577536,1024,0,3,33088,1048576,4096,1048576,4096,0,0,529884,100,552960,480,0,0,0,0,557056,18524,498736,28,0,0,498816,24,498544,64,0,0,401408,496,0,0,0,0
22085,affcb453760dbc48b39f8d4defbcc4fc65d00df6fae395ee27f031c1833abada,1,28,144,3,0,4,0,65535,0,184,0,0,0,64,0,0,0,256,332,5,0,0,224,258,267,14,32,395776,166912,0,219579,4096,401408,4194304,4096,512,6,0,0,0,6,0,577536,1024,0,3,33088,1048576,4096,1048576,4096,0,0,531180,160,552960,480,0,0,0,0,557056,18816,499520,28,0,0,499584,24,499328,64,0,0,401408,648,0,0,0,0
22086,c4c8be0c939e4c24e11bad90549e3951b7969e78056d819425ca53e87af8d8ed,1,28,144,3,0,4,0,65535,0,184,0,0,0,64,0,0,0,224,332,6,0,0,224,258,267,14,33,46592,834560,0,9456,4096,53248,4194304,4096,512,6,0,0,0,6,0,897024,1024,0,2,33088,1048576,4096,1048576,4096,0,0,54776,80,286720,602680,0,0,664064,19816,892928,3876,54416,28,0,0,0,0,0,0,0,0,53248,1168,0,0,0,0
22087,c532d28f9700abba1a4803c3a9d886c8c4fb26f84cf2399c533d68cfdcec4fa7,1,28,144,3,0,4,0,65535,0,184,0,0,0,64,0,0,0,256,332,5,0,0,224,258,267,14,31,64512,852480,0,17897,4096,69632,4194304,4096,512,6,0,0,0,6,0,929792,1024,0,2,33088,1048576,4096,1048576,4096,0,0,112164,100,897024,21816,0,0,914944,17864,921600,4800,108304,56,0,0,108416,24,108112,64,0,0,69632,324,0,0,0,0
22088,cb6e26c2ab8dc2148d4f3f3102d1c257b2f22aba749463c04b1a420742eb92bc,1,28,253,3,0,4,0,65021,0,253,0,0,0,64,0,0,0,272,332,5,0,0,253,258,267,14,31,395264,195840,0,218987,4096,401408,4194304,4096,512,6,0,0,0,6,0,589056,1024,0,3,64832,1048576,4096,1048576,4096,0,0,529917,100,552960,509,0,0,0,0,589056,18524,523568,28,0,0,523773,24,523632,64,0,0,401408,509,0,0,0,0
22089,cce74c82a718be7484abf7c51011793f2717cfb2068c92aa35416a93cbd13cfa,1,28,144,3,0,4,0,65535,0,184,0,0,0,64,0,0,0,272,332,5,0,0,224,258,267,14,31,395264,164864,0,218987,4096,401408,4194304,4096,512,6,0,0,0,6,0,577536,1024,0,3,33088,1048576,4096,1048576,4096,0,0,529884,100,552960,480,0,0,0,0,557056,18524,498736,28,0,0,498816,24,498544,64,0,0,401408,496,0,0,0,0
22090,d943a4aabd76582218fd1a9a0a77b2f6a6715b198f9994f0feae6f249b40fdf9,1,28,144,3,0,4,0,65535,0,184,0,0,0,64,0,0,0,272,332,5,0,0,224,258,267,14,31,395264,164864,0,218987,4096,401408,13500416,4096,512,6,0,0,0,6,0,577536,1024,0,3,33088,1048576,4096,1048576,4096,0,0,529884,100,552960,480,0,0,0,0,557056,18524,498736,28,0,0,498816,24,498544,64,0,0,401408,496,0,0,0,0
22091,e28188e516db1bda9015c30de59a2e91996b67c2e2b44989a6b0f562577fd757,1,28,144,3,0,4,0,65535,0,184,0,0,0,64,0,0,0,224,332,6,0,0,224,258,267,14,33,64000,809984,0,7392,4096,69632,4194304,4096,512,6,0,0,0,6,0,892928,1024,690719,2,33088,1048576,4096,1048576,4096,0,0,70680,80,282624,601816,0,0,677888,19816,884736,4220,70320,28,0,0,0,0,0,0,0,0,69632,680,0,0,0,0
22092,e9fefd053b8c77c7db13d528b97d2b974dfd86775a8cc9c53b8efdb07db8842c,1,28,144,3,0,4,0,65535,0,184,0,0,0,64,0,0,0,248,34404,6,0,0,240,34,523,9,0,320000,898560,0,22668,4096,0,5368709120,4096,512,5,2,0,0,5,2,1245184,1024,1275756,2,32832,1048576,4096,1048576,4096,397808,1697,392740,160,1167360,70104,1155072,10728,0,0,1241088,972,0,0,0,0,0,0,0,0,0,0,327680,1464,0,0,0,0
22093,0b102d8ac22224747d38c9fbf2c91579abae050357f0a1d01fac1ec1315ad291,1,29,144,3,0,4,0,65535,0,184,0,0,0,64,0,0,0,128,34404,12,0,0,240,558,523,2,30,2043392,4162560,386048,5344,4096,0,4194304,4096,512,6,1,0,0,6,1,4583424,4096,0,3,33120,2097152,4096,1048576,4096,4255744,78,4259840,4288,4276224,237416,3858432,1104,0,0,0,0,0,0,0,0,3853696,40,0,0,0,0,0,0,0,0,0,0
22094,1df11bc19aa52b623bdf15380e3fded56d8eb6fb7b53a2240779864b1a6474ad,1,29,144,3,0,4,0,65535,0,184,0,0,0,64,0,0,0,128,34404,3,0,0,240,558,523,2,30,1241088,122880,3325952,4566784,3330048,0,4194304,4096,512,6,1,0,0,6,1,4694016,4096,0,3,33120,2097152,4096,1048576,4096,4308992,78,4690244,276,4571136,119108,3911680,1164,0,0,4690520,20,0,0,0,0,4567504,40,0,0,0,0,0,0,0,0,0,0
22095,388163c9ec1458c779849db891e17efb16a941ca598c4c3ac3a50a77086beb69,1,29,144,3,0,4,0,65535,0,184,0,0,0,64,0,0,0,128,34404,3,0,0,240,558,523,2,30,1208320,69632,3162112,4373392,3166208,0,4194304,4096,512,6,1,0,0,6,1,4444160,4096,0,3,33120,2097152,4096,1048576,4096,4173824,78,4443088,276,4374528,68560,3776512,1164,0,0,4443364,20,0,0,0,0,4374112,40,0,0,0,0,0,0,0,0,0,0
22096,3de8fe5cee8180e93697e4ddca87e721910b9dd922de849cab7b1b3a50e54a00,1,29,144,3,0,4,0,65535,0,184,0,0,0,64,0,0,0,128,34404,3,0,0,240,558,523,2,30,1204224,69632,3182592,4389072,3186688,0,4194304,4096,512,6,1,0,0,6,1,4460544,4096,0,3,33120,2097152,4096,1048576,4096,4186112,78,4459472,276,4390912,68560,3788800,1164,0,0,4459748,20,0,0,0,0,4389792,40,0,0,0,0,0,0,0,0,0,0
22097,44a5e78fce5455579123af23665262b10165ac710a9f7538b764af76d7771550,1,29,144,3,0,4,0,65535,0,184,0,0,0,64,0,0,0,128,34404,12,0,0,240,558,523,2,30,2073088,4094976,386048,5344,4096,0,4194304,4096,512,6,1,0,0,6,1,4526080,4096,0,3,33120,2097152,4096,1048576,4096,4308992,78,4313088,4348,4329472,119076,3911680,1164,0,0,0,0,0,0,0,0,3906176,40,0,0,0,0,0,0,0,0,0,0
22098,534f5fbb7669803812781e43c30083e9197d03f97f0d860ae7d9a59c0484ace4,1,29,144,3,0,4,0,65535,0,184,0,0,0,64,0,0,0,128,34404,3,0,0,240,558,523,2,30,1236992,118784,3571712,4810768,3575808,0,4194304,4096,512,6,1,0,0,6,1,4931584,4096,0,3,33120,2097152,4096,1048576,4096,4554752,78,4929932,208,4812800,117132,4161536,768,1354240,14520,4930140,20,0,0,0,0,4811488,40,0,0,0,0,0,0,0,0,0,0
22099,6f36a4a1364cfb063a0463d9e1287248700ccf1e0d8e280e034b02cf3db3c442,1,29,144,3,0,4,0,65535,0,184,0,0,0,64,0,0,0,128,34404,12,0,0,240,558,523,2,30,2109952,3911168,386048,5344,4096,0,4194304,4096,512,6,1,0,0,6,1,4333568,4096,0,3,33120,2097152,4096,1048576,4096,4173824,78,4177920,4348,4194304,68548,3776512,1164,0,0,0,0,0,0,0,0,3774080,40,0,0,0,0,0,0,0,0,0,0
22100,70e861184ba4bf7b1f5aa549b15b0207519f9b7ecd4ecdeaf99af832f88285a5,1,29,144,3,0,4,0,65535,0,184,0,0,0,64,0,0,0,128,34404,12,0,0,240,558,523,2,30,2121216,3919360,386048,5344,4096,0,4194304,4096,512,6,1,0,0,6,1,4337664,4096,0,3,33120,2097152,4096,1048576,4096,4177920,78,4182016,4296,4198400,68652,3780608,840,0,0,0,0,0,0,0,0,3778560,40,0,0,0,0,0,0,0,0,0,0
22101,8d2581e5cc6e6fdf17558afe025ff84d9023ea636aca74dee39900d8f523e912,1,29,144,3,0,4,0,65535,0,184,0,0,0,64,0,0,0,128,34404,3,0,0,240,558,523,2,30,1286144,122880,3334144,4621056,3338240,0,4194304,4096,512,6,1,0,0,6,1,4747264,4096,0,3,33120,2097152,4096,1048576,4096,4255744,78,4743876,276,4624384,119492,3858432,1104,0,0,4744152,20,0,0,0,0,4621776,40,0,0,0,0,0,0,0,0,0,0
22102,9103194d32a15ea9e8ede1c81960a5ba5d21213de55df52a6dac409f2e58bcfe,1,29,144,3,0,4,0,65535,0,184,0,0,0,64,0,0,0,128,34404,3,0,0,240,558,523,2,30,1433600,126976,4239360,5673408,4243456,0,4194304,4096,512,6,1,0,0,6,1,5804032,4096,0,3,33120,2097152,4096,1048576,4096,5398528,78,5802284,208,5677056,125228,5005312,840,1560064,7696,5802492,20,0,0,0,0,5676520,40,0,0,0,0,0,0,0,0,0,0
22103,938a0841b643da4d0e04848b04b7f735c64e05ce45b5118618c6af685d651f08,1,29,144,3,0,4,0,65535,0,184,0,0,0,64,0,0,0,128,34404,12,0,0,240,558,523,2,30,2115584,3922944,386048,5344,4096,0,4194304,4096,512,6,1,0,0,6,1,4349952,4096,0,3,33120,2097152,4096,1048576,4096,4186112,78,4190208,4348,4206592,68548,3788800,1164,0,0,0,0,0,0,0,0,3783200,40,0,0,0,0,0,0,0,0,0,0
22104,e434ec347a8ea1f0712561bccf0153468a943e16d2cd792fbc72720bd0a8002e,1,29,144,3,0,4,0,65535,0,184,0,0,0,64,0,0,0,128,34404,3,0,0,240,558,523,2,30,1425408,225280,4333568,5756128,4337664,0,4194304,4096,512,6,1,0,0,6,1,5988352,4096,0,3,33120,2097152,4096,1048576,4096,5382144,78,5985416,208,5763072,222344,4988928,840,1645056,7696,5985624,20,0,0,0,0,5759240,40,0,0,0,0,0,0,0,0,0,0
22105,ffc4d94a26ea7bcf48baffd96d33d3c3d53df1bb2c59567f6d04e02e7e2e5aaa,1,29,144,3,0,4,0,65535,0,184,0,0,0,64,0,0,0,128,34404,3,0,0,240,558,523,2,30,1220608,118784,3538944,4760096,3543040,0,4194304,4096,512,6,1,0,0,6,1,4882432,4096,0,3,33120,2097152,4096,1048576,4096,4505600,78,4881364,208,4763648,117716,4112384,768,1336832,14520,4881572,20,0,0,0,0,4760816,40,0,0,0,0,0,0,0,0,0,0
22106,1048a41107f4d9a68c1f5fc0b99ac75dc198047f18bb6e50f3d462f262b8f6cd,1,30,144,3,0,4,0,65535,0,184,0,0,0,64,0,0,0,128,332,8,0,0,224,815,267,2,30,2100736,3067904,1536,5312,4096,2105344,4194304,4096,512,4,0,1,0,4,0,3092480,1024,3129556,2,320,2097152,4096,1048576,4096,0,0,3076096,7012,0,0,0,0,0,0,0,0,0,0,0,0,3088388,24,0,0,0,0,3077284,908,0,0,0,0
22107,12138a12e35563461860d8c39d80e7cbf80aced9a3f197bf7e6a452a70e07048,1,30,144,3,0,4,0,65535,0,184,0,0,0,64,0,0,0,128,332,9,0,0,224,814,267,2,35,2028544,3076608,1024,5312,4096,2035712,4194304,4096,512,4,0,1,0,4,0,3104768,1024,3085900,3,320,2097152,4096,1048576,4096,0,0,3010560,6948,0,0,0,0,0,0,3026944,74660,0,0,0,0,2926228,24,0,0,0,0,3011756,896,0,0,0,0
22108,13828b390d5f58b002e808c2c4f02fdd920e236cc8015480fa33b6c1a9300e31,1,30,144,3,0,4,0,65535,0,184,0,0,0,64,0,0,0,128,332,8,0,0,224,815,267,2,30,2104832,3072512,1536,5312,4096,2109440,4194304,4096,512,4,0,1,0,4,0,3096576,1024,3122288,2,320,2097152,4096,1048576,4096,0,0,3080192,7012,0,0,0,0,0,0,0,0,0,0,0,0,3092484,24,0,0,0,0,3081380,908,0,0,0,0
22109,15b57c1b68cd6ce3c161042e0f3be9f32d78151fe95461eedc59a79fc222c7ed,1,30,144,3,0,4,0,65535,0,184,0,0,0,64,0,0,0,128,332,8,0,0,224,815,267,2,30,2104832,3072512,1536,5312,4096,2109440,4194304,4096,512,4,0,1,0,4,0,3096576,1024,3122288,2,320,2097152,4096,1048576,4096,0,0,3080192,7012,0,0,0,0,0,0,0,0,0,0,0,0,3092484,24,0,0,0,0,3081380,908,0,0,0,0
22110,1e8696116c400742d13d6dfcad676badee68eac4a42a0693556f5dcfa82d0a46,1,30,144,3,0,4,0,65535,0,184,0,0,0,64,0,0,0,128,332,9,0,0,224,814,267,2,35,2028544,3076608,1024,5312,4096,2035712,4194304,4096,512,4,0,1,0,4,0,3104768,1024,3085900,3,320,2097152,4096,1048576,4096,0,0,3010560,6948,0,0,0,0,0,0,3026944,74660,0,0,0,0,2926228,24,0,0,0,0,3011756,896,0,0,0,0
22111,214ea9347df948e515af3f0ed446722e36f011e8cd34a221eb6e506269b955f3,1,30,144,3,0,4,0,65535,0,184,0,0,0,64,0,0,0,128,332,9,0,0,224,814,267,2,35,2028032,3076096,1024,5312,4096,2035712,4194304,4096,512,4,0,1,0,4,0,3104768,1024,3130971,3,320,2097152,4096,1048576,4096,0,0,3010560,6948,0,0,0,0,0,0,3026944,74544,0,0,0,0,2926164,24,0,0,0,0,3011756,896,0,0,0,0
22112,25364fb9f14a97437eb079e0778f724f3817faa7d23de316b2eca11bdae1e343,1,30,144,3,0,4,0,65535,0,184,0,0,0,64,0,0,0,128,332,8,0,0,224,815,267,2,30,2100736,3067904,1536,5312,4096,2105344,4194304,4096,512,4,0,1,0,4,0,3092480,1024,3129556,2,320,2097152,4096,1048576,4096,0,0,3076096,7012,0,0,0,0,0,0,0,0,0,0,0,0,3088388,24,0,0,0,0,3077284,908,0,0,0,0
22113,32304c278117353bd112132323055e113b62182d1efcc83abec1e736cf8da9e1,1,30,144,3,0,4,0,65535,0,184,0,0,0,64,0,0,0,128,332,9,0,0,224,814,267,2,35,2028544,3076608,1024,5312,4096,2035712,4194304,4096,512,4,0,1,0,4,0,3104768,1024,3142838,3,320,2097152,4096,1048576,4096,0,0,3010560,6948,0,0,0,0,0,0,3026944,74616,0,0,0,0,2926180,24,0,0,0,0,3011756,896,0,0,0,0
22114,3850817e83a1cf4195920110bb2995a0386fdaeacbf81e13f52bdb3d124911f5,1,30,144,3,0,4,0,65535,0,184,0,0,0,64,0,0,0,128,332,8,0,0,224,815,267,2,30,2023424,2994688,1536,5312,4096,2027520,4194304,4096,512,4,0,1,0,4,0,3018752,1024,3051572,2,320,2097152,4096,1048576,4096,0,0,3002368,7056,0,0,0,0,0,0,0,0,0,0,0,0,3014660,24,0,0,0,0,3003580,912,0,0,0,0
22115,3a96c3075b8494fe6a76c6325946ab3f200e75ce26ad886446ea1394b5ac6ba1,1,30,144,3,0,4,0,65535,0,184,0,0,0,64,0,0,0,128,332,9,0,0,224,814,267,2,35,2028544,3076608,1024,5312,4096,2035712,4194304,4096,512,4,0,1,0,4,0,3104768,1024,3117266,3,320,2097152,4096,1048576,4096,0,0,3010560,6948,0,0,0,0,0,0,3026944,74660,0,0,0,0,2926228,24,0,0,0,0,3011756,896,0,0,0,0
22116,3b18241ac1018db1c2fb5c9e8306490bcafb373c852f1c5ebae65c672632a620,1,30,144,3,0,4,0,65535,0,184,0,0,0,64,0,0,0,128,332,8,0,0,224,815,267,2,30,2023936,2995200,1536,5312,4096,2031616,4194304,4096,512,4,0,1,0,4,0,3022848,1024,3048229,2,320,2097152,4096,1048576,4096,0,0,3006464,7056,0,0,0,0,0,0,0,0,0,0,0,0,3018756,24,0,0,0,0,3007676,912,0,0,0,0
22117,3c8ad2dae0b1bb536925b4e8d5a87e77c6134371eada2c7628358d6c6d3083dc,1,30,144,3,0,4,0,65535,0,184,0,0,0,64,0,0,0,128,332,8,0,0,224,815,267,2,30,2110464,3080192,1536,5312,4096,2117632,4194304,4096,512,4,0,1,0,4,0,3104768,1024,3110741,2,320,2097152,4096,1048576,4096,0,0,3088384,7012,0,0,0,0,0,0,0,0,0,0,0,0,3100676,24,0,0,0,0,3089572,908,0,0,0,0
22118,3de2a56cc13e85bc214d583dbd101857a129b796dae0c499fb5045a1508231ef,1,30,144,3,0,4,0,65535,0,184,0,0,0,64,0,0,0,128,332,9,0,0,224,814,267,2,35,2056704,3108864,1024,5296,4096,2064384,4194304,4096,512,4,0,1,0,4,0,3141632,1024,3147525,2,320,2097152,4096,1048576,4096,0,0,3047424,7120,0,0,0,0,0,0,3063808,75480,0,0,0,0,2957004,24,0,0,0,0,3048640,916,0,0,0,0
22119,3ed830b0803b63aca0a82661475c863801afd2e2b03c2675b05019d55f25a1f4,1,30,144,3,0,4,0,65535,0,184,0,0,0,64,0,0,0,128,332,8,0,0,224,815,267,2,30,2023936,2995200,1536,5312,4096,2031616,4194304,4096,512,4,0,1,0,4,0,3022848,1024,3048229,2,320,2097152,4096,1048576,4096,0,0,3006464,7056,0,0,0,0,0,0,0,0,0,0,0,0,3018756,24,0,0,0,0,3007676,912,0,0,0,0
22120,4fea41b61b2bd700fc6613c18c05aeb4df37bcbe777868081b0ed1076ee7aacb,1,30,144,3,0,4,0,65535,0,184,0,0,0,64,0,0,0,128,332,9,0,0,224,814,267,2,35,2057728,3109888,1024,5296,4096,2064384,4194304,4096,512,4,0,1,0,4,0,3141632,1024,3168095,2,320,2097152,4096,1048576,4096,0,0,3047424,7120,0,0,0,0,0,0,3063808,75540,0,0,0,0,2956940,24,0,0,0,0,3048640,916,0,0,0,0
22121,59868f4b346bd401e067380cac69080709c86e06fae219bfb5bc17605a71ab3f,1,30,144,3,0,4,0,65535,0,184,0,0,0,64,0,0,0,128,332,8,0,0,224,815,267,2,30,2100736,3067904,1536,5312,4096,2105344,4194304,4096,512,4,0,1,0,4,0,3092480,1024,3129556,2,320,2097152,4096,1048576,4096,0,0,3076096,7012,0,0,0,0,0,0,0,0,0,0,0,0,3088388,24,0,0,0,0,3077284,908,0,0,0,0
22122,5a604a8f0e72f3bf7901b7b67f881031a402ab8072269c00233a554df548f54d,1,30,144,3,0,4,0,65535,0,184,0,0,0,64,0,0,0,128,332,8,0,0,224,815,267,2,30,2110464,3080192,1536,5312,4096,2117632,4194304,4096,512,4,0,1,0,4,0,3104768,1024,3096723,2,320,2097152,4096,1048576,4096,0,0,3088384,7012,0,0,0,0,0,0,0,0,0,0,0,0,3100676,24,0,0,0,0,3089572,908,0,0,0,0
22123,655abd0b5067ec53b25ea387c9aebe0fbafd5209e53bc7447c7d7425cb76b175,1,30,144,3,0,4,0,65535,0,184,0,0,0,64,0,0,0,128,332,8,0,0,224,815,267,2,30,2100736,3067904,1536,5312,4096,2105344,4194304,4096,512,4,0,1,0,4,0,3092480,1024,3129556,2,256,2097152,4096,1048576,4096,0,0,3076096,7012,0,0,0,0,0,0,0,0,0,0,0,0,3088388,24,0,0,0,0,3077284,908,0,0,0,0
22124,6660d0e87a142ab1bde4521d9c6f5e148490b05a57c71122e28280b35452e896,1,30,144,3,0,4,0,65535,0,184,0,0,0,64,0,0,0,128,332,8,0,0,224,815,267,2,30,2022400,2993664,1536,5312,4096,2027520,4194304,4096,512,4,0,1,0,4,0,3018752,1024,3008739,2,320,2097152,4096,1048576,4096,0,0,3002368,7056,0,0,0,0,0,0,0,0,0,0,0,0,3014660,24,0,0,0,0,3003580,912,0,0,0,0
22125,67d1f4077e929385cfd869bf279892bf10a2c8f0af4119e4bc15a2add9461fec,1,30,144,3,0,4,0,65535,0,184,0,0,0,64,0,0,0,128,332,8,0,0,224,815,267,2,30,2110464,3080192,1536,5312,4096,2117632,4194304,4096,512,4,0,1,0,4,0,3104768,1024,3110741,2,320,2097152,4096,1048576,4096,0,0,3088384,7012,0,0,0,0,0,0,0,0,0,0,0,0,3100676,24,0,0,0,0,3089572,908,0,0,0,0
22126,6dd995d896a9a593b2c48d09da60bd83866d8577273f36d38788d83ad8173e68,1,30,144,3,0,4,0,65535,0,184,0,0,0,64,0,0,0,128,332,9,0,0,224,814,267,2,35,2028544,3076608,1024,5312,4096,2035712,4194304,4096,512,4,0,1,0,4,0,3104768,1024,3124599,3,320,2097152,4096,1048576,4096,0,0,3010560,6948,0,0,0,0,0,0,3026944,74660,0,0,0,0,2926228,24,0,0,0,0,3011756,896,0,0,0,0
22127,731adcf2d7fb61a8335e23dbee2436249e5d5753977ec465754c6b699e9bf161,1,30,144,3,0,4,0,65535,0,184,0,0,0,64,0,0,0,128,332,8,0,0,224,815,267,2,30,2100736,3067904,1536,5312,4096,2105344,4194304,4096,512,4,0,1,0,4,0,3092480,1024,3129556,2,320,2097152,4096,1048576,4096,0,0,3076096,7012,0,0,0,0,0,0,0,0,0,0,0,0,3088388,24,0,0,0,0,3077284,908,0,0,0,0
22128,74abc075fc1d5c8985c952afc25a48ba874e76f96af4dc33414e84db9e10b9ee,1,30,144,3,0,4,0,65535,0,184,0,0,0,64,0,0,0,128,332,9,0,0,224,814,267,2,38,2097152,3157504,1024,5296,4096,2101248,4194304,4096,512,4,0,1,0,4,0,3178496,1024,3165357,2,320,2097152,4096,1048576,4096,0,0,3084288,7676,0,0,0,0,0,0,3100672,77616,0,0,0,0,2996020,24,0,0,0,0,3085572,984,0,0,0,0
22129,79802d6a6be8433720857d2b53b46f8011ec734a237aae1c3c1fea50ff683c13,1,30,144,3,0,4,0,65535,0,184,0,0,0,64,0,0,0,128,332,8,0,0,224,815,267,2,30,2110464,3080192,1536,5312,4096,2117632,4194304,4096,512,4,0,1,0,4,0,3104768,1024,3110417,2,320,2097152,4096,1048576,4096,0,0,3088384,7012,0,0,0,0,0,0,0,0,0,0,0,0,3100676,24,0,0,0,0,3089572,908,0,0,0,0
22130,7b2449bb8be1b37a9d580c2592a67a759a3116fe640041d0f36dc93ca3db4487,1,30,144,3,0,4,0,65535,0,184,0,0,0,64,0,0,0,128,332,8,0,0,224,815,267,2,30,2108928,3076096,1536,5312,4096,2113536,4194304,4096,512,4,0,1,0,4,0,3100672,1024,3123784,2,320,2097152,4096,1048576,4096,0,0,3084288,7012,0,0,0,0,0,0,0,0,0,0,0,0,3096580,24,0,0,0,0,3085476,908,0,0,0,0
22131,7bb383b31d1b415bc067e612203cc6bda53e914f7ca5291299e92f59d47cabf8,1,30,144,3,0,4,0,65535,0,184,0,0,0,64,0,0,0,128,332,8,0,0,224,815,267,2,30,2104832,3072512,1536,5312,4096,2109440,4194304,4096,512,4,0,1,0,4,0,3096576,1024,3122288,2,320,2097152,4096,1048576,4096,0,0,3080192,7012,0,0,0,0,0,0,0,0,0,0,0,0,3092484,24,0,0,0,0,3081380,908,0,0,0,0
22132,82479ba19531a5b3f108f21f939190de2073395a708bb4446d6acc398518b802,1,30,144,3,0,4,0,65535,0,184,0,0,0,64,0,0,0,128,332,9,0,0,224,814,267,2,35,2028544,3076608,1024,5312,4096,2035712,4194304,4096,512,4,0,1,0,4,0,3104768,1024,3084334,3,320,2097152,4096,1048576,4096,0,0,3010560,6948,0,0,0,0,0,0,3026944,74616,0,0,0,0,2926180,24,0,0,0,0,3011756,896,0,0,0,0
22133,87a14583b72250a660b74f1e475a268f95285820d72fbd5115f1b8c6ec787a9a,1,30,144,3,0,4,0,65535,0,184,0,0,0,64,0,0,0,128,332,9,0,0,224,814,267,2,35,2028544,3076608,1024,5312,4096,2035712,4194304,4096,512,4,0,1,0,4,0,3104768,1024,3086094,3,320,2097152,4096,1048576,4096,0,0,3010560,6948,0,0,0,0,0,0,3026944,74616,0,0,0,0,2926180,24,0,0,0,0,3011756,896,0,0,0,0
22134,8a22a91c931ac80ca91cf91fef678c4bee00e3eb5ad24f209bc8595e012ba5b0,1,30,144,3,0,4,0,65535,0,184,0,0,0,64,0,0,0,128,332,9,0,0,224,814,267,2,35,2028544,3076608,1024,5312,4096,2035712,4194304,4096,512,4,0,1,0,4,0,3104768,1024,3142838,3,320,2097152,4096,1048576,4096,0,0,3010560,6948,0,0,0,0,0,0,3026944,74616,0,0,0,0,2926180,24,0,0,0,0,3011756,896,0,0,0,0
22135,942946c6ae139b1f1efc91262f91034542eb75b80c3c66c10d69dda014d706d6,1,30,144,3,0,4,0,65535,0,184,0,0,0,64,0,0,0,128,332,9,0,0,224,814,267,2,35,2068480,3122176,1024,5296,4096,2072576,4194304,4096,512,4,0,1,0,4,0,3149824,1024,3151322,2,320,2097152,4096,1048576,4096,0,0,3055616,7120,0,0,0,0,0,0,3072000,75932,0,0,0,0,2966396,24,0,0,0,0,3056832,916,0,0,0,0
22136,94e56379b7a31b01cf826076a74fc4ddb7f86f7991a6f58300f28712d484aa33,1,30,144,3,0,4,0,65535,0,184,0,0,0,64,0,0,0,128,332,9,0,0,224,814,267,2,35,2028544,3076608,1024,5312,4096,2035712,4194304,4096,512,4,0,1,0,4,0,3104768,1024,3114244,3,320,2097152,4096,1048576,4096,0,0,3010560,6948,0,0,0,0,0,0,3026944,74616,0,0,0,0,2926180,24,0,0,0,0,3011756,896,0,0,0,0
22137,99d09068ac1b9d6db4f8bcff698ffff8e112a506c0f01afff460c5a3b1393ef8,1,30,144,3,0,4,0,65535,0,184,0,0,0,64,0,0,0,128,332,9,0,0,224,814,267,2,35,2028544,3076608,1024,5312,4096,2035712,4194304,4096,512,4,0,1,0,4,0,3104768,1024,3135452,3,320,2097152,4096,1048576,4096,0,0,3010560,6948,0,0,0,0,0,0,3026944,74616,0,0,0,0,2926180,24,0,0,0,0,3011756,896,0,0,0,0
22138,9f6876762614e407d0ee6005f165dd4bbd12cb21986abc4a3a5c7dc6271fcdc3,1,30,144,3,0,4,0,65535,0,184,0,0,0,64,0,0,0,128,332,8,0,0,224,815,267,2,30,2104832,3072512,1536,5312,4096,2109440,4194304,4096,512,4,0,1,0,4,0,3096576,1024,3114978,2,320,2097152,4096,1048576,4096,0,0,3080192,7012,0,0,0,0,0,0,0,0,0,0,0,0,3092484,24,0,0,0,0,3081380,908,0,0,0,0
22139,9fb1067dd3edf3d517517e9c191f3f07067bf30aa034a36ebf6543d83cea5ec1,1,30,144,3,0,4,0,65535,0,184,0,0,0,64,0,0,0,128,332,8,0,0,224,815,267,2,30,2022400,2993664,1536,5312,4096,2027520,4194304,4096,512,4,0,1,0,4,0,3018752,1024,3008739,2,320,2097152,4096,1048576,4096,0,0,3002368,7056,0,0,0,0,0,0,0,0,0,0,0,0,3014660,24,0,0,0,0,3003580,912,0,0,0,0
22140,a15f278540238f0308608e76a76c01c60e04f5e5bbe9ffce5455f2e965574a12,1,30,144,3,0,4,0,65535,0,184,0,0,0,64,0,0,0,128,332,8,0,0,224,815,267,2,30,2023936,2995200,1536,5312,4096,2031616,4194304,4096,512,4,0,1,0,4,0,3022848,1024,3048229,2,320,2097152,4096,1048576,4096,0,0,3006464,7056,0,0,0,0,0,0,0,0,0,0,0,0,3018756,24,0,0,0,0,3007676,912,0,0,0,0
22141,acf8884a4bfb9ebfe99ed607c4f1cf625cd705ac4317c092ef6dcca3d47027aa,1,30,144,3,0,4,0,65535,0,184,0,0,0,64,0,0,0,128,332,9,0,0,224,814,267,2,35,2028544,3076608,1024,5312,4096,2035712,4194304,4096,512,4,0,1,0,4,0,3104768,1024,3135452,3,320,2097152,4096,1048576,4096,0,0,3010560,6948,0,0,0,0,0,0,3026944,74616,0,0,0,0,2926180,24,0,0,0,0,3011756,896,0,0,0,0
22142,bacedbb23254934b736a9daf6de52620c9250a49686d519ceaf0a8d25da0a97f,1,30,144,3,0,4,0,65535,0,184,0,0,0,64,0,0,0,128,332,8,0,0,224,815,267,2,30,2110464,3080192,1536,5312,4096,2117632,4194304,4096,512,4,0,1,0,4,0,3104768,1024,3110741,2,320,2097152,4096,1048576,4096,0,0,3088384,7012,0,0,0,0,0,0,0,0,0,0,0,0,3100676,24,0,0,0,0,3089572,908,0,0,0,0
22143,bb6b249336cd7001b1c55d3724b5e35a150e752ed795c36e0d5dcba00eedb62a,1,30,144,3,0,4,0,65535,0,184,0,0,0,64,0,0,0,128,332,9,0,0,224,814,267,2,35,2028544,3076608,1024,5312,4096,2035712,4194304,4096,512,4,0,1,0,4,0,3104768,1024,3134428,3,320,2097152,4096,1048576,4096,0,0,3010560,6948,0,0,0,0,0,0,3026944,74616,0,0,0,0,2926180,24,0,0,0,0,3011756,896,0,0,0,0
22144,bd337d4e83ab1c2cacb43e4569f977d188f1bb7c7a077026304bf186d49d4117,1,30,144,3,0,4,0,65535,0,184,0,0,0,64,0,0,0,128,332,8,0,0,224,815,267,2,30,2104832,3072512,1536,5312,4096,2109440,4194304,4096,512,4,0,1,0,4,0,3096576,1024,3122288,2,320,2097152,4096,1048576,4096,0,0,3080192,7012,0,0,0,0,0,0,0,0,0,0,0,0,3092484,24,0,0,0,0,3081380,908,0,0,0,0
22145,bd4e603e953d8c7803f3c7d72cd7197d996ab80ce80b9da96a4df7d10969bb55,1,30,144,3,0,4,0,65535,0,184,0,0,0,64,0,0,0,128,332,9,0,0,224,814,267,2,35,2028544,3076608,1024,5312,4096,2035712,4194304,4096,512,4,0,1,0,4,0,3104768,1024,3105154,3,320,2097152,4096,1048576,4096,0,0,3010560,6948,0,0,0,0,0,0,3026944,74616,0,0,0,0,2926180,24,0,0,0,0,3011756,896,0,0,0,0
22146,c124dc2c4f82b3258f1538656de8cbd2c5133137cad2d6c7b874de8232763d95,1,30,144,3,0,4,0,65535,0,184,0,0,0,64,0,0,0,128,332,8,0,0,224,815,267,2,30,2022400,2993664,1536,5312,4096,2027520,4194304,4096,512,4,0,1,0,4,0,3018752,1024,3008739,2,320,2097152,4096,1048576,4096,0,0,3002368,7056,0,0,0,0,0,0,0,0,0,0,0,0,3014660,24,0,0,0,0,3003580,912,0,0,0,0
22147,c50bca08a8e80850ec18d258ff937b7b72a500d9027c730c86b05aa73c938b5d,1,30,144,3,0,4,0,65535,0,184,0,0,0,64,0,0,0,128,332,8,0,0,224,815,267,2,30,2023936,2995200,1536,5312,4096,2031616,4194304,4096,512,4,0,1,0,4,0,3022848,1024,3048229,2,320,2097152,4096,1048576,4096,0,0,3006464,7056,0,0,0,0,0,0,0,0,0,0,0,0,3018756,24,0,0,0,0,3007676,912,0,0,0,0
22148,cefea76dfdbb48cfe1a3db2c8df34e898e29bec9b2c13e79ef40655c637833ae,1,30,144,3,0,4,0,65535,0,184,0,0,0,64,0,0,0,128,332,8,0,0,224,815,267,2,30,1637376,2280448,1536,5312,4096,1642496,4194304,4096,512,4,0,1,0,4,0,2306048,1024,2337681,2,320,2097152,4096,1048576,4096,0,0,2289664,6100,0,0,0,0,0,0,0,0,0,0,0,0,2301956,24,0,0,0,0,2290676,792,0,0,0,0
22149,d0e0923cf7f97c86b6cde608bc7a0332d03881e598de7b8e41c114d1576e4534,1,30,144,3,0,4,0,65535,0,184,0,0,0,64,0,0,0,128,332,8,0,0,224,815,267,2,30,2022400,2993664,1536,5312,4096,2027520,4194304,4096,512,4,0,1,0,4,0,3018752,1024,3008739,2,320,2097152,4096,1048576,4096,0,0,3002368,7056,0,0,0,0,0,0,0,0,0,0,0,0,3014660,24,0,0,0,0,3003580,912,0,0,0,0
22150,d3fd49f8f42fa571209af568a65119433e114bb66da21eda12b96a16b5ebfe21,1,30,144,3,0,4,0,65535,0,184,0,0,0,64,0,0,0,128,332,8,0,0,224,815,267,2,30,2100736,3067904,1536,5312,4096,2105344,4194304,4096,512,4,0,1,0,4,0,3092480,1024,3129556,2,320,2097152,4096,1048576,4096,0,0,3076096,7012,0,0,0,0,0,0,0,0,0,0,0,0,3088388,24,0,0,0,0,3077284,908,0,0,0,0
22151,d767524e1bbb8d50129485ffa667eb1d379c745c30d4588672636998c20f857f,1,30,144,3,0,4,0,65535,0,184,0,0,0,64,0,0,0,128,332,8,0,0,224,815,267,2,30,2109952,3079680,1536,5312,4096,2117632,4194304,4096,512,4,0,1,0,4,0,3104768,1024,3140879,2,320,2097152,4096,1048576,4096,0,0,3088384,7012,0,0,0,0,0,0,0,0,0,0,0,0,3100676,24,0,0,0,0,3089572,908,0,0,0,0
22152,e55cc3426298f9f848849304d10b9222925eb19caebaebaa44dfb85ad2346062,1,30,144,3,0,4,0,65535,0,184,0,0,0,64,0,0,0,128,332,9,0,0,224,814,267,2,35,2028032,3076096,1024,5312,4096,2035712,4194304,4096,512,4,0,1,0,4,0,3104768,1024,3132197,3,320,2097152,4096,1048576,4096,0,0,3010560,6948,0,0,0,0,0,0,3026944,74544,0,0,0,0,2926164,24,0,0,0,0,3011756,896,0,0,0,0
22153,e88795f5be1970400521e0041c4603c62ff681f24ac75f926d524d092eecb6ee,1,30,144,3,0,4,0,65535,0,184,0,0,0,64,0,0,0,128,332,9,0,0,224,814,267,2,35,2028544,3076608,1024,5312,4096,2035712,4194304,4096,512,4,0,1,0,4,0,3104768,1024,3085900,3,320,2097152,4096,1048576,4096,0,0,3010560,6948,0,0,0,0,0,0,3026944,74660,0,0,0,0,2926228,24,0,0,0,0,3011756,896,0,0,0,0
22154,f2b3f1ed693021b20f456a058b86b08abfc4876c7a3ae18aea6e95567fd55b2e,1,30,144,3,0,4,0,65535,0,184,0,0,0,64,0,0,0,128,332,8,0,0,224,815,267,2,30,2019328,2990592,1536,5312,4096,2023424,4194304,4096,512,4,0,1,0,4,0,3014656,1024,3015117,2,320,2097152,4096,1048576,4096,0,0,2998272,7056,0,0,0,0,0,0,0,0,0,0,0,0,3010564,24,0,0,0,0,2999484,912,0,0,0,0
22155,f837f1cd60e9941aa60f7be50a8f2aaaac380f560db8ee001408f35c1b7a97cb,1,30,144,3,0,4,0,65535,0,184,0,0,0,64,0,0,0,128,332,8,0,0,224,815,267,2,30,2100736,3067904,1536,5312,4096,2105344,4194304,4096,512,4,0,1,0,4,0,3092480,1024,3129556,2,320,2097152,4096,1048576,4096,0,0,3076096,7012,0,0,0,0,0,0,0,0,0,0,0,0,3088388,24,0,0,0,0,3077284,908,0,0,0,0
22156,06ad123df8f3fcc6ca4785c0b52fc57e6e54f44e403fca2fdbd339580d3c53b0,1,31,144,3,0,4,0,65535,0,184,0,0,0,64,0,0,0,200,332,3,0,0,224,258,267,214,129,68096,7168,0,60176,4096,73728,4194304,4096,512,5,1,39304,17263,5,1,86016,1024,1158276324,2,34112,1048576,4096,1048576,4096,0,0,0,0,0,0,0,0,0,0,81920,788,5952,56,0,0,0,0,0,0,0,0,0,0,0,0,0,0
22157,11ae63b3a7caac549374aaa3c7fea9cba7f23ae83118745fee0a4157f61156f2,1,31,144,3,0,4,0,65535,0,184,0,0,0,64,0,0,0,200,332,3,0,0,224,258,267,94,80,67584,7168,0,59520,4096,73728,4194304,4096,512,5,1,48623,16013,5,1,86016,1024,2077207944,2,34112,1048576,4096,1048576,4096,0,0,0,0,0,0,0,0,0,0,81920,792,5952,56,0,0,0,0,0,0,0,0,0,0,0,0,0,0
22158,11e409f8b0799cd64c53d40ff10cbc639a1f85cd5ba6544fe42689a96302cc2e,1,31,144,3,0,4,0,65535,0,184,0,0,0,64,0,0,0,216,332,3,0,0,224,258,267,180,3,73216,6144,0,61344,4096,77824,4194304,4096,512,5,1,8687,12502,5,1,90112,1024,36180471,2,34112,1048576,4096,1048576,4096,0,0,0,0,0,0,0,0,0,0,86016,772,5984,56,0,0,0,0,0,0,0,0,0,0,0,0,0,0
22159,18329783ad51783d679aec6111ca171eb1176f8fa866949a5267009c14605aa6,1,31,144,3,0,4,0,65535,0,184,0,0,0,64,0,0,0,200,332,3,0,0,224,258,267,94,80,67584,7168,0,59520,4096,73728,4194304,4096,512,5,1,48623,16013,5,1,86016,1024,2077207944,2,34112,1048576,4096,1048576,4096,0,0,0,0,0,0,0,0,0,0,81920,792,5952,56,0,0,0,0,0,0,0,0,0,0,0,0,0,0
22160,1b44b3e401f26547ee820bc0fe90904c55ec59d74e4385fe5bdd1826738fa9e6,1,31,144,3,0,4,0,65535,0,184,0,0,0,64,0,0,0,216,332,3,0,0,224,258,267,180,3,73216,6144,0,61344,4096,77824,4194304,4096,512,5,1,8687,12502,5,1,90112,1024,36180471,2,34112,1048576,4096,1048576,4096,0,0,0,0,0,0,0,0,0,0,86016,772,5984,56,0,0,0,0,0,0,0,0,0,0,0,0,0,0
22161,2176a3cdf5db56f5dcab475f362d459d4b2b3dafc3c146caaf3100009d0c8a5f,1,31,144,3,0,4,0,65535,0,184,0,0,0,64,0,0,0,200,332,3,0,0,224,258,267,94,80,67584,7168,0,59520,4096,73728,4194304,4096,512,5,1,48623,16013,5,1,86016,1024,2077207944,2,34112,1048576,4096,1048576,4096,0,0,0,0,0,0,0,0,0,0,81920,792,5952,56,0,0,0,0,0,0,0,0,0,0,0,0,0,0
22162,2280898cb29faf1785e782596d8029cb471537ec38352e5c17cc263f1f52b8ef,1,31,144,3,0,4,0,65535,0,184,0,0,0,64,0,0,0,200,332,3,0,0,224,258,267,94,80,67584,7168,0,59520,4096,73728,4194304,4096,512,5,1,48623,16013,5,1,86016,1024,2077207944,2,34112,1048576,4096,1048576,4096,0,0,0,0,0,0,0,0,0,0,81920,792,5952,56,0,0,0,0,0,0,0,0,0,0,0,0,0,0
22163,22a020af0e4be83dea45c0700d065d9ae64630748c02b58397f6c6d91c3efb0d,1,31,144,3,0,4,0,65535,0,184,0,0,0,64,0,0,0,216,332,3,0,0,224,258,267,180,3,73216,6144,0,61344,4096,77824,4194304,4096,512,5,1,8687,12502,5,1,90112,1024,36180471,2,34112,1048576,4096,1048576,4096,0,0,0,0,0,0,0,0,0,0,86016,772,5984,56,0,0,0,0,0,0,0,0,0,0,0,0,0,0
22164,2ee6dfbfb2afd7442c9f2212eb142876698851c3ffb552ee420c0281e35a836e,1,31,144,3,0,4,0,65535,0,184,0,0,0,64,0,0,0,200,332,3,0,0,224,258,267,94,80,67584,7168,0,59520,4096,73728,4194304,4096,512,5,1,48623,16013,5,1,86016,1024,2077207944,2,34112,1048576,4096,1048576,4096,0,0,0,0,0,0,0,0,0,0,81920,792,5952,56,0,0,0,0,0,0,0,0,0,0,0,0,0,0
22165,311dc38f619f40f06bee5157119ab4b93684924f53e4ff2da34412f9dac111a4,1,31,144,3,0,4,0,65535,0,184,0,0,0,64,0,0,0,200,332,3,0,0,224,258,267,94,80,67584,7168,0,59520,4096,73728,4194304,4096,512,5,1,48623,16013,5,1,86016,1024,2077207944,2,34048,1048576,4096,1048576,4096,0,0,0,0,0,0,0,0,0,0,81920,792,5952,56,0,0,0,0,0,0,0,0,0,0,0,0,0,0
22166,376fdb43699c90fd6cca2706c14827791137b3a753c7368a202de63f588fdb2f,1,31,144,3,0,4,0,65535,0,184,0,0,0,64,0,0,0,200,332,3,0,0,224,258,267,94,80,67584,7168,0,59520,4096,73728,4194304,4096,512,5,1,48623,16013,5,1,86016,1024,2077207944,2,34112,1048576,4096,1048576,4096,0,0,0,0,0,0,0,0,0,0,81920,792,5952,56,0,0,0,0,0,0,0,0,0,0,0,0,0,0
22167,38478119e3344e735cf60442e7528db63046a543a5f422db8f946b2c2693d19a,1,31,144,3,0,4,0,65535,0,184,0,0,0,64,0,0,0,216,332,3,0,0,224,258,267,180,3,73216,6144,0,61344,4096,77824,4194304,4096,512,5,1,8687,12502,5,1,90112,1024,36180471,2,34112,1048576,4096,1048576,4096,0,0,0,0,0,0,0,0,0,0,86016,772,5984,56,0,0,0,0,0,0,0,0,0,0,0,0,0,0
22168,3e035f2d7d30869ce53171ef5a0f761bfb9c14d94d9fe6da385e20b8d96dc2fb,1,31,144,3,0,4,0,65535,0,184,0,0,0,64,0,0,0,200,332,3,0,0,224,258,267,94,80,67584,7168,0,59520,4096,73728,4194304,4096,512,5,1,48623,16013,5,1,86016,1024,2077207944,2,34112,1048576,4096,1048576,4096,0,0,0,0,0,0,0,0,0,0,81920,792,5952,56,0,0,0,0,0,0,0,0,0,0,0,0,0,0
22169,47971a5a44f487f341d482fdcb91271a2aea4d3eee7191c69568690d2fe9f251,1,31,144,3,0,4,0,65535,0,184,0,0,0,64,0,0,0,216,332,3,0,0,224,258,267,251,78,71680,7168,0,60544,4096,77824,4194304,4096,512,5,1,16273,58982,5,1,90112,1024,1945015490,2,34112,1048576,4096,1048576,4096,0,0,0,0,0,0,0,0,0,0,86016,760,5968,56,0,0,0,0,0,0,0,0,0,0,0,0,0,0
22170,4c752131e47710d47dd0084a22ac03cd5924eb617e97cf895159ae03d86f561e,1,31,144,3,0,4,0,65535,0,184,0,0,0,64,0,0,0,200,332,3,0,0,224,258,267,94,80,67584,7168,0,59520,4096,73728,4194304,4096,512,5,1,48623,16013,5,1,86016,1024,2077207944,2,34112,1048576,4096,1048576,4096,0,0,0,0,0,0,0,0,0,0,81920,792,5952,56,0,0,0,0,0,0,0,0,0,0,0,0,0,0
22171,4fd0c22d92f8bf7a062497867a802bdbab4c802ac10c8b529fe7f896e7517492,1,31,144,3,0,4,0,65535,0,184,0,0,0,64,0,0,0,216,332,3,0,0,224,258,267,180,3,73216,6144,0,61344,4096,77824,4194304,4096,512,5,1,8687,12502,5,1,90112,1024,36180471,2,34112,1048576,4096,1048576,4096,0,0,0,0,0,0,0,0,0,0,86016,772,5984,56,0,0,0,0,0,0,0,0,0,0,0,0,0,0
22172,6e1057e52d296655f932b8a9da7302b31379ce5b9ba4cc32ed3af4c15c7adcf0,1,31,144,3,0,4,0,65535,0,184,0,0,0,64,0,0,0,200,332,3,0,0,224,258,267,94,80,67584,7168,0,59520,4096,73728,4194304,4096,512,5,1,48623,16013,5,1,86016,1024,2077207944,2,34112,1048576,4096,1048576,4096,0,0,0,0,0,0,0,0,0,0,81920,792,5952,56,0,0,0,0,0,0,0,0,0,0,0,0,0,0
22173,840af927adbfdeb7070e1cf73ed195cf48c8d5f35b6de12f58b73898d7056d3d,1,31,144,3,0,4,0,65535,0,184,0,0,0,64,0,0,0,200,332,3,0,0,224,258,267,94,80,67584,7168,0,59520,4096,73728,4194304,4096,512,5,1,48623,16013,5,1,86016,1024,2077207944,2,34112,1048576,4096,1048576,4096,0,0,0,0,0,0,0,0,0,0,81920,792,5952,56,0,0,0,0,0,0,0,0,0,0,0,0,0,0
22174,8dfd7ee796dd98daefbc1458a34f0460ebd8508df319d44ab48f4cbc579a7f09,1,31,144,3,0,4,0,65535,0,184,0,0,0,64,0,0,0,200,332,3,0,0,224,258,267,94,80,67584,7168,0,59520,4096,73728,4194304,4096,512,5,1,48623,16013,5,1,86016,1024,2077207944,2,34112,1048576,4096,1048576,4096,0,0,0,0,0,0,0,0,0,0,81920,792,5952,56,0,0,0,0,0,0,0,0,0,0,0,0,0,0
22175,905de085d2a9ebf553e3325eb9c878b9855f85c10f77e80c46519056658d6bab,1,31,144,3,0,4,0,65535,0,184,0,0,0,64,0,0,0,200,332,3,0,0,224,258,267,94,80,67584,7168,0,59520,4096,73728,4194304,4096,512,5,1,48623,16013,5,1,86016,1024,2077207944,2,34112,1048576,4096,1048576,4096,0,0,0,0,0,0,0,0,0,0,81920,792,5952,56,0,0,0,0,0,0,0,0,0,0,0,0,0,0
22176,91795d3e8925e647444eb383e52cdc5046db10fa320afc817fab29b085e7d76f,1,31,144,3,0,4,0,65535,0,184,0,0,0,64,0,0,0,200,332,3,0,0,224,258,267,214,129,68096,7168,0,60176,4096,73728,4194304,4096,512,5,1,39304,17263,5,1,86016,1024,1158276324,2,34112,1048576,4096,1048576,4096,0,0,0,0,0,0,0,0,0,0,81920,788,5952,56,0,0,0,0,0,0,0,0,0,0,0,0,0,0
22177,94733075d7ccdc9d770f71200e11f84c00b8a529182b504fb997e9b331470f9a,1,31,144,3,0,4,0,65535,0,184,0,0,0,64,0,0,0,200,332,3,0,0,224,258,267,94,80,67584,7168,0,59520,4096,73728,4194304,4096,512,5,1,48623,16013,5,1,86016,1024,2077207944,2,34112,1048576,4096,1048576,4096,0,0,0,0,0,0,0,0,0,0,81920,792,5952,56,0,0,0,0,0,0,0,0,0,0,0,0,0,0
22178,99828018b3af892707985f6a3f8c3d34ae1d1575fdefd7a05f1e6861181ec1b2,1,31,144,3,0,4,0,65535,0,184,0,0,0,64,0,0,0,200,332,3,0,0,224,258,267,94,80,67584,7168,0,59520,4096,73728,4194304,4096,512,5,1,48623,16013,5,1,86016,1024,2077207944,2,34112,1048576,4096,1048576,4096,0,0,0,0,0,0,0,0,0,0,81920,792,5952,56,0,0,0,0,0,0,0,0,0,0,0,0,0,0
22179,9e302bb7d1031c0b2a4ad6ec955e7d2c0ab9c0d18d56132029c4c6198b91384f,1,31,144,3,0,4,0,65535,0,184,0,0,0,64,0,0,0,200,332,3,0,0,224,258,267,94,80,67584,7168,0,59520,4096,73728,4194304,4096,512,5,1,48623,16013,5,1,86016,1024,2077207944,2,34112,1048576,4096,1048576,4096,0,0,0,0,0,0,0,0,0,0,81920,792,5952,56,0,0,0,0,0,0,0,0,0,0,0,0,0,0
22180,afccc93c4122d7e63543fc342a4ba9319c4969797c0c3ed32b944b07c83aea16,1,31,144,3,0,4,0,65535,0,184,0,0,0,64,0,0,0,200,332,3,0,0,224,258,267,94,80,67584,7168,0,59520,4096,73728,4194304,4096,512,5,1,48623,16013,5,1,86016,1024,2077207944,2,34112,1048576,4096,1048576,4096,0,0,0,0,0,0,0,0,0,0,81920,792,5952,56,0,0,0,0,0,0,0,0,0,0,0,0,0,0
22181,b39fcf37d9019cc92127ee82c03df5e37aa8238cd76cc6eca2e3d1e7e977fc26,1,31,144,3,0,4,0,65535,0,184,0,0,0,64,0,0,0,200,332,3,0,0,224,258,267,94,80,67584,7168,0,59520,4096,73728,4194304,4096,512,5,1,48623,16013,5,1,86016,1024,2077207944,2,34112,1048576,4096,1048576,4096,0,0,0,0,0,0,0,0,0,0,81920,792,5952,56,0,0,0,0,0,0,0,0,0,0,0,0,0,0
22182,b5b105751a2bf965a6b78eeff100fe4c75282ad6f37f98b9adcd15d8c64283ec,1,31,144,3,0,4,0,65535,0,184,0,0,0,64,0,0,0,200,332,3,0,0,224,258,267,94,80,67584,7168,0,59520,4096,73728,4194304,4096,512,5,1,48623,16013,5,1,86016,1024,2077207944,2,34112,1048576,4096,1048576,4096,0,0,0,0,0,0,0,0,0,0,81920,792,5952,56,0,0,0,0,0,0,0,0,0,0,0,0,0,0
22183,baaa0e49398ef681ef71e84a7a86dd2b78f36ac83785e0d9a061067ebaf8b006,1,31,144,3,0,4,0,65535,0,184,0,0,0,64,0,0,0,200,332,3,0,0,224,258,267,94,80,67584,7168,0,59520,4096,73728,4194304,4096,512,5,1,48623,16013,5,1,86016,1024,2077207944,2,34112,1048576,4096,1048576,4096,0,0,0,0,0,0,0,0,0,0,81920,792,5952,56,0,0,0,0,0,0,0,0,0,0,0,0,0,0
22184,c0514cd580275b54f5b1d69086c9f415e7afb805479bfea50251e82dc2e60e12,1,31,144,3,0,4,0,65535,0,184,0,0,0,64,0,0,0,200,332,3,0,0,224,258,267,94,80,67584,7168,0,59520,4096,73728,4194304,4096,512,5,1,48623,16013,5,1,86016,1024,2077207944,2,34112,1048576,4096,1048576,4096,0,0,0,0,0,0,0,0,0,0,81920,792,5952,56,0,0,0,0,0,0,0,0,0,0,0,0,0,0
22185,c75748dc544629a8a5d08c0d8ba7fda3508a3efdaed905ad800ffddbc8d3b8df,1,31,144,3,0,4,0,65535,0,184,0,0,0,64,0,0,0,200,332,3,0,0,224,258,267,94,80,67584,7168,0,59520,4096,73728,4194304,4096,512,5,1,48623,16013,5,1,86016,1024,2077207944,2,34112,1048576,4096,1048576,4096,0,0,0,0,0,0,0,0,0,0,81920,792,5952,56,0,0,0,0,0,0,0,0,0,0,0,0,0,0
22186,d401be3ec0699cfdc1a16a9243ebc25181385e428122b0b1a283b7a8d47dd0bc,1,31,144,3,0,4,0,65535,0,184,0,0,0,64,0,0,0,200,332,3,0,0,224,258,267,94,80,67584,7168,0,59520,4096,73728,4194304,4096,512,5,1,48623,16013,5,1,86016,1024,2077207944,2,34112,1048576,4096,1048576,4096,0,0,0,0,0,0,0,0,0,0,81920,792,5952,56,0,0,0,0,0,0,0,0,0,0,0,0,0,0
22187,d4f4069b1c40a5b27ba0bc15c09dceb7035d054a022bb5d558850edfba0b9534,1,31,144,3,0,4,0,65535,0,184,0,0,0,64,0,0,0,216,332,3,0,0,224,258,267,150,103,56832,6144,0,44320,4096,61440,4194304,4096,512,5,1,31971,48078,5,1,73728,1024,1251447666,2,34112,1048576,4096,1048576,4096,0,0,0,0,0,0,0,0,0,0,69632,864,6912,56,0,0,0,0,0,0,0,0,0,0,0,0,0,0
22188,d6386b2747335f7b0d13b1f69d995944ad8e9b71e09b036dbc0b907e583d857a,1,31,144,3,0,4,0,65535,0,184,0,0,0,64,0,0,0,200,332,3,0,0,224,258,267,94,80,67584,7168,0,59520,4096,73728,4194304,4096,512,5,1,48623,16013,5,1,86016,1024,2077207944,2,34112,1048576,4096,1048576,4096,0,0,0,0,0,0,0,0,0,0,81920,792,5952,56,0,0,0,0,0,0,0,0,0,0,0,0,0,0
22189,e75717be1633b5e3602827dc3b5788ff691dd325b0eddd2d0d9ddcee29de364f,1,31,144,3,0,4,0,65535,0,184,0,0,0,64,0,0,0,200,332,3,0,0,224,258,267,94,80,67584,7168,0,59520,4096,73728,4194304,4096,512,5,1,48623,16013,5,1,86016,1024,2077207944,2,34112,1048576,4096,1048576,4096,0,0,0,0,0,0,0,0,0,0,81920,792,5952,56,0,0,0,0,0,0,0,0,0,0,0,0,0,0
22190,00e815ade8f3ad89a7726da8edd168df13f96ccb6c3daaf995aa9428bfb9ecf1,1,32,144,3,0,4,0,65535,0,184,0,0,0,64,0,0,0,272,332,6,0,0,224,258,267,14,0,55808,46592,0,4663,4096,61440,4194304,4096,512,5,1,0,0,5,1,122880,1024,138814,2,33088,1048576,4096,1048576,4096,0,0,84228,200,102400,8656,0,0,100864,9032,114688,4656,82464,56,0,0,0,0,82520,64,0,0,61440,736,0,0,0,0
22191,04e97922edd766b69fecf42370b52f81fe9efd7927e16eb8374042f565430365,1,32,144,3,0,4,0,65535,0,184,0,0,0,64,0,0,0,240,332,4,0,0,224,270,267,6,0,106496,184320,0,68274,4096,110592,16777216,4096,4096,4,0,0,0,4,0,294912,4096,0,2,0,1048576,4096,1048576,4096,0,0,114208,120,0,0,0,0,0,0,286720,4092,0,0,0,0,0,0,0,0,0,0,110592,404,0,0,0,0
22192,0778c67835cce4819fecc56c1059c791c0cf023a3a2c4db0ac696d1c3966f9e2,1,32,144,3,0,4,0,65535,0,184,0,0,0,64,0,0,0,272,332,6,0,0,224,258,267,14,0,58880,46592,0,4663,4096,65536,4194304,4096,512,5,1,0,0,5,1,126976,1024,0,2,33344,1048576,4096,1048576,4096,0,0,89156,220,110592,6288,0,0,0,0,118784,4900,87392,56,0,0,0,0,87448,64,0,0,65536,920,0,0,0,0
22193,07d7a103b08ef363d8b8c3c8ce320c8256d45db08c26d440a9a4ca74d7b46e62,1,32,144,3,0,4,0,65535,0,184,0,0,0,64,0,0,0,248,332,7,0,0,224,258,267,14,0,93696,64512,0,21583,4096,102400,4194304,4096,512,6,0,0,0,6,0,180224,1024,0,2,32832,1048576,4096,1048576,4096,0,0,126948,240,151552,17432,0,0,0,0,172032,5504,124976,28,0,0,0,0,125008,64,0,0,102400,988,0,0,0,0
22194,09ab880f3021ac2d05e09bebd567ddf5f6f7cfb396573efd819a056931f3b391,1,32,144,3,0,4,0,65535,0,184,0,0,0,64,0,0,0,256,332,6,0,0,224,258,267,14,0,96768,345088,0,47859,4096,102400,4194304,4096,512,5,1,0,0,5,1,458752,1024,0,2,33344,1048576,4096,1048576,4096,0,0,127908,200,442368,6096,0,0,0,0,450560,5696,125920,56,0,0,0,0,125976,64,0,0,102400,668,0,0,0,0
22195,0d19f60423cb2128555e831dc340152f9588c99f3e47d64f0bb4206a6213d579,1,32,144,3,0,4,0,65535,0,184,0,0,0,64,0,0,0,224,332,3,0,0,224,782,267,9,0,233472,13824,0,154054,4096,237568,4194304,4096,512,5,0,0,0,5,0,253952,1024,279830,2,32768,1048576,4096,1048576,4096,0,0,235420,80,249856,2416,0,0,245248,9000,0,0,0,0,0,0,0,0,12056,64,0,0,4096,372,0,0,0,0
22196,0e3fd4f37b395b9177ccec786f339dd2dc3a539f69b49ac41e55ca21ead7fe73,1,32,144,3,0,4,0,65535,0,184,0,0,0,64,0,0,0,224,332,3,0,0,224,782,267,9,0,229376,13824,0,149814,4096,233472,4194304,4096,512,5,0,0,0,5,0,249856,1024,0,2,32768,1048576,4096,1048576,4096,0,0,231180,80,245760,2416,0,0,0,0,0,0,0,0,0,0,0,0,12040,64,0,0,4096,372,0,0,0,0
22197,111773fea3e49a77d35abfbeffc2b33fd4b0527d36a643f34be123850ae51fb9,1,32,144,3,0,4,0,65535,0,184,0,0,0,64,0,0,0,264,332,6,0,0,224,258,267,14,0,56832,55808,0,4663,4096,61440,4194304,4096,512,5,1,0,0,5,1,131072,1024,0,2,33088,1048576,4096,1048576,4096,0,0,87012,200,106496,14984,0,0,0,0,122880,5056,85248,56,0,0,0,0,85304,64,0,0,61440,692,0,0,0,0
22198,128f74421cf96f74d721c1ba4c65b5ca262b3bdd9f96a90090ae4b2f092bc60f,1,32,144,3,0,4,0,65535,0,184,0,0,0,64,0,0,0,224,332,3,0,0,224,782,267,9,0,229376,13824,0,149814,4096,233472,4194304,4096,512,5,0,0,0,5,0,249856,1024,281575,2,32768,1048576,4096,1048576,4096,0,0,231180,80,245760,2416,0,0,241152,1664,0,0,0,0,0,0,0,0,12040,64,0,0,4096,372,0,0,0,0
22199,15f9ed36d9efc6e570b4f506791ce2c6a849853e2f6d587f30fb12d39dba2649,1,32,144,3,0,4,0,65535,0,184,25364,0,0,32965,0,0,0,272,332,6,0,0,224,258,267,14,0,175616,61440,0,126883,4096,180224,4194304,4096,512,5,1,0,0,5,1,253952,1024,206677,2,33344,1048576,4096,1048576,4096,0,0,203908,280,229376,2256,0,0,0,0,233472,17156,201904,56,0,0,0,0,201960,64,0,0,180224,1292,0,0,0,0
22200,1e5a161314bc521356f821200004f9af454ac027e34e25d2961320956be0791b,1,32,144,3,0,4,0,65535,0,184,0,0,0,64,0,0,0,256,332,6,0,0,224,258,267,14,0,52224,52224,0,4663,4096,57344,4194304,4096,512,5,1,0,0,5,1,122880,1024,0,2,33088,1048576,4096,1048576,4096,0,0,81268,180,98304,13968,0,0,0,0,114688,4512,79504,56,0,0,0,0,79560,64,0,0,57344,628,0,0,0,0
22201,220c50ccf6a9d9727e9f442df42469f027d9f7a2ea833319971746280023bb0c,1,32,144,3,0,4,0,65535,0,184,0,0,0,64,0,0,0,264,332,6,0,0,224,258,267,14,0,56832,55808,0,4663,4096,61440,4194304,4096,512,5,1,0,0,5,1,131072,1024,0,2,33088,1048576,4096,1048576,4096,0,0,87012,200,106496,14984,0,0,0,0,122880,5056,85248,56,0,0,0,0,85304,64,0,0,61440,692,0,0,0,0
22202,2f29950640d024779134334cad79e2013871afa08c7be94356694db12ee437e2,1,32,144,3,0,4,0,65535,0,184,0,0,0,64,0,0,0,272,332,6,0,0,224,258,267,14,0,55808,46592,0,4663,4096,61440,4194304,4096,512,5,1,0,0,5,1,122880,1024,171666,2,33088,1048576,4096,1048576,4096,0,0,84228,200,102400,8656,0,0,100864,9032,114688,4656,82464,56,0,0,0,0,82520,64,0,0,61440,736,0,0,0,0
22203,3320f11728458d01eef62e10e48897ec1c2277c1fe1aa2d471a16b4dccfc1207,1,32,144,3,0,4,0,65535,0,184,0,0,0,64,0,0,0,256,332,6,0,0,224,258,267,14,0,52224,52224,0,4663,4096,57344,4194304,4096,512,5,1,0,0,5,1,119200,1024,0,2,33088,1048576,4096,1048576,4096,0,0,81268,180,98304,13968,0,0,0,0,114688,4512,79504,56,0,0,0,0,79560,64,0,0,57344,628,0,0,0,0
22204,389e03b1a1fd1c527d48df74d3c26a0483a5b105f36841193172f1ee80e62c1b,1,32,144,3,0,4,0,65535,0,184,0,0,0,64,0,0,0,248,332,3,0,0,224,270,267,6,0,28672,147456,0,30540,4096,32768,4194304,4096,4096,4,0,0,0,4,0,180224,4096,188607,2,0,1048576,4096,1048576,4096,0,0,171588,140,0,0,0,0,180224,2120,176128,2748,0,0,0,0,0,0,0,0,0,0,32768,252,0,0,0,0
22205,3d94c4a92382c5c45062d8ea0517be4011be8ba42e9c9a614a99327d0ebdf05b,1,32,144,3,0,4,0,65535,0,184,0,0,0,64,0,0,0,248,332,3,0,0,224,270,267,6,0,32768,147456,0,32796,4096,36864,4194304,4096,4096,4,0,0,0,4,0,184320,4096,205924,2,0,1048576,4096,1048576,4096,0,0,175492,140,0,0,0,0,184320,2120,180224,2816,0,0,0,0,0,0,0,0,0,0,36864,252,0,0,0,0
22206,428988730867a648960bc25c6b0f73431e9beb028331dfa7b5f5760a5042c12d,1,32,144,3,0,4,0,65535,0,184,0,0,0,64,0,0,0,264,332,6,0,0,224,258,267,14,0,56832,55808,0,4663,4096,61440,4194304,4096,512,5,1,0,0,5,1,131072,1024,0,2,33088,1048576,4096,1048576,4096,0,0,87012,200,106496,14976,0,0,0,0,122880,5056,85248,56,0,0,0,0,85304,64,0,0,61440,692,0,0,0,0
22207,43e633a9a26287e9be7a4788d750258d64612e7b625ab5a3f0a9128469e99c2d,1,32,144,3,0,4,0,65535,0,184,0,0,0,64,0,0,0,264,332,7,0,0,224,258,267,14,0,56832,55808,0,4663,4096,61440,4194304,4096,512,5,1,0,0,5,1,147456,1024,0,2,33088,1048576,4096,1048576,4096,0,0,87012,200,131072,15360,0,0,0,0,122880,5056,85248,56,0,0,0,0,85304,64,0,0,61440,692,0,0,0,0
22208,46cd508b7e77bb2c1d47f7fef0042a13c516f8163f9373ef9dfac180131c65ed,1,32,144,3,0,4,0,65535,0,184,0,0,0,64,0,0,0,272,332,6,0,0,224,258,267,14,0,547328,222720,0,4695,4096,552960,4194304,4096,512,6,0,0,0,6,0,786432,1024,0,2,33600,1048576,4096,1048576,4096,0,0,577156,240,606208,114048,0,0,0,0,720896,62708,575104,56,0,0,0,0,575160,64,0,0,552960,1208,0,0,0,0
22209,4b13034d10c60ae0b507b1c21c52fbc3ec75e827225a86e629ecea5fdfffe609,1,32,144,3,0,4,0,65535,0,184,0,0,0,64,0,0,0,248,332,6,0,0,224,258,267,14,0,62976,45568,0,25091,4096,69632,4194304,4096,512,5,1,0,0,5,1,131072,1024,0,2,33344,1048576,4096,1048576,4096,0,0,93156,220,114688,5304,0,0,0,0,122880,4752,91392,56,0,0,0,0,91448,64,0,0,69632,944,0,0,0,0
22210,4d8374ad8f1dd3885358fa779f04e5890906de40d084a1aeb4afc1decb116289,1,32,144,3,0,4,0,65535,0,184,0,0,0,64,0,0,0,264,332,6,0,0,224,258,267,14,0,57344,68096,0,19107,4096,61440,4194304,4096,512,5,1,0,0,5,1,139264,1024,0,2,33600,1048576,4096,1048576,4096,0,0,84420,220,102400,25896,0,0,0,0,131072,4716,82656,56,0,0,0,0,82712,64,0,0,61440,884,0,0,0,0
22211,589152e247730d8bbcb546bb43cc79ad72c0098fd76a1c95224e9b8f5f6b9d15,1,32,144,3,0,4,0,65535,0,184,0,0,0,64,0,0,0,264,332,6,0,0,224,258,267,14,0,69632,53760,0,31699,4096,73728,4194304,4096,512,5,1,0,0,5,1,139264,1024,0,2,33344,1048576,4096,1048576,4096,0,0,96196,180,122880,7992,0,0,0,0,131072,4868,94416,56,0,0,0,0,94472,64,0,0,73728,600,0,0,0,0
22212,64de5359969b2dc8d3aa4d5fd43409defda2c5794a4e89ca7da9396cf4edf279,1,32,144,3,0,4,0,65535,0,184,0,0,0,64,0,0,0,256,332,6,0,0,224,258,267,14,0,52224,52224,0,4663,4096,57344,4194304,4096,512,5,1,0,0,5,1,122880,1024,0,2,33088,1048576,4096,1048576,4096,0,0,81268,180,98304,13968,0,0,0,0,114688,4512,79504,56,0,0,0,0,79560,64,0,0,57344,628,0,0,0,0
22213,6b3a6afb6edc1c9d36e0793f00be3c0cf6626db26b3cfd31d6a18793453303a7,1,32,144,3,0,4,0,65535,0,184,0,0,0,64,0,0,0,264,332,6,0,0,224,258,267,14,0,56832,55808,0,4663,4096,61440,4194304,4096,512,5,1,0,0,5,1,131072,1024,0,2,33088,1048576,4096,1048576,4096,0,0,87012,200,106496,14992,0,0,0,0,122880,5056,85248,56,0,0,0,0,85304,64,0,0,61440,692,0,0,0,0
22214,8209162e0985c360c59c568f2f33de74364f0c5f1e984e5785c64825e8ad9fd0,1,32,144,3,0,4,0,65535,0,184,0,0,0,64,0,0,0,248,332,8,0,0,224,258,267,14,11,26112,143360,0,69717,4096,4096,4194304,4096,512,6,0,0,0,6,0,253952,1024,0,3,33088,1048576,4096,1048576,4096,0,0,115188,80,122880,124675,0,0,0,0,249856,1228,105632,56,0,0,0,0,105688,64,0,0,114688,500,0,0,0,0
22215,85b71784734705f6119cdb59b1122ce721895662a6d98bb01e82de7a4f37a188,1,32,144,3,0,4,0,65535,0,184,0,0,0,64,0,0,0,264,332,6,0,0,224,258,267,14,0,69632,62976,0,31667,4096,73728,4194304,4096,512,5,1,0,0,5,1,151552,1024,0,2,33344,1048576,4096,1048576,4096,0,0,95972,180,126976,13264,0,0,0,0,143360,4852,94192,56,0,0,0,0,94248,64,0,0,73728,600,0,0,0,0
22216,8681d4d20676c19ad62400f47f66146f82b30941937ebf85c1f207257c05cea5,1,32,144,3,0,4,0,65535,0,184,0,0,0,64,0,0,0,256,332,7,0,0,224,258,267,14,0,81408,57344,0,16227,4096,86016,983040,4096,4096,6,0,0,0,6,0,155648,1024,172463,2,33344,1048576,4096,1048576,4096,0,0,110628,260,143360,1520,0,0,124928,10064,147456,5592,108624,56,0,0,0,0,108680,64,0,0,86016,1264,0,0,0,0
22217,876202dfc6af9577162ab4ad567e93681d0b1ebde5eacf45c4254a2385f23060,1,32,144,3,0,4,0,65535,0,184,0,0,0,64,0,0,0,256,332,6,0,0,224,258,267,14,0,52224,52224,0,4663,4096,57344,4194304,4096,512,5,1,0,0,5,1,122880,1024,0,2,33088,1048576,4096,1048576,4096,0,0,81268,180,98304,13968,0,0,0,0,114688,4512,79504,56,0,0,0,0,79560,64,0,0,57344,628,0,0,0,0
22218,8a2dfaffc9420e209f132cdd3aedda4bbc4c18e02c47687006f67c13a36f1dc6,1,32,144,3,0,4,0,65535,0,184,0,0,0,64,0,0,0,256,332,6,0,0,224,258,267,14,0,52224,52224,0,4663,4096,57344,4194304,4096,512,5,1,0,0,5,1,119200,1024,0,2,33088,1048576,4096,1048576,4096,0,0,81268,180,98304,13968,0,0,0,0,114688,4512,79504,56,0,0,0,0,79560,64,0,0,57344,628,0,0,0,0
22219,8fb307c24f655cc773d692f1354c4c6e265e5e275f66372e460ca61952e38618,1,32,144,3,0,4,0,65535,0,184,0,0,0,64,0,0,0,224,332,3,0,0,224,782,267,9,0,229376,13824,0,149814,4096,233472,4194304,4096,512,5,0,0,0,5,0,249856,1024,272746,2,32768,1048576,4096,1048576,4096,0,0,231180,80,245760,2416,0,0,241152,1664,0,0,0,0,0,0,0,0,12040,64,0,0,4096,372,0,0,0,0
22220,9322ac5c62ad267bedcbfb7e6736377495a00923531fa244c3a2cc98a990c125,1,32,144,3,0,4,0,65535,0,184,0,0,0,64,0,0,0,264,332,6,0,0,224,258,267,14,0,59904,82944,0,4663,4096,65536,4194304,4096,512,5,1,0,0,5,1,163840,1024,0,2,33600,1048576,4096,1048576,4096,0,0,89396,220,110592,42920,0,0,0,0,155648,4988,87632,56,0,0,0,0,87688,64,0,0,65536,924,0,0,0,0
22221,968307a367471e25bef58b0d4687ab4fdf34539bbfb603b5b19ae99d4d0c0340,1,32,144,3,0,4,0,65535,0,184,0,0,0,64,0,0,0,256,332,7,0,0,224,258,267,14,0,81408,57344,0,16227,4096,86016,4194304,4096,512,6,0,0,0,6,0,155648,1024,172463,2,33344,1048576,4096,1048576,4096,0,0,110628,260,143360,1520,0,0,124928,10064,147456,5592,108624,56,0,0,0,0,108680,64,0,0,86016,1264,0,0,0,0
22222,9ff6a067f5f97ce0dd05fc338699875a4e736477bc933b97d24a1416f9fd7644,1,32,144,3,0,4,0,65535,0,184,0,0,0,64,0,0,0,256,332,6,0,0,224,258,267,14,0,96768,345088,0,47859,4096,102400,4194304,4096,512,5,1,0,0,5,1,458752,1024,0,2,33344,1048576,4096,1048576,4096,0,0,127908,200,442368,6096,0,0,0,0,450560,5696,125920,56,0,0,0,0,125976,64,0,0,102400,668,0,0,0,0
22223,aaa4f5bb1bd81db677b21938b03b0cd282c200a9cd0d82ef85c83805c9e8e66f,1,32,144,3,0,4,0,65535,0,184,0,0,0,64,0,0,0,256,332,6,0,0,224,258,267,14,0,52224,52224,0,4663,4096,57344,4194304,4096,512,5,1,0,0,5,1,122880,1024,0,2,33088,1048576,4096,1048576,4096,0,0,81268,180,98304,13968,0,0,0,0,114688,4512,79504,56,0,0,0,0,79560,64,0,0,57344,628,0,0,0,0
22224,c150954e5fdfc100fbb74258cad6ef2595c239c105ff216b1d9a759c0104be04,1,32,144,3,0,4,0,65535,0,184,0,0,0,64,0,0,0,272,332,6,0,0,224,258,267,14,0,55808,46592,0,4663,4096,61440,4194304,4096,512,5,1,0,0,5,1,122880,1024,119592,2,33088,1048576,4096,1048576,4096,0,0,84228,200,102400,8656,0,0,100864,9032,114688,4656,82464,56,0,0,0,0,82520,64,0,0,61440,736,0,0,0,0
22225,c7e52cc6f1f659ec5d30473e89b7136216de5fbe53ec77a62f1a486d8ffe78ed,1,32,144,3,0,4,0,65535,0,184,0,0,0,64,0,0,0,256,332,6,0,0,224,258,267,14,0,52224,52224,0,4663,4096,57344,4194304,4096,512,5,1,0,0,5,1,119200,1024,0,2,33088,1048576,4096,1048576,4096,0,0,81268,180,98304,13968,0,0,0,0,114688,4512,79504,56,0,0,0,0,79560,64,0,0,57344,628,0,0,0,0
22226,d0cde86d47219e9c56b717f55dcdb01b0566344c13aa671613598cab427345b9,1,32,144,3,0,4,0,65535,0,184,0,0,0,64,0,0,0,224,332,3,0,0,224,782,267,9,0,229376,13824,0,149814,4096,233472,4194304,4096,512,5,0,0,0,5,0,249856,1024,0,2,32768,1048576,4096,1048576,4096,0,0,231180,80,245760,2416,0,0,0,0,0,0,0,0,0,0,0,0,12040,64,0,0,4096,372,0,0,0,0
22227,deafee1205dd5fef3c33f2c30cf03cd66b41a7c1b6f10343c04665e4b857e2b6,1,32,144,3,0,4,0,65535,0,184,0,0,0,64,0,0,0,256,0,6,0,0,224,258,267,14,0,96768,345088,0,47859,4096,102400,4194304,4096,512,5,1,0,0,5,1,458752,1024,0,0,33344,1048576,4096,1048576,4096,0,0,127908,200,442368,6096,0,0,0,0,450560,5696,125920,56,0,0,0,0,125976,64,0,0,102400,668,0,0,0,0
22228,e48900dc697582db4655569bb844602ced3ad2b10b507223912048f1f3039ac6,1,32,144,3,0,4,0,65535,0,184,0,0,0,64,0,0,0,272,332,6,0,0,224,258,267,14,0,55808,46592,0,4663,4096,61440,4194304,4096,512,5,1,0,0,5,1,122880,1024,119970,2,33088,1048576,4096,1048576,4096,0,0,84228,200,102400,8664,0,0,100864,9032,114688,4656,82464,56,0,0,0,0,82520,64,0,0,61440,736,0,0,0,0
22229,e77c8c7514b36d30d0bf51545fe148ebce3f92adba6748c4de71cc105eb56a9c,1,32,144,3,0,4,0,65535,0,184,0,0,0,64,0,0,0,256,332,6,0,0,224,259,267,14,0,52224,52224,0,4663,4096,57344,4194304,4096,512,5,1,0,0,5,1,122880,1024,0,2,33088,1048576,4096,1048576,4096,0,0,81268,180,98304,13968,0,0,0,0,0,0,79504,56,0,0,0,0,79560,64,0,0,57344,628,0,0,0,0
22230,e7f17df3e41c7ac23d3b979a4dd8e92bdf12e08e8dd064bd8614a415322dc639,1,32,74,3,0,4,0,65535,0,184,0,0,0,64,0,0,0,256,332,6,0,0,224,258,267,14,0,52224,52224,0,4663,4096,57344,4194304,4096,512,5,1,0,0,5,1,119200,1024,0,2,33088,1048576,4096,1048576,4096,0,0,81268,180,98304,13968,0,0,0,0,114688,4512,79504,56,0,0,0,0,79560,64,0,0,57344,628,0,0,0,0
22231,e805dd0124b9f062f6b5bc9de627eabc601b9d6e8ffe1d90ee552a1ece598a89,1,32,144,3,0,4,0,65535,0,184,0,0,0,64,0,0,0,264,332,6,0,0,224,258,267,14,0,81408,47616,0,18682,4096,86016,4194304,4096,512,6,0,0,0,6,0,143360,1024,0,3,33088,1048576,4096,1048576,4096,0,0,112532,220,131072,3560,0,0,0,0,135168,5096,110704,56,0,0,0,0,110760,64,0,0,86016,1052,0,0,0,0
22232,ed3dfa9f2452537d378ead320e1506d392d3f91557d8c52714dfd6024176cf73,1,32,80,2,0,4,15,65535,0,184,0,0,0,64,26,0,0,256,332,8,0,0,224,33166,267,2,25,511488,186880,0,515028,4096,516096,4194304,4096,512,4,0,0,0,4,0,720896,1024,0,2,0,1048576,16384,1048576,4096,0,0,528384,9358,585728,135168,0,0,0,0,548864,35656,0,0,0,0,544768,24,0,0,0,0,0,0,0,0,0,0
22233,ee83fd9b8368bd4d2cdbebdccfdb41373c3c490d9c5b8d17530990e084131f29,1,32,144,3,0,4,0,65535,0,184,0,0,0,64,0,0,0,256,332,6,0,0,224,258,267,14,0,52224,52224,0,4663,4096,57344,4194304,4096,512,5,1,0,0,5,1,122880,1024,0,2,33088,1048576,4096,1048576,4096,0,0,81268,180,98304,13968,0,0,0,0,114688,4512,79504,56,0,0,0,0,79560,64,0,0,57344,628,0,0,0,0
22234,f55e4553ed04f085bc5b93cf7e5386c3d938abcb13a95ef1d2c3f8b21c454db8,1,32,144,3,0,4,0,65535,0,184,0,0,0,64,0,0,0,248,332,5,0,0,224,259,267,14,0,252928,93184,0,214061,4096,258048,4194304,4096,512,6,0,0,0,6,0,360448,1024,0,2,32768,1048576,4096,1048576,4096,0,0,280692,220,307200,50480,0,0,0,0,0,0,278864,56,0,0,0,0,278920,64,0,0,258048,972,0,0,0,0
22235,ff2811f8085bde8751d340bb731c83486b62f80850ceffdb594526da8945ce57,1,32,144,3,0,4,0,65535,0,184,0,0,0,64,0,0,0,264,332,6,0,0,224,258,267,14,0,69632,53760,0,31699,4096,73728,4194304,4096,512,5,1,0,0,5,1,139264,1024,0,2,33344,1048576,4096,1048576,4096,0,0,96196,180,122880,7992,0,0,0,0,131072,4868,94416,56,0,0,0,0,94472,64,0,0,73728,600,0,0,0,0
22236,05ae137c49d99b41296d91667f040082fc33d6f28acbccdc28cfbedf59f6f75b,1,33,144,3,4,0,0,65535,0,139,0,0,0,64,0,0,0,128,34404,6,4201984,0,240,546,523,3,0,2716672,118784,0,395872,4096,0,4194304,4096,512,6,1,1,0,6,1,4599808,1536,0,3,33120,2097152,4096,1048576,4096,0,0,4542464,1164,0,0,0,0,0,0,4546560,47100,0,0,0,0,0,0,0,0,0,0,4042784,328,0,0,0,0
22237,06173ef5e0646e104caad18a0f849975dfcddf6c292edfa4c2980b8947502ac8,1,33,144,3,4,0,0,65535,0,139,0,0,0,64,0,0,0,128,34404,6,4357120,0,240,546,523,3,0,2880000,118784,0,395872,4096,0,4194304,4096,512,6,1,1,0,6,1,4755456,1536,0,3,33120,2097152,4096,1048576,4096,0,0,4698112,1164,0,0,0,0,0,0,4702208,47058,0,0,0,0,0,0,0,0,0,0,4198432,328,0,0,0,0
22238,065208b037a2691eb75a14f97bdbd9914122655d42f6249d2cca419a1e4ba6f1,1,33,144,3,0,4,0,65535,0,184,0,0,0,64,0,0,0,128,34404,10,0,0,240,558,523,2,34,351744,412160,3072,5360,4096,0,4194304,4096,512,4,0,0,0,5,2,442368,1024,432572,3,352,2097152,4096,1048576,4096,0,0,421888,5352,0,0,401408,6372,0,0,438272,1536,0,0,0,0,396320,40,0,0,0,0,423132,1104,0,0,0,0
22239,08661aa84e59af054e1e7bcde2340b9b7ce83768273999c9ad055e6b6cbd4977,1,33,144,3,4,0,0,65535,0,139,0,0,0,64,0,0,0,128,34404,6,2792960,0,240,546,523,3,0,1494528,117760,0,348960,4096,0,4194304,4096,512,6,1,1,0,6,1,3186688,1536,0,2,33120,2097152,4096,1048576,4096,0,0,3133440,1164,0,0,0,0,0,0,3137536,44806,0,0,0,0,0,0,0,0,0,0,2633760,328,0,0,0,0
22240,0b71b4195c1dd5febd1bf22f62834c471e3c55f76ffa15d536b245652654ed94,1,33,144,3,0,4,0,65535,0,184,0,0,0,64,0,0,0,128,332,9,422912,0,224,814,267,2,34,352256,421888,1536,5312,4096,356352,4194304,4096,512,4,0,1,0,4,0,446464,1024,473421,3,320,2097152,4096,1048576,4096,0,0,417792,4680,0,0,0,0,0,0,434176,10788,0,0,0,0,392116,24,0,0,0,0,418540,608,0,0,0,0
22241,15a290552f9cdc38b18e6c0babe7fdd52ff8abfa73ff823220fa994e7f023dc0,1,33,144,3,0,4,0,65535,0,184,0,0,0,64,0,0,0,128,34404,10,0,0,240,558,523,2,34,344576,404992,3072,5360,4096,0,4194304,4096,512,4,0,0,0,5,2,434176,1024,449904,3,352,2097152,4096,1048576,4096,0,0,413696,5352,0,0,393216,6576,0,0,430080,1508,0,0,0,0,391648,40,0,0,0,0,414940,1104,0,0,0,0
22242,1613ba0352b2e9b8d40d001de73c0b747413fae95707f646ac8ad9e3c2f9dce7,1,33,144,3,0,4,0,65535,0,184,0,0,0,64,0,0,0,128,34404,10,0,0,240,558,523,2,38,610304,675840,1024,5328,4096,0,5368709120,4096,512,4,0,0,0,5,2,704512,1024,740900,2,352,2097152,4096,1048576,4096,0,0,684032,5596,0,0,659456,6744,0,0,700416,1540,0,0,0,0,654240,40,0,0,0,0,685332,1160,0,0,0,0
22243,1670e8bb8065d23e1b93ed8173f079f338abef880047da21af95dd4db57e20bd,1,33,144,3,4,0,0,65535,0,139,0,0,0,64,0,0,0,128,34404,6,2916352,0,240,546,523,3,0,1580032,118784,0,396128,4096,0,4194304,4096,512,6,1,1,0,6,1,3313664,1536,0,3,33120,2097152,4096,1048576,4096,0,0,3256320,1164,0,0,0,0,0,0,3260416,45604,0,0,0,0,0,0,0,0,0,0,2756640,328,0,0,0,0
22244,16d0c9651cae4ca2641f9e875be9f7b39737292eede7a7870b6081922f40b4b1,1,33,144,3,4,0,0,65535,0,139,0,0,0,64,0,0,0,128,34404,6,2834944,0,240,546,523,3,0,1493504,118784,0,395872,4096,0,4194304,4096,512,6,1,1,0,6,1,3231744,1536,0,3,33120,2097152,4096,1048576,4096,0,0,3174400,1164,0,0,0,0,0,0,3178496,45616,0,0,0,0,0,0,0,0,0,0,2674720,328,0,0,0,0
22245,174fce7e7e2df156a3496ad0f4ecbb8aa6e2b76befc1f5e7a5108601ac62fc70,1,33,144,3,0,4,0,65535,0,184,0,0,0,64,0,0,0,128,34404,10,0,0,240,558,523,2,38,610304,675840,1024,5328,4096,0,5368709120,4096,512,4,0,0,0,5,2,704512,1024,697441,2,352,2097152,4096,1048576,4096,0,0,684032,5596,0,0,659456,6744,0,0,700416,1540,0,0,0,0,654240,40,0,0,0,0,685332,1160,0,0,0,0
22246,199006f7d4dbc6ccdecbe99b18e8582ba42e6f66f6e3de865eebd3de095a3a63,1,33,144,3,4,0,0,65535,0,139,0,0,0,64,0,0,0,128,34404,6,3619840,0,240,546,523,3,0,1998848,121344,0,396128,4096,0,4194304,4096,512,6,1,1,0,6,1,4014080,1536,0,3,33120,2097152,4096,1048576,4096,0,0,3948544,1164,0,0,0,0,0,0,3952640,56020,0,0,0,0,0,0,0,0,0,0,3444768,328,0,0,0,0
22247,1fb6c6be88080f6a91c33616a9aa4c839dbc1062a904eeacd9fd379a22962498,1,33,144,3,4,0,0,65535,0,139,0,0,0,64,0,0,0,128,34404,6,4049920,0,240,546,523,3,0,2562560,118784,0,395872,4096,0,4194304,4096,512,6,1,1,0,6,1,4444160,1536,0,3,33120,2097152,4096,1048576,4096,0,0,4386816,1164,0,0,0,0,0,0,4390912,46410,0,0,0,0,0,0,0,0,0,0,3887136,328,0,0,0,0
22248,201215fdd6ba159d22621f2424f75b25fbe6dac1c85126e174e4ae999ef88111,1,33,144,3,4,0,0,65535,0,139,0,0,0,64,0,0,0,128,34404,6,1794048,0,240,546,523,3,0,797696,105984,0,391104,4096,0,4194304,4096,512,6,1,1,0,6,1,2187264,1536,0,3,33120,2097152,4096,1048576,4096,0,0,2142208,1164,0,0,0,0,0,0,2146304,33808,0,0,0,0,0,0,0,0,0,0,1658912,328,0,0,0,0
22249,206de75058a7dfa0b96784965baab63a137f2e89a97e623842e7d0bb3f12c2fc,1,33,144,3,0,4,0,65535,0,184,0,0,0,64,0,0,0,128,332,9,425984,0,224,814,267,2,34,354816,424960,1536,5312,4096,360448,4194304,4096,512,4,0,1,0,4,0,450560,1024,446157,3,320,2097152,4096,1048576,4096,0,0,421888,4656,0,0,0,0,0,0,438272,10944,0,0,0,0,396276,24,0,0,0,0,422632,604,0,0,0,0
22250,29d2f9308947efac0c804497666e1f03d61bc9321fdb498152a5d481d1e61a35,1,33,144,3,4,0,0,65535,0,139,0,0,0,64,0,0,0,128,34404,6,4185088,0,240,546,523,3,0,2693120,118784,0,395872,4096,0,4194304,4096,512,6,1,1,0,6,1,4579328,1536,0,3,33120,2097152,4096,1048576,4096,0,0,4521984,1164,0,0,0,0,0,0,4526080,46786,0,0,0,0,0,0,0,0,0,0,4022304,328,0,0,0,0
22251,30414f35f5ae50c9133017c6100b6f82dca0ca872ac6fbcf159b7b1d2303664f,1,33,144,3,4,0,0,65535,0,139,0,0,0,64,0,0,0,128,34404,6,3643392,0,240,546,523,3,0,2025472,121344,0,396128,4096,0,4194304,4096,512,6,1,1,0,6,1,4038656,1536,0,3,33120,2097152,4096,1048576,4096,0,0,3973120,1164,0,0,0,0,0,0,3977216,55508,0,0,0,0,0,0,0,0,0,0,3469344,328,0,0,0,0
22252,32ff0e5d87ec16544b6ff936d6fd58023925c3bdabaf962c492f6b078cb01914,1,33,144,3,0,4,0,65535,0,184,0,0,0,64,0,0,0,128,34404,10,0,0,240,558,523,2,38,609792,675328,1024,5328,4096,0,5368709120,4096,512,4,0,0,0,5,2,704512,1024,730962,2,352,2097152,4096,1048576,4096,0,0,684032,5596,0,0,659456,6744,0,0,700416,1540,0,0,0,0,654240,40,0,0,0,0,685332,1160,0,0,0,0
22253,33aceb3dc0681a56226d4cfce32eee7a431e66f5c746a4d6dc7506a72b317277,1,33,144,3,4,0,0,65535,0,139,0,0,0,64,0,0,0,128,34404,6,4051968,0,240,546,523,3,0,2600448,118272,0,348960,4096,0,4194304,4096,512,6,1,1,0,6,1,4448256,1536,0,2,33120,2097152,4096,1048576,4096,0,0,4390912,1164,0,0,0,0,0,0,4395008,45794,0,0,0,0,0,0,0,0,0,0,3891232,328,0,0,0,0
22254,3489cfa46b9cc21f3fbd73d3225b1f42223a9c14bec10c8d305f72192314a372,1,33,144,3,4,0,0,65535,0,139,0,0,0,64,0,0,0,128,34404,6,4434944,0,240,546,523,3,0,2941952,118784,0,395872,4096,0,4194304,4096,512,6,1,1,0,6,1,4833280,1536,0,3,33120,2097152,4096,1048576,4096,0,0,4775936,1164,0,0,0,0,0,0,4780032,46660,0,0,0,0,0,0,0,0,0,0,4276256,328,0,0,0,0
22255,36759cab7043cd7561ac6c3968832b30c9a442eff4d536e901d4ff70aef4d32d,1,33,144,3,0,4,0,65535,0,184,0,0,0,64,0,0,0,128,34404,10,0,0,240,558,523,2,38,609792,675328,1024,5328,4096,0,5368709120,4096,512,4,0,0,0,5,2,704512,1024,677640,2,352,2097152,4096,1048576,4096,0,0,684032,5596,0,0,659456,6744,0,0,700416,1540,0,0,0,0,654240,40,0,0,0,0,685332,1160,0,0,0,0
22256,382da46b770736639b495071c4c5a0b139eb486583b7b9548274ce6e4f663cb8,1,33,144,3,0,4,0,65535,0,184,0,0,0,64,0,0,0,128,332,9,420352,0,224,814,267,2,34,350208,419328,1536,5312,4096,356352,4194304,4096,512,4,0,1,0,4,0,446464,1024,430263,3,320,2097152,4096,1048576,4096,0,0,417792,4656,0,0,0,0,0,0,434176,10752,0,0,0,0,391876,24,0,0,0,0,418536,604,0,0,0,0
22257,4a484842f4376660894109a2123cd4e1917193efcce9b776e8c769fc667c05b3,1,33,144,3,4,0,0,65535,0,139,0,0,0,64,0,0,0,128,34404,6,4013056,0,240,546,523,3,0,2527744,118784,0,395872,4096,0,4194304,4096,512,6,1,1,0,6,1,4411392,1536,0,3,33120,2097152,4096,1048576,4096,0,0,4354048,1164,0,0,0,0,0,0,4358144,46536,0,0,0,0,0,0,0,0,0,0,3854368,328,0,0,0,0
22258,4a5bc30a85bc4b000d8dcedf533c8049fb6d42f31c7a0a524aaa2a0275ac6c0f,1,33,144,3,4,0,0,65535,0,139,0,0,0,64,0,0,0,128,34404,6,2996736,0,240,546,523,3,0,1656320,118784,0,395872,4096,0,4194304,4096,512,6,1,1,0,6,1,3395584,1536,0,3,33120,2097152,4096,1048576,4096,0,0,3338240,1164,0,0,0,0,0,0,3342336,45094,0,0,0,0,0,0,0,0,0,0,2838560,328,0,0,0,0
22259,4b62c93fbf0b964c4de93a0ce456bccdaee2908b3c0135b3f62912068a728d3e,1,33,144,3,0,4,0,65535,0,184,0,0,0,64,0,0,0,128,332,9,420352,0,224,814,267,2,34,350208,419328,1536,5312,4096,356352,4194304,4096,512,4,0,1,0,4,0,446464,1024,458345,3,320,2097152,4096,1048576,4096,0,0,417792,4656,0,0,0,0,0,0,434176,10752,0,0,0,0,391876,24,0,0,0,0,418536,604,0,0,0,0
22260,4d15aa5d68b0e8b081c18d0ee5c06cc1758d17246a8d01b3c8ac48d1ef07610b,1,33,144,3,4,0,0,65535,0,139,0,0,0,64,0,0,0,128,34404,6,3189760,0,240,546,523,3,0,1526272,136704,0,410048,4096,0,4194304,4096,512,6,1,1,0,6,1,3579904,1536,0,3,33120,2097152,4096,1048576,4096,0,0,3510272,1164,0,0,0,0,0,0,3514368,61418,0,0,0,0,0,0,0,0,0,0,2994208,328,0,0,0,0
22261,545a22b900104571ca0718336c6dfe37574263f1670d55835859b30f9776b028,1,33,144,3,0,4,0,65535,0,184,0,0,0,64,0,0,0,128,332,9,425984,0,224,814,267,2,34,354816,424960,1536,5312,4096,360448,4194304,4096,512,4,0,1,0,4,0,450560,1024,432371,3,320,2097152,4096,1048576,4096,0,0,421888,4656,0,0,0,0,0,0,438272,10944,0,0,0,0,396276,24,0,0,0,0,422632,604,0,0,0,0
22262,6920e86a65fc94f9fd46c46c09187b802a13801904e06c6aa63c10e0c9197218,1,33,144,3,4,0,0,65535,0,139,0,0,0,64,0,0,0,128,34404,6,2873856,0,240,546,523,3,0,1536000,118784,0,396128,4096,0,4194304,4096,512,6,1,1,0,6,1,3268608,1536,0,3,33120,2097152,4096,1048576,4096,0,0,3211264,1164,0,0,0,0,0,0,3215360,45500,0,0,0,0,0,0,0,0,0,0,2711584,328,0,0,0,0
22263,70b278b5e01f7cc409a112892e8f2ff243afa0d0815d060e31a813ba24316d37,1,33,144,3,0,4,0,65535,0,184,0,0,0,64,0,0,0,128,332,9,422912,0,224,814,267,2,34,352256,421888,1536,5312,4096,356352,4194304,4096,512,4,0,1,0,4,0,446464,1024,473421,3,320,2097152,4096,1048576,4096,0,0,417792,4680,0,0,0,0,0,0,434176,10788,0,0,0,0,392116,24,0,0,0,0,418540,608,0,0,0,0
22264,7bdb4508714a56fe5e6d9eb757ee475d08809470c6a02baa901484f0697cc362,1,33,144,3,0,4,0,65535,0,184,0,0,0,64,0,0,0,128,34404,10,0,0,240,558,523,2,38,616960,681472,1024,5328,4096,0,5368709120,4096,512,4,0,0,0,5,2,712704,1024,728157,2,352,2097152,4096,1048576,4096,0,0,692224,5528,0,0,663552,7200,0,0,708608,1404,0,0,0,0,660640,40,0,0,0,0,693528,1144,0,0,0,0
22265,7cb066628b72dafaf1ad07e3c98c8bc5520df2f3b417d5b0acb5ded1b0279347,1,33,144,3,4,0,0,65535,0,139,0,0,0,64,0,0,0,128,34404,6,4335104,0,240,546,523,3,0,2847232,118784,0,395872,4096,0,4194304,4096,512,6,1,1,0,6,1,4730880,1536,0,3,33120,2097152,4096,1048576,4096,0,0,4673536,1164,0,0,0,0,0,0,4677632,46850,0,0,0,0,0,0,0,0,0,0,4173856,328,0,0,0,0
22266,7fb0391651fff5ea815395dd278986dc23af9e91036ce178dd25951758ea94c6,1,33,144,3,4,0,0,65535,0,139,0,0,0,64,0,0,0,128,34404,6,2987520,0,240,546,523,3,0,1641472,118784,0,396128,4096,0,4194304,4096,512,6,1,1,0,6,1,3383296,1536,0,3,33120,2097152,4096,1048576,4096,0,0,3325952,1164,0,0,0,0,0,0,3330048,45420,0,0,0,0,0,0,0,0,0,0,2826272,328,0,0,0,0
22267,89a9279a31e78ceb036d8be5b2e3c7aeb1021a05cff7bbd5e5025250c911234b,1,33,144,3,4,0,0,65535,0,139,0,0,0,64,0,0,0,128,34404,6,4148224,0,240,546,523,3,0,2698752,118272,0,348960,4096,0,4194304,4096,512,6,1,1,0,6,1,4542464,1536,0,2,33120,2097152,4096,1048576,4096,0,0,4485120,1164,0,0,0,0,0,0,4489216,46062,0,0,0,0,0,0,0,0,0,0,3985440,328,0,0,0,0
22268,9377cbf352b7aa61f79190789c669ab2d6855cb3429ce494bc79abe0267bf4cc,1,33,144,3,4,0,0,65535,0,139,0,0,0,64,0,0,0,128,34404,6,4097024,0,240,546,523,3,0,2614272,118784,0,395872,4096,0,4194304,4096,512,6,1,1,0,6,1,4493312,1536,0,3,33120,2097152,4096,1048576,4096,0,0,4435968,1164,0,0,0,0,0,0,4440064,47292,0,0,0,0,0,0,0,0,0,0,3936288,328,0,0,0,0
22269,a33e93343f46eafa16ccd18a9376f528e146de57673d9fad0a6ce68130cd9357,1,33,144,3,4,0,0,65535,0,139,0,0,0,64,0,0,0,128,34404,6,3887104,0,240,546,523,3,0,2419200,118784,0,395872,4096,0,4194304,4096,512,6,1,1,0,6,1,4284416,1536,0,3,33120,2097152,4096,1048576,4096,0,0,4227072,1164,0,0,0,0,0,0,4231168,46860,0,0,0,0,0,0,0,0,0,0,3727392,328,0,0,0,0
22270,a4878bb4655f21dd34b5a8a853ebea6b9cca292190c6ca180b4afe44077002ab,1,33,144,3,4,0,0,65535,0,139,0,0,0,64,0,0,0,128,34404,6,2946560,0,240,546,523,3,0,1614336,118784,0,395872,4096,0,4194304,4096,512,6,1,1,0,6,1,3346432,1536,0,3,33120,2097152,4096,1048576,4096,0,0,3289088,1164,0,0,0,0,0,0,3293184,45740,0,0,0,0,0,0,0,0,0,0,2789408,328,0,0,0,0
22271,b1bfc90de9dcea999dedf285c3d3d7e1901847d84ec297224a0d82720d0ed501,1,33,144,3,4,0,0,65535,0,139,0,0,0,64,0,0,0,128,34404,6,3634176,0,240,546,523,3,0,2018304,121344,0,396128,4096,0,4194304,4096,512,6,1,1,0,6,1,4030464,1536,0,3,33120,2097152,4096,1048576,4096,0,0,3964928,1164,0,0,0,0,0,0,3969024,55640,0,0,0,0,0,0,0,0,0,0,3461152,328,0,0,0,0
22272,b5daf399518d76b8e7ca86ada767d9e90fd0ae6efbe5acc2cc775b929f188228,1,33,144,3,0,4,0,65535,0,184,0,0,0,64,0,0,0,128,34404,10,0,0,240,558,523,2,38,616960,681472,1024,5328,4096,0,5368709120,4096,512,4,0,0,0,5,2,712704,1024,719477,2,352,2097152,4096,1048576,4096,0,0,692224,5528,0,0,663552,7200,0,0,708608,1404,0,0,0,0,660640,40,0,0,0,0,693528,1144,0,0,0,0
22273,b6b1ea26464c92c3d25956815c301caf6fa0da9723a2ef847e2bb9cd11563d8b,1,33,144,3,0,4,0,65535,0,184,0,0,0,64,0,0,0,128,34404,10,0,0,240,558,523,2,38,610304,675840,1024,5328,4096,0,5368709120,4096,512,4,0,0,0,5,2,704512,1024,696491,2,352,2097152,4096,1048576,4096,0,0,684032,5596,0,0,659456,6744,0,0,700416,1540,0,0,0,0,654240,40,0,0,0,0,685332,1160,0,0,0,0
22274,bd7f4d6a3f224536879cca70b940b16251c56707124d52fb09ad828a889648cd,1,33,144,3,0,4,0,65535,0,184,0,0,0,64,0,0,0,128,332,9,420352,0,224,814,267,2,34,350208,419328,1536,5312,4096,356352,4194304,4096,512,4,0,1,0,4,0,446464,1024,477483,3,320,2097152,4096,1048576,4096,0,0,417792,4656,0,0,0,0,0,0,434176,10752,0,0,0,0,391876,24,0,0,0,0,418536,604,0,0,0,0
22275,bd9807c6e5c69f21153103703faa8067a9a883124bcfeb6b0f0645158a97d57d,1,33,144,3,4,0,0,65535,0,139,0,0,0,64,0,0,0,128,34404,6,3544064,0,240,546,523,3,0,1925120,121344,0,396128,4096,0,4194304,4096,512,6,1,1,0,6,1,3936256,1536,0,3,33120,2097152,4096,1048576,4096,0,0,3870720,1164,0,0,0,0,0,0,3874816,56426,0,0,0,0,0,0,0,0,0,0,3366944,328,0,0,0,0
22276,c2fa59fb0c3ed403c5f115310bbb62621bc9ddbf5cba29730e16c65e53b88f64,1,33,144,3,4,0,0,65535,0,139,0,0,0,64,0,0,0,128,34404,6,3651584,0,240,546,523,3,0,2032128,121344,0,396128,4096,0,4194304,4096,512,6,1,1,0,6,1,4050944,1536,0,3,33120,2097152,4096,1048576,4096,0,0,3985408,1164,0,0,0,0,0,0,3989504,56064,0,0,0,0,0,0,0,0,0,0,3481632,328,0,0,0,0
22277,c7c04bcd56f282bc27f160cc80ccab73485dd3123f2efb35b9726a8528b7950f,1,33,144,3,0,4,0,65535,0,184,0,0,0,64,0,0,0,128,34404,10,0,0,240,558,523,2,34,351744,412160,3072,5360,4096,0,4194304,4096,512,4,0,0,0,5,2,442368,1024,444215,3,352,2097152,4096,1048576,4096,0,0,421888,5352,0,0,401408,6372,0,0,438272,1536,0,0,0,0,396320,40,0,0,0,0,423132,1104,0,0,0,0
22278,cba0c8e316db8c6abcdb69f03936a803d81299d9ae4c59c77839c37cda752539,1,33,144,3,4,0,0,65535,0,139,0,0,0,64,0,0,0,128,34404,6,2894848,0,240,546,523,3,0,1566208,118784,0,395872,4096,0,4194304,4096,512,6,1,1,0,6,1,3293184,1536,0,3,33120,2097152,4096,1048576,4096,0,0,3235840,1164,0,0,0,0,0,0,3239936,45116,0,0,0,0,0,0,0,0,0,0,2736160,328,0,0,0,0
22279,d83a875db07877be5b2b67341d665a06f476f862a48363f30440091d359a749f,1,33,144,3,0,4,0,65535,0,184,0,0,0,64,0,0,0,128,34404,10,0,0,240,558,523,2,34,368640,430592,3072,5360,4096,0,4194304,4096,512,4,0,0,0,5,2,458752,1024,444146,3,352,2097152,4096,1048576,4096,0,0,438272,6004,0,0,417792,6624,0,0,454656,1524,0,0,0,0,413120,40,0,0,0,0,439644,1232,0,0,0,0
22280,da2128b5608ed39f1a4e4568e0751bd9f8cb4e8587f1a262314d13c03a6a8b9e,1,33,144,3,4,0,0,65535,0,139,0,0,0,64,0,0,0,128,34404,6,2838016,0,240,546,523,3,0,1503744,118784,0,395872,4096,0,4194304,4096,512,6,1,1,0,6,1,3235840,1536,0,3,33120,2097152,4096,1048576,4096,0,0,3178496,1164,0,0,0,0,0,0,3182592,45462,0,0,0,0,0,0,0,0,0,0,2678816,328,0,0,0,0
22281,e17cf8294694af4ed412123981f620908a192947aab6ecd0c31cc59f2ac540ce,1,33,144,3,4,0,0,65535,0,139,0,0,0,64,0,0,0,128,34404,6,4099072,0,240,546,523,3,0,2592256,118784,0,395872,4096,0,4194304,4096,512,6,1,1,0,6,1,4493312,1536,0,3,33120,2097152,4096,1048576,4096,0,0,4435968,1164,0,0,0,0,0,0,4440064,46746,0,0,0,0,0,0,0,0,0,0,3936288,328,0,0,0,0
22282,e9def82da36450f16c48af3abbba2a31f53c9c2f6fae6cf895fbf10698c04ed2,1,33,144,3,4,0,0,65535,0,139,0,0,0,64,0,0,0,128,34404,6,2891776,0,240,546,523,3,0,1559552,118784,0,395872,4096,0,4194304,4096,512,6,1,1,0,6,1,3289088,1536,0,3,33120,2097152,4096,1048576,4096,0,0,3231744,1164,0,0,0,0,0,0,3235840,45516,0,0,0,0,0,0,0,0,0,0,2732064,328,0,0,0,0
22283,ea953cb3c4858e971dc4d75a2a11a6d0af42af36c0cad9c3f1e08d4c6e5f2ef8,1,33,144,3,4,0,0,65535,0,139,0,0,0,64,0,0,0,128,34404,6,2923008,0,240,546,523,3,0,1579520,118784,0,395872,4096,0,4194304,4096,512,6,1,1,0,6,1,3317760,1536,0,3,33120,2097152,4096,1048576,4096,0,0,3260416,1164,0,0,0,0,0,0,3264512,47004,0,0,0,0,0,0,0,0,0,0,2760736,328,0,0,0,0
22284,edf745e4d22485a77b93437843023b27d072fcffb14ea91ca8f309b14d5c5826,1,33,144,3,4,0,0,65535,0,139,0,0,0,64,0,0,0,128,34404,6,2797056,0,240,546,523,3,0,1459712,118784,0,395872,4096,0,4194304,4096,512,6,1,1,0,6,1,3194880,1536,0,3,33120,2097152,4096,1048576,4096,0,0,3137536,1164,0,0,0,0,0,0,3141632,45358,0,0,0,0,0,0,0,0,0,0,2637856,328,0,0,0,0
22285,eeee2a6820eedbe2a37e4c992dc6b3135ee0e340892d2acf74e8a5defb30c7d4,1,33,144,3,4,0,0,65535,0,139,0,0,0,64,0,0,0,128,34404,6,10343936,0,240,546,523,3,0,5690880,401920,0,366656,4096,0,4194304,4096,512,6,1,1,0,6,1,10768384,1536,0,2,33120,2097152,4096,1048576,4096,0,0,10567680,1164,0,0,0,0,0,0,10571776,190606,0,0,0,0,0,0,0,0,0,0,9756704,328,0,0,0,0
22286,541825cb652606c2ea12fd25a842a8b3456d025841c3a7f563655ef77bb67219,1,34,144,3,4,0,0,65535,0,139,0,0,0,64,0,0,0,128,34404,13,6299648,6388,240,546,523,3,0,2184192,330752,0,411456,4096,0,4194304,4096,512,6,1,1,0,6,1,7024640,1536,0,3,33120,2097152,4096,1048576,4096,0,0,6627328,1164,0,0,0,0,0,0,6631424,88378,0,0,0,0,0,0,0,0,0,0,4309024,328,0,0,0,0
22287,99fc54786a72f32fd44c7391c2171ca31e72ca52725c68e2dde94d04c286fccd,1,34,144,3,0,4,0,65535,0,184,0,0,0,64,0,0,0,232,332,4,0,0,224,258,267,12,0,809984,647168,0,699828,4096,815104,4194304,4096,512,6,0,0,0,6,0,1466368,1024,0,2,33088,1048576,4096,1048576,4096,0,0,1325116,100,0,0,0,0,0,0,1429504,35380,815712,56,0,0,0,0,1281432,64,0,0,815104,460,0,0,0,0
22288,bea866b327a2dc2aa104b7ad7307008919c06620771ec3715a059e675d9f40af,1,34,144,3,4,0,0,65535,0,139,0,0,0,64,0,0,0,128,34404,13,6309888,6396,240,546,523,3,0,2188288,330752,0,411456,4096,0,4194304,4096,512,6,1,1,0,6,1,7032832,1536,0,3,33120,2097152,4096,1048576,4096,0,0,6635520,1164,0,0,0,0,0,0,6639616,88558,0,0,0,0,0,0,0,0,0,0,4317216,328,0,0,0,0
22289,f8fc2445a9814ca8cf48a979bff7f182d6538f4d1ff438cf259268e8b4b76f86,1,34,144,3,4,0,0,65535,0,139,0,0,0,64,0,0,0,128,34404,13,6297600,6386,240,546,523,3,0,2183168,330752,0,411456,4096,0,4194304,4096,512,6,1,1,0,6,1,7020544,1536,0,3,33120,2097152,4096,1048576,4096,0,0,6623232,1164,0,0,0,0,0,0,6627328,88352,0,0,0,0,0,0,0,0,0,0,4304928,328,0,0,0,0
22290,04f76d44db4c3a8d810348f65e539f8d65af3ee764c058290033da8f5c508fc5,1,35,144,3,0,4,0,65535,0,184,0,0,0,64,0,0,0,256,332,5,0,0,224,258,267,14,28,90112,41984,0,27643,4096,94208,4194304,4096,512,6,0,0,0,6,0,147456,1024,0,3,33088,1048576,4096,1048576,4096,0,0,122868,60,135168,480,0,0,0,0,139264,4400,120672,112,0,0,0,0,120784,64,0,0,94208,356,0,0,0,0
22291,0d037ee0252e4f26800bcf7c750f61d0c549b7ba0a522c75e8d96dcf4f689e27,1,35,144,3,0,4,0,65535,0,184,0,0,0,64,0,0,0,200,332,3,0,0,224,259,267,14,28,11264,7168,0,7024,4096,16384,4194304,4096,512,6,0,0,0,6,0,28672,1024,0,3,34048,1048576,4096,1048576,4096,0,0,21580,80,0,0,0,0,0,0,0,0,21328,56,0,0,0,0,0,0,0,0,16384,208,0,0,0,0
22292,124f3a5caf6eb464027f2865225a6a1238c3639e5b4a399f0f7f2dda7bd75aec,1,35,144,3,0,4,0,65535,0,184,0,0,0,64,0,0,0,264,332,5,0,0,224,258,267,14,28,82944,40960,0,20542,4096,90112,4194304,4096,512,6,0,0,0,6,0,143360,1024,161233,3,33088,1048576,4096,1048576,4096,0,0,117924,60,131072,480,0,0,121856,8136,135168,4244,115696,112,0,0,0,0,115808,64,0,0,90112,340,0,0,0,0
22293,19417c0a38a1206007a0cc82c0fc2e19db897214d27d0998bc4dbac53cc2788d,1,35,144,3,0,4,0,65535,0,184,0,0,0,64,0,0,0,264,332,5,0,0,224,258,267,14,28,82944,40960,0,20542,4096,90112,4194304,4096,512,6,0,0,0,6,0,143360,1024,0,3,33088,1048576,4096,1048576,4096,0,0,117924,60,131072,480,0,0,0,0,135168,4244,115716,112,0,0,0,0,115832,64,0,0,90112,340,0,0,0,0
22294,1c41acdc2e9d8b89522ebb51d65b4c41d7fd130a14ce9d449edb05f53bbb8d59,1,35,144,3,0,4,0,65535,0,184,0,0,0,64,0,0,0,216,332,3,0,0,224,259,267,14,28,10752,6656,0,7024,4096,16384,4194304,4096,512,6,0,0,0,6,0,28672,1024,0,2,34048,1048576,4096,1048576,4096,0,0,21148,80,0,0,0,0,0,0,0,0,20896,56,0,0,0,0,0,0,0,0,16384,208,0,0,0,0
22295,1f6be41de7ce3d1b8b90856a85600326a3c1dc5ce5bfdaa1572568b1dd114a0f,1,35,144,3,0,4,0,65535,0,184,0,0,0,64,0,0,0,200,332,3,0,0,224,259,267,14,28,11264,7168,0,7024,4096,16384,4194304,4096,512,6,0,0,0,6,0,28672,1024,0,3,34048,1048576,4096,1048576,4096,0,0,21596,80,0,0,0,0,0,0,0,0,21344,56,0,0,0,0,0,0,0,0,16384,208,0,0,0,0
22296,34629751d8202be456dcf149b516afefc980a9128dd6096fd6286fee530a0d20,1,35,144,3,0,4,0,65535,0,184,0,0,0,64,0,0,0,200,332,3,0,0,224,259,267,14,28,11264,7168,0,7024,4096,16384,4194304,4096,512,6,0,0,0,6,0,28672,1024,0,3,34048,1048576,4096,1048576,4096,0,0,21620,80,0,0,0,0,0,0,0,0,21368,56,0,0,0,0,0,0,0,0,16384,208,0,0,0,0
22297,3ff1b90dbad5d78397fdc731c3a3c080d91fc488ac9152793b538b74a1e2d8f3,1,35,144,3,0,4,0,65535,0,184,0,0,0,64,0,0,0,200,332,3,0,0,224,259,267,14,28,11264,7168,0,7024,4096,16384,4194304,4096,512,6,0,0,0,6,0,28672,1024,0,3,34048,1048576,4096,1048576,4096,0,0,21596,80,0,0,0,0,0,0,0,0,21344,56,0,0,0,0,0,0,0,0,16384,208,0,0,0,0
22298,4dec9a9044631caef283c7f39a576e4e5c1cc1e6a97ce5c60936a3a3d0097818,1,35,144,3,0,4,0,65535,0,184,0,0,0,64,0,0,0,200,332,3,0,0,224,259,267,14,28,10752,6656,0,7024,4096,16384,4194304,4096,512,6,0,0,0,6,0,28672,1024,50649,2,34048,1048576,4096,1048576,4096,0,0,21140,80,0,0,0,0,17920,6560,0,0,20888,56,0,0,0,0,0,0,0,0,16384,200,0,0,0,0
22299,6c98d424ab1b9bfba683eda340fef6540ffe4ec4634f4b95cf9c70fe4ab2de90,1,35,144,3,0,4,0,65535,0,184,0,0,0,64,0,0,0,216,332,3,0,0,224,259,267,14,28,10752,6656,0,7024,4096,16384,4194304,4096,512,6,0,0,0,6,0,28672,1024,0,2,34048,1048576,4096,1048576,4096,0,0,21164,80,0,0,0,0,0,0,0,0,20912,56,0,0,0,0,0,0,0,0,16384,208,0,0,0,0
22300,84d24a16949b5a89162411ab98ab2230128d8f01a3d3695874394733ac2a1dbd,1,35,144,3,0,4,0,65535,0,184,0,0,0,64,0,0,0,216,332,3,0,0,224,259,267,14,28,10752,6656,0,7024,4096,16384,4194304,4096,512,6,0,0,0,6,0,28672,1024,0,2,34048,1048576,4096,1048576,4096,0,0,21148,80,0,0,0,0,0,0,0,0,20896,56,0,0,0,0,0,0,0,0,16384,208,0,0,0,0
22301,a63937d94b4d0576c083398497f35abc2ed116138bd22fad4aec5714f83371b0,1,35,144,3,0,4,0,65535,0,184,0,0,0,64,0,0,0,208,332,3,0,0,224,259,267,14,28,10240,6144,0,7024,4096,16384,4194304,4096,512,6,0,0,0,6,0,28672,1024,0,3,34048,1048576,4096,1048576,4096,0,0,21260,40,0,0,0,0,0,0,0,0,21008,56,0,0,0,0,0,0,0,0,16384,120,0,0,0,0
22302,ad841882052c3f9d856ad9a393232e0a59d28e17c240d23258f1dac62f903ab8,1,35,144,3,0,4,0,65535,0,184,0,0,0,64,0,0,0,208,332,3,0,0,224,259,267,14,28,10240,6144,0,7024,4096,16384,4194304,4096,512,6,0,0,0,6,0,28672,1024,0,3,34048,1048576,4096,1048576,4096,0,0,21260,40,0,0,0,0,0,0,0,0,21008,56,0,0,0,0,0,0,0,0,16384,120,0,0,0,0
22303,1264b40feaa824d5ba31cef3c8a4ede230c61ef71c8a7994875deefe32bd8b3d,1,36,144,3,0,4,0,65535,0,184,0,0,0,64,0,0,0,256,332,7,0,0,224,258,267,14,0,827904,287744,0,94016,4096,835584,4194304,4096,512,5,1,0,0,5,1,1142784,1024,0,3,33088,1048576,4096,1048576,4096,0,0,1057696,140,1097728,480,0,0,0,0,1101824,37200,1018912,112,0,0,1019116,24,1019024,64,0,0,835584,692,0,0,0,0
22304,368d0894c3840eb1e83e4b0e6910f73193b28a56ee6da124796ff4fdba09f2bf,1,36,144,3,0,4,0,65535,0,184,0,0,0,64,0,0,0,240,332,3,0,0,224,258,267,14,0,307200,4096,880640,1188352,884736,1191936,4194304,4096,512,5,1,0,0,5,1,1196032,4096,0,3,33088,1048576,4096,1048576,4096,0,0,1191936,436,0,0,0,0,0,0,1192372,24,0,0,0,0,1191392,24,1191424,92,0,0,0,0,0,0,0,0
22305,40ff1ab8ac09057421079dae83fb675d7a2a3da6c7d0cd6400a0d720c5b0f58c,1,36,144,3,0,4,0,65535,0,184,0,0,0,64,0,0,0,256,332,7,0,0,224,258,267,14,0,808448,304640,0,255344,4096,815104,4194304,4096,512,5,1,0,0,5,1,1138688,1024,0,3,33088,1048576,4096,1048576,4096,0,0,1040704,140,1093632,480,0,0,0,0,1097728,37928,1001888,112,0,0,1002092,24,1002000,64,0,0,815104,704,0,0,0,0
22306,427713275e7c4515e3c577684a7c5f96e45771fee54f1c3162a2d6a2cc4cd76e,1,36,144,3,0,4,0,65535,0,184,0,0,0,64,0,0,0,248,332,7,0,0,224,258,267,14,0,783872,285184,0,253136,4096,790528,4194304,4096,512,5,1,0,0,5,1,1089536,1024,0,3,33088,1048576,4096,1048576,4096,0,0,1010336,120,1048576,480,0,0,0,0,1052672,36580,971440,112,0,0,971644,24,971552,64,0,0,790528,644,0,0,0,0
22307,4b1170f7774acfdc5517fbe1c911f2bd9f1af498f3c3d25078f05c95701cc999,1,36,144,3,0,4,0,65535,0,184,0,0,0,64,0,0,0,256,332,7,0,0,224,258,267,14,0,768512,284160,0,230256,4096,774144,4194304,4096,512,5,1,0,0,5,1,1073152,1024,0,3,33088,1048576,4096,1048576,4096,0,0,993128,160,1032192,480,0,0,0,0,1036288,36308,955824,112,0,0,956028,24,955936,64,0,0,774144,696,0,0,0,0
22308,5b03b861884cb3e14a8b888c7dee2ee0d494933df863d504882345fa278d1ea5,1,36,144,3,0,4,0,65535,0,184,0,0,0,64,0,0,0,248,332,7,0,0,224,258,267,14,0,806400,304128,0,253936,4096,811008,4194304,4096,512,5,1,0,0,5,1,1134592,1024,0,3,33088,1048576,4096,1048576,4096,0,0,1036328,140,1089536,480,0,0,0,0,1093632,37752,997728,112,0,0,997932,24,997840,64,0,0,811008,700,0,0,0,0
22309,71cdbbc62e10983db183ca60ab964c1a3dab0d279c5326b2e920522480780956,1,36,144,3,0,4,0,65535,0,184,0,0,0,64,0,0,0,264,332,7,0,0,224,258,267,14,0,804864,303616,0,252576,4096,811008,4194304,4096,512,5,1,0,0,5,1,1130496,1024,0,3,33088,1048576,4096,1048576,4096,0,0,1036376,120,1085440,480,0,0,0,0,1089536,37712,997920,112,0,0,998124,24,998032,64,0,0,811008,696,0,0,0,0
22310,7275034886da11ca6d828547f15cab259e22ba624c5f5762afd237aa686455dd,1,36,144,3,0,4,0,65535,0,184,0,0,0,64,0,0,0,264,332,7,0,0,224,258,267,14,0,800256,303616,0,250624,4096,806912,4194304,4096,512,5,1,0,0,5,1,1126400,1024,0,3,33088,1048576,4096,1048576,4096,0,0,1032160,140,1081344,480,0,0,0,0,1085440,37584,994064,112,0,0,994268,24,994176,64,0,0,806912,692,0,0,0,0
22311,8ea6a6d4578029c7b2dbbfb525ec88b2cb309901ec5a987847471b6101f0de41,1,36,144,3,0,4,0,65535,0,184,0,0,0,64,0,0,0,248,332,7,0,0,224,258,267,14,0,766976,276480,0,244544,4096,774144,4194304,4096,512,5,1,0,0,5,1,1064960,1024,0,3,33088,1048576,4096,1048576,4096,0,0,986696,100,1024000,480,0,0,0,0,1028096,35428,950224,112,0,0,950428,24,950336,64,0,0,774144,608,0,0,0,0
22312,971f0a32094b8ac10712503305ac6789048d190a209c436839e2e6b0acb016f3,1,36,144,3,0,4,0,65535,0,184,0,0,0,64,0,0,0,248,332,7,0,0,224,258,267,14,0,766464,276480,0,244496,4096,774144,4194304,4096,512,5,1,0,0,5,1,1064960,1024,0,3,33088,1048576,4096,1048576,4096,0,0,986704,100,1024000,480,0,0,0,0,1028096,35480,950224,112,0,0,950428,24,950336,64,0,0,774144,608,0,0,0,0
22313,a0ccb9019b90716c8ee1bc0829e0e04cf7166be2f25987abbc8987e65cef2e6f,1,36,144,3,0,4,0,65535,0,184,0,0,0,64,0,0,0,240,332,6,0,0,224,258,267,14,0,829952,316416,0,96368,4096,835584,4194304,4096,512,5,1,0,0,5,1,1163264,1024,0,3,33088,1048576,4096,1048576,4096,0,0,1084208,140,0,0,0,0,0,0,1122304,37820,1045488,56,0,0,1045636,24,1045544,64,0,0,835584,692,0,0,0,0
22314,a9fdbc6d20b780ca42660ad4803f391308fa0243fbc515fd3c1acf935dd43c1e,1,36,144,3,0,4,0,65535,0,184,0,0,0,64,0,0,0,264,332,7,0,0,224,258,267,14,0,800256,303616,0,250768,4096,806912,4194304,4096,512,5,1,0,0,5,1,1126400,1024,0,3,33088,1048576,4096,1048576,4096,0,0,1032208,140,1081344,480,0,0,0,0,1085440,37600,994064,112,0,0,994268,24,994176,64,0,0,806912,692,0,0,0,0
22315,bdfb7e435f689c2c8d84d1b987c8abf84f300a1d4b9d1389b299937c751adb17,1,36,144,3,0,4,0,65535,0,184,0,0,0,64,0,0,0,264,332,7,0,0,224,258,267,14,0,782848,284672,0,252336,4096,790528,4194304,4096,512,5,1,0,0,5,1,1089536,1024,0,3,33088,1048576,4096,1048576,4096,0,0,1009984,120,1048576,480,0,0,0,0,1052672,36532,971200,112,0,0,971404,24,971312,64,0,0,790528,640,0,0,0,0
22316,cef17b9289ba18c979b704648c0f2b736f65f9f9158b471bc2486b6c14e14a4d,1,36,144,3,0,4,0,65535,0,184,0,0,0,64,0,0,0,248,332,7,0,0,224,258,267,14,0,766976,276480,0,244880,4096,774144,4194304,4096,512,5,1,0,0,5,1,1064960,1024,0,3,33088,1048576,4096,1048576,4096,0,0,986680,100,1024000,480,0,0,0,0,1028096,35452,950240,112,0,0,950444,24,950352,64,0,0,774144,608,0,0,0,0
22317,fcb8f82961a3f02c9e94da452c5efef868a2c2344fbaaeca51b3c710bb0df8cf,1,36,144,3,0,4,0,65535,0,184,0,0,0,64,0,0,0,240,332,6,0,0,224,259,267,14,0,768512,284160,0,230256,4096,774144,4194304,4096,512,5,1,0,0,5,1,1032672,1024,0,3,33088,1048576,4096,1048576,4096,0,0,993128,160,1032192,480,0,0,0,0,0,0,955824,112,0,0,956028,24,955936,64,0,0,774144,696,0,0,0,0
22318,ff86191d98d0ce841e0973743aeb05fb354492d1983fe33521a285cf3c9bcc2e,1,36,144,3,0,4,0,65535,0,184,0,0,0,64,0,0,0,248,332,6,0,0,224,258,267,14,0,831488,319488,0,97568,4096,835584,4194304,4096,512,5,1,0,0,5,1,1167360,1024,0,3,33088,1048576,4096,1048576,4096,0,0,1086784,200,0,0,0,0,0,0,1126400,37888,1048096,56,0,0,1048244,24,1048152,64,0,0,835584,776,0,0,0,0
22319,45d8ac1ac692d6bb0fe776620371fca02b60cac8db23c4cc7ab5df262da42b78,1,37,144,3,0,4,0,65535,0,184,0,0,0,64,0,0,0,232,332,5,0,0,224,258,267,9,0,509440,271360,0,26954,4096,516096,4194304,4096,512,5,0,0,0,5,0,811008,1024,845728,3,33088,1048576,4096,1048576,4096,0,0,720188,80,765952,436,0,0,0,0,770048,28932,0,0,0,0,0,0,717520,64,0,0,516096,476,0,0,0,0
22320,5b7ecf7e9d0715f1122baf4ce745c5fcd769dee48150616753fec4d6da16e99e,1,37,144,3,0,4,0,65535,0,184,0,0,0,64,0,0,0,232,332,5,0,0,224,258,267,9,0,509440,271360,0,26954,4096,516096,4194304,4096,512,5,0,0,0,5,0,811008,1024,845728,3,33088,1048576,4096,1048576,4096,0,0,720188,80,765952,436,0,0,0,0,770048,28932,0,0,0,0,0,0,717520,64,0,0,516096,476,0,0,0,0
22321,830207029d83fd46a4a89cd623103ba2321b866428aa04360376e6a390063570,1,37,144,3,0,4,0,65535,0,184,0,0,0,64,0,0,0,232,332,5,0,0,224,258,267,9,0,509440,271360,0,26954,4096,516096,4194304,4096,512,5,0,0,0,5,0,811008,1024,839552,3,33088,1048576,4096,1048576,4096,0,0,720188,80,765952,436,0,0,0,0,770048,28932,0,0,0,0,0,0,717520,64,0,0,516096,476,0,0,0,0
22322,1379119b117c11ae810fe679563116c31f8ac565c309849de383baf58df89e90,1,38,144,3,0,4,0,65535,0,184,0,0,0,64,0,0,0,128,34404,10,0,0,240,34,523,14,0,227840,141824,0,4331527,4096,0,140696682299392,4096,512,5,2,0,0,5,2,9764864,1024,0,3,33120,1048576,4096,1048576,4096,0,0,8347672,160,9760768,469,9731872,22176,0,0,9756672,172,0,0,0,0,0,0,9731712,148,0,0,3809280,192,0,0,0,0
22323,18daff9fb95725122acc0757130f6a67c46d050cb43b1999fe85b0337f76db0f,1,38,144,3,0,4,0,65535,0,184,0,0,0,64,0,0,0,128,34404,10,0,0,240,34,523,14,0,227840,141824,0,4331527,4096,0,140699676901376,4096,512,5,2,0,0,5,2,9764864,1024,0,3,33120,1048576,4096,1048576,4096,0,0,8347672,160,9760768,469,9731872,22176,0,0,9756672,172,0,0,0,0,0,0,9731712,148,0,0,3809280,192,0,0,0,0
22324,1fca1cd04992e0fcaa714d9dfa97323d81d7e3d43a024ec37d1c7a2767a17577,1,38,144,3,0,4,0,65535,0,184,0,0,0,64,0,0,0,128,34404,11,0,0,240,35,523,14,0,227840,141824,0,4331527,4096,0,140696437850112,4096,512,5,2,0,0,5,2,9768960,1024,0,3,33120,1048576,4096,1048576,4096,0,0,9768156,260,9760768,469,9731872,22176,0,0,9756672,172,0,0,0,0,0,0,9731712,148,0,0,3809280,1648,0,0,0,0
22325,623b69c1fd45686af03cd87f77d6e3e17b263e1cf70a25465ce826f81730f898,1,38,144,3,0,4,0,65535,0,184,0,0,0,64,0,0,0,128,34404,10,0,0,240,34,523,14,0,227840,141824,0,4331527,4096,0,140696682299392,4096,512,5,2,0,0,5,2,9764864,1024,0,3,33120,1048576,4096,1048576,4096,0,0,8347672,160,9760768,469,9731872,22176,0,0,9756672,172,0,0,0,0,0,0,9731712,148,0,0,3809280,192,0,0,0,0
22326,642d665440104714e29b78e2b19b97996a6693a24f06452865da011564c0cb85,1,38,144,3,0,4,0,65535,0,184,0,0,0,64,0,0,0,128,34404,10,0,0,240,34,523,14,0,227840,141824,0,4331527,4096,0,140699676901376,4096,512,5,2,0,0,5,2,9764864,1024,0,3,33120,1048576,4096,1048576,4096,0,0,8347672,160,9760768,469,9731872,22176,0,0,9756672,172,0,0,0,0,0,0,9731712,148,0,0,3809280,192,0,0,0,0
22327,6ecad2171819ca386ffe61ff9eb31e99471fa4f315762c7da658165d7e09a55d,1,38,144,3,0,4,0,65535,0,184,0,0,0,64,0,0,0,128,34404,11,0,0,240,35,523,14,0,227840,141824,0,4331527,4096,0,5365497856,4096,512,5,2,0,0,5,2,9768960,1024,0,3,33120,1048576,4096,1048576,4096,0,0,9768166,260,9760768,469,9731872,22176,0,0,9756672,172,0,0,0,0,0,0,9731712,148,0,0,3809280,1648,0,0,0,0
22328,7b992767dabd6ee1d8680bccfa49a51fb8144a61d3ab66243c39f59fe11a25c2,1,38,144,3,0,4,0,65535,0,184,0,0,0,64,0,0,0,128,34404,11,0,0,240,35,523,14,0,227840,141824,0,4331527,4096,0,5368119296,4096,512,5,2,0,0,5,2,9768960,1024,0,3,33120,1048576,4096,1048576,4096,0,0,9768166,260,9760768,469,9731872,22176,0,0,9756672,172,0,0,0,0,0,0,9731712,148,0,0,3809280,1648,0,0,0,0
22329,8c1a72991fb04dc3a8cf89605fb85150ef0e742472a0c58b8fa942a1f04877b0,1,38,144,3,0,4,0,65535,0,184,0,0,0,64,0,0,0,128,34404,10,0,0,240,34,523,14,0,227840,141824,0,4331527,4096,0,5368709120,4096,512,5,2,0,0,5,2,9764864,1024,0,3,33120,1048576,4096,1048576,4096,0,0,8347672,160,9760768,469,9731872,22176,0,0,9756672,172,0,0,0,0,0,0,9731712,148,0,0,3809280,192,0,0,0,0
22330,a077a55608ced7cea2bd92e2ce7e43bf51076304990ec7bb40c2b384ce2e5283,1,38,144,3,0,4,0,65535,0,184,0,0,0,64,0,0,0,128,34404,10,0,0,240,34,523,14,0,227840,141824,0,4331527,4096,0,5368709120,4096,512,5,2,0,0,5,2,9764864,1024,0,3,33120,1048576,4096,1048576,4096,0,0,8347672,160,9760768,469,9731872,22176,0,0,9756672,172,0,0,0,0,0,0,9731712,148,0,0,3809280,192,0,0,0,0
22331,ba1f9c68fccc42d231cc0de9142039853b3437501dc9ec6f111a3cac177dd1a9,1,38,144,3,0,4,0,65535,0,184,0,0,0,64,0,0,0,128,34404,11,0,0,240,35,523,14,0,227840,141824,0,4331527,4096,0,5368119296,4096,512,5,2,0,0,5,2,9768960,1024,0,3,33120,1048576,4096,1048576,4096,0,0,9768166,260,9760768,469,9731872,22176,0,0,9756672,172,0,0,0,0,0,0,9731712,148,0,0,3809280,1648,0,0,0,0
22332,cebc906d77b8dcd0ad184529becf9e7d1d44309328b819e220068ad64755703f,1,38,144,3,0,4,0,65535,0,184,0,0,0,64,0,0,0,128,34404,11,0,0,240,35,523,14,0,227840,141824,0,168556,4096,0,140695540727808,4096,512,5,2,0,0,5,2,9768960,1024,0,3,32800,1048576,4096,1048576,4096,0,0,9768156,260,9760768,469,9731872,22176,0,0,9756672,172,0,0,0,0,0,0,9731712,148,0,0,3809280,1648,0,0,0,0
22333,dd93d6cbe7bd8b4443ab37e5490ca8a63c2034637acf7f433d5fb0b69ffde341,1,38,144,3,0,4,0,65535,0,184,0,0,0,64,0,0,0,128,34404,10,0,0,240,34,523,14,0,227840,141824,0,4331527,4096,0,140699676901376,4096,512,5,2,0,0,5,2,9764864,1024,0,3,33120,1048576,4096,1048576,4096,0,0,8347672,160,9760768,469,9731872,22176,0,0,9756672,172,0,0,0,0,0,0,9731712,148,0,0,3809280,192,0,0,0,0
22334,e90dad1c66d2617f4cc8aad417ae9f7cfe8d0f78711bf1f55684426259ef2803,1,38,144,3,0,4,0,65535,0,184,0,0,0,64,0,0,0,128,34404,10,0,0,240,34,523,14,0,227840,141824,0,4331527,4096,0,140696682299392,4096,512,5,2,0,0,5,2,9764864,1024,0,3,33120,1048576,4096,1048576,4096,0,0,8347672,160,9760768,469,9731872,22176,0,0,9756672,172,0,0,0,0,0,0,9731712,148,0,0,3809280,192,0,0,0,0
22335,ff5757086c464d624f4a6674d65409fb6fa84ad5ac089583ebc994ba949458d7,1,38,144,3,0,4,0,65535,0,184,0,0,0,64,0,0,0,128,34404,11,0,0,240,35,523,14,0,227840,141824,0,4331527,4096,0,140699669823488,4096,512,5,2,0,0,5,2,9768960,1024,0,3,33120,1048576,4096,1048576,4096,0,0,9768156,260,9760768,469,9731872,22176,0,0,9756672,172,0,0,0,0,0,0,9731712,148,0,0,3809280,1648,0,0,0,0
22336,006ae41910887f0811a3ba2868ef9576bbd265216554850112319af878f06e55,1,39,144,3,0,4,0,65535,0,184,0,0,0,64,0,0,0,256,332,4,0,0,224,258,267,14,16,139776,45056,0,97955,4096,147456,4194304,4096,512,6,0,0,0,6,0,196608,1024,0,2,33088,1048576,4096,1048576,4096,0,0,174276,40,0,0,0,0,0,0,188416,5688,172496,56,0,0,0,0,172552,64,0,0,147456,260,0,0,0,0
22337,0b4f893402b51880d0df703c21195aa0f50cbdd3a5b223cc333cd24f0167c16d,1,39,144,3,0,4,0,65535,0,184,0,0,0,64,0,0,0,256,332,4,0,0,224,258,267,14,16,139776,45056,0,97923,4096,147456,4194304,4096,512,6,0,0,0,6,0,196608,1024,0,2,33088,1048576,4096,1048576,4096,0,0,174276,40,0,0,0,0,0,0,188416,5684,172496,56,0,0,0,0,172552,64,0,0,147456,260,0,0,0,0
22338,0bb0f63a3bd6cc79efc18648b28912bd873a8e14c4918ee3579421f728a62fae,1,39,144,3,0,4,0,65535,0,184,0,0,0,64,0,0,0,256,332,4,0,0,224,258,267,14,16,139776,45056,0,97923,4096,147456,4194304,4096,512,6,0,0,0,6,0,196608,1024,0,2,33088,1048576,4096,1048576,4096,0,0,174276,40,0,0,0,0,0,0,188416,5688,172496,56,0,0,0,0,172552,64,0,0,147456,260,0,0,0,0
22339,0ed328af77f2576071bfd543938fc01101daac01f216dc43bc091a8da4aff18d,1,39,144,3,0,4,0,65535,0,184,0,0,0,64,0,0,0,256,332,4,0,0,224,258,267,14,16,139776,45056,0,97923,4096,147456,4194304,4096,512,6,0,0,0,6,0,196608,1024,0,2,33088,1048576,4096,1048576,4096,0,0,174276,40,0,0,0,0,0,0,188416,5688,172496,56,0,0,0,0,172552,64,0,0,147456,260,0,0,0,0
22340,12d1a0dc37d877dbf81bd18e8bd57b2843cc254c9a3cfcbecb70305612e60cae,1,39,144,3,0,4,0,65535,0,184,0,0,0,64,0,0,0,256,332,4,0,0,224,258,267,14,16,609280,81408,0,556456,4096,614400,4194304,4096,512,6,0,0,0,6,0,700416,1024,0,2,33088,1048576,4096,1048576,4096,0,0,663300,40,0,0,0,0,0,0,679936,20000,660720,56,0,0,0,0,660776,64,0,0,614400,264,0,0,0,0
22341,157c43a3a4e014827e42cf4dd20cc8efa71cdf098f5d1d04b6cd1a972d6a8c7a,1,39,144,3,0,4,0,65535,0,184,0,0,0,64,0,0,0,256,332,4,0,0,224,258,267,14,31,441344,74240,0,389053,4096,446464,4194304,4096,512,6,0,0,0,6,0,528384,1024,0,2,33088,1048576,4096,1048576,4096,0,0,491908,40,0,0,0,0,0,0,507904,16820,489256,56,0,0,0,0,489064,64,0,0,446464,264,0,0,0,0
22342,176476f9d924d83343a51a90ade097d12b7594dc5dbca1771c440047dfbe81eb,1,39,144,3,0,4,0,65535,0,184,0,0,0,64,0,0,0,256,332,4,0,0,224,258,267,14,16,139776,45056,0,97923,4096,147456,4194304,4096,512,6,0,0,0,6,0,196608,1024,0,2,33088,1048576,4096,1048576,4096,0,0,174276,40,0,0,0,0,0,0,188416,5688,172496,56,0,0,0,0,172552,64,0,0,147456,260,0,0,0,0
22343,2ab190542c3ec7b2b6e6d4bccce4c5d6a572f98c6bc89b014fea0c8fd6db6723,1,39,144,3,0,4,0,65535,0,184,0,0,0,64,0,0,0,256,332,4,0,0,224,258,267,14,16,139776,45056,0,97923,4096,147456,4194304,4096,512,6,0,0,0,6,0,196608,1024,0,2,33088,1048576,4096,1048576,4096,0,0,174276,40,0,0,0,0,0,0,188416,5684,172496,56,0,0,0,0,172552,64,0,0,147456,260,0,0,0,0
22344,2e9126dfad03bdaf54f9b29ade42038c83f65ac7288376f45768901660f62d7b,1,39,144,3,0,4,0,65535,0,184,0,0,0,64,0,0,0,256,332,4,0,0,224,258,267,14,16,139776,45056,0,97955,4096,147456,4194304,4096,512,6,0,0,0,6,0,196608,1024,0,2,33088,1048576,4096,1048576,4096,0,0,174276,40,0,0,0,0,0,0,188416,5688,172496,56,0,0,0,0,172552,64,0,0,147456,260,0,0,0,0
22345,3e6317229d122073f57264d6f69ae3e145decad3666ddad8173c942e80588e69,1,39,144,3,0,4,0,65535,0,184,0,0,0,64,0,0,0,256,332,4,0,0,224,258,267,14,16,139776,45056,0,97923,4096,147456,4194304,4096,512,6,0,0,0,6,0,196608,1024,0,2,33088,1048576,4096,1048576,4096,0,0,174276,40,0,0,0,0,0,0,188416,5684,172496,56,0,0,0,0,172552,64,0,0,147456,260,0,0,0,0
22346,463e5c95af41e43a9d6ee85bf84421e64e3de6583c9e2c0bb3e695171a28e913,1,39,144,3,0,4,0,65535,0,184,0,0,0,64,0,0,0,240,332,4,0,0,224,258,267,14,16,412672,70656,0,359514,4096,417792,4194304,4096,512,6,0,0,0,6,0,491520,1024,0,2,33088,1048576,4096,1048576,4096,0,0,459748,40,0,0,0,0,0,0,475136,16240,457168,56,0,0,0,0,457224,64,0,0,417792,264,0,0,0,0
22347,47c7cee3d76106279c4c28ad1de3c833c1ba0a2ec56b0150586c7e8480ccae57,1,39,144,3,0,4,0,65535,0,184,0,0,0,64,0,0,0,256,332,4,0,0,224,258,267,14,31,441344,74752,0,389309,4096,446464,4194304,4096,512,6,0,0,0,6,0,528384,1024,0,2,33088,1048576,4096,1048576,4096,0,0,491908,40,0,0,0,0,0,0,507904,16816,489256,56,0,0,0,0,489064,64,0,0,446464,264,0,0,0,0
22348,5573cbe13c0dbfd3d0e467b9907f3a89c1c133c774ada906ea256e228ae885d5,1,39,144,3,0,4,0,65535,0,184,0,0,0,64,0,0,0,248,332,4,0,0,224,258,267,14,16,76800,38400,0,35104,4096,81920,4194304,4096,512,6,0,0,0,6,0,126976,1024,0,2,33088,1048576,4096,1048576,4096,0,0,103732,40,0,0,0,0,0,0,118784,4548,101952,56,0,0,0,0,102008,64,0,0,81920,260,0,0,0,0
22349,5e94626c6bcb825acede3826811ed693644d6dbb7caeeefb8575c2ec711a65a6,1,39,144,3,0,4,0,65535,0,184,0,0,0,64,0,0,0,256,332,4,0,0,224,258,267,14,31,441344,74752,0,389309,4096,446464,4194304,4096,512,6,0,0,0,6,0,528384,1024,0,2,33088,1048576,4096,1048576,4096,0,0,491908,40,0,0,0,0,0,0,507904,16816,489256,56,0,0,0,0,489064,64,0,0,446464,264,0,0,0,0
22350,5eca08ddca898427de5ab13fedf25426102c3a0621d086b63f2e37d2d04ba3e9,1,39,144,3,0,4,0,65535,0,184,0,0,0,64,0,0,0,256,332,4,0,0,224,258,267,14,16,609792,81408,0,556520,4096,614400,4194304,4096,512,6,0,0,0,6,0,700416,1024,0,2,33088,1048576,4096,1048576,4096,0,0,663300,40,0,0,0,0,0,0,679936,19996,660720,56,0,0,0,0,660776,64,0,0,614400,264,0,0,0,0
22351,608e2b023dc8f7e02ae2000fc7dbfc24e47807d1e4264cbd6bb5839c81f91934,1,39,144,3,0,4,0,65535,0,184,0,0,0,64,0,0,0,256,332,4,0,0,224,258,267,14,16,139776,45056,0,97923,4096,147456,4194304,4096,512,6,0,0,0,6,0,196608,1024,0,2,33088,1048576,4096,1048576,4096,0,0,174276,40,0,0,0,0,0,0,188416,5688,172496,56,0,0,0,0,172552,64,0,0,147456,260,0,0,0,0
22352,61c63be1e0ebf23a616e02f8929364f270b03190ab9132fa638b3dd20b6dc109,1,39,144,3,0,4,0,65535,0,184,0,0,0,64,0,0,0,240,332,4,0,0,224,258,267,14,16,412672,70656,0,359546,4096,417792,4194304,4096,512,6,0,0,0,6,0,491520,1024,0,2,33088,1048576,4096,1048576,4096,0,0,459748,40,0,0,0,0,0,0,475136,16236,457168,56,0,0,0,0,457224,64,0,0,417792,264,0,0,0,0
22353,73e19be4da76bb4e52cb82493c75690977fc3a5f589a9b47e834362545ef512a,1,39,144,3,0,4,0,65535,0,184,0,0,0,64,0,0,0,256,332,4,0,0,224,258,267,14,16,139776,45056,0,97923,4096,147456,4194304,4096,512,6,0,0,0,6,0,196608,1024,0,2,33088,1048576,4096,1048576,4096,0,0,174276,40,0,0,0,0,0,0,188416,5688,172496,56,0,0,0,0,172552,64,0,0,147456,260,0,0,0,0
22354,757524b09e5d4f2399172c4ac0f6996ec34dec90110542973d438d5370aff280,1,39,144,3,0,4,0,65535,0,184,0,0,0,64,0,0,0,256,332,4,0,0,224,258,267,14,31,441344,74752,0,389309,4096,446464,4194304,4096,512,6,0,0,0,6,0,528384,1024,0,2,33088,1048576,4096,1048576,4096,0,0,491908,40,0,0,0,0,0,0,507904,16816,489256,56,0,0,0,0,489064,64,0,0,446464,264,0,0,0,0
22355,7d14b98cdc1b898bd0d9be80398fc59ab560e8c44e0a9dedac8ad4ece3d450b0,1,39,144,3,0,4,0,65535,0,184,0,0,0,64,0,0,0,240,332,4,0,0,224,258,267,14,16,94208,38912,0,48411,4096,98304,4194304,4096,512,6,0,0,0,6,0,143360,1024,0,2,33088,1048576,4096,1048576,4096,0,0,120140,40,0,0,0,0,0,0,135168,4624,118272,56,0,0,0,0,118328,64,0,0,98304,260,0,0,0,0
22356,8962de34e5d63228d5ab037c87262e5b13bb9c17e73e5db7d6be4212d66f1c22,1,39,144,3,0,4,0,65535,0,184,0,0,0,64,0,0,0,256,332,4,0,0,224,258,267,14,16,139776,45056,0,97923,4096,147456,4194304,4096,512,6,0,0,0,6,0,196608,1024,0,2,33088,1048576,4096,1048576,4096,0,0,174276,40,0,0,0,0,0,0,188416,5684,172496,56,0,0,0,0,172552,64,0,0,147456,260,0,0,0,0
22357,92f3abed62d710064a19f2a50c4482cd02adfd821ace4c2f3030f96290166189,1,39,144,3,0,4,0,65535,0,184,0,0,0,64,0,0,0,256,332,4,0,0,224,258,267,14,31,441344,74752,0,389309,4096,446464,4194304,4096,512,6,0,0,0,6,0,528384,1024,0,2,33088,1048576,4096,1048576,4096,0,0,491908,40,0,0,0,0,0,0,507904,16816,489256,56,0,0,0,0,489064,64,0,0,446464,264,0,0,0,0
22358,952fec5f9e7137951700d7e4239728f903e360b3fdb0332deb9448bdc31c2f3f,1,39,144,3,0,4,0,65535,0,184,0,0,0,64,0,0,0,256,332,4,0,0,224,258,267,14,16,609792,81408,0,556520,4096,614400,4194304,4096,512,6,0,0,0,6,0,700416,1024,0,2,33088,1048576,4096,1048576,4096,0,0,663300,40,0,0,0,0,0,0,679936,19996,660720,56,0,0,0,0,660776,64,0,0,614400,264,0,0,0,0
22359,957a6aee2437a5c4d31372af2f6bceb29e1c7a49d650fe207cefc624bf6bca82,1,39,144,3,0,4,0,65535,0,184,0,0,0,64,0,0,0,256,332,4,0,0,224,258,267,14,16,139776,45056,0,97923,4096,147456,4194304,4096,512,6,0,0,0,6,0,196608,1024,0,2,33088,1048576,4096,1048576,4096,0,0,174276,40,0,0,0,0,0,0,188416,5688,172496,56,0,0,0,0,172552,64,0,0,147456,260,0,0,0,0
22360,96835abb2917ee87359a8669c4f28b9e8b1ee402e45153e98474a7b2135ca2cd,1,39,144,3,0,4,0,65535,0,184,0,0,0,64,0,0,0,256,332,4,0,0,224,258,267,14,16,184320,47104,0,135178,4096,188416,4194304,4096,512,6,0,0,0,6,0,241664,1024,0,2,33088,1048576,4096,1048576,4096,0,0,216940,40,0,0,0,0,0,0,233472,6352,214400,56,0,0,0,0,214456,64,0,0,188416,264,0,0,0,0
22361,97c1b1ff5aee63fd1c042384e9b88e869fc33105c60d65819bcf98a610508c8d,1,39,144,3,0,4,0,65535,0,184,0,0,0,64,0,0,0,240,332,4,0,0,224,258,267,14,16,412672,70656,0,359514,4096,417792,4194304,4096,512,6,0,0,0,6,0,491520,1024,0,2,33088,1048576,4096,1048576,4096,0,0,459748,40,0,0,0,0,0,0,475136,16240,457168,56,0,0,0,0,457224,64,0,0,417792,264,0,0,0,0
22362,9e69416cac3cb428cfb1894fbf7990692978edbf57737ad4c812d53c49687898,1,39,144,3,0,4,0,65535,0,184,0,0,0,64,0,0,0,256,332,4,0,0,224,258,267,14,16,609792,81408,0,556520,4096,614400,4194304,4096,512,6,0,0,0,6,0,700416,1024,0,2,33088,1048576,4096,1048576,4096,0,0,663300,40,0,0,0,0,0,0,679936,20008,660720,56,0,0,0,0,660776,64,0,0,614400,264,0,0,0,0
22363,ac2077199eff791b44274b3f0634e5c23ff219e4097136d59baaf6fba337989f,1,39,144,3,0,4,0,65535,0,184,0,0,0,64,0,0,0,256,332,4,0,0,224,258,267,14,16,609792,81408,0,556520,4096,614400,4194304,4096,512,6,0,0,0,6,0,700416,1024,0,2,33088,1048576,4096,1048576,4096,0,0,663300,40,0,0,0,0,0,0,679936,19996,660720,56,0,0,0,0,660776,64,0,0,614400,264,0,0,0,0
22364,bb51255ec929ae1fb34981b8b988769027ee49e68c0958a4a2a76b59a0dc1cff,1,39,144,3,0,4,0,65535,0,184,0,0,0,64,0,0,0,256,332,4,0,0,224,258,267,14,16,139776,45056,0,97955,4096,147456,4194304,4096,512,6,0,0,0,6,0,196608,1024,0,2,33088,1048576,4096,1048576,4096,0,0,174276,40,0,0,0,0,0,0,188416,5688,172496,56,0,0,0,0,172552,64,0,0,147456,260,0,0,0,0
22365,bbd84d10f6a56bfeca23fd5d11d9e370fdfa91be73aa60c9d460b2671145c109,1,39,144,3,0,4,0,65535,0,184,0,0,0,64,0,0,0,256,332,4,0,0,224,258,267,14,16,184320,47104,0,135178,4096,188416,4194304,4096,512,6,0,0,0,6,0,241664,1024,0,2,33088,1048576,4096,1048576,4096,0,0,216940,40,0,0,0,0,0,0,233472,6352,214400,56,0,0,0,0,214456,64,0,0,188416,264,0,0,0,0
22366,c0eab1dbd64ffbe9c2f77f0e71e30cfff8467aa7e9ce2ed74e7a8dcdd861e3a6,1,39,144,3,0,4,0,65535,0,184,0,0,0,64,0,0,0,256,332,4,0,0,224,258,267,14,16,184832,47104,0,135738,4096,192512,4194304,4096,512,6,0,0,0,6,0,245760,1024,0,2,33088,1048576,4096,1048576,4096,0,0,221036,40,0,0,0,0,0,0,237568,6364,218496,56,0,0,0,0,218552,64,0,0,192512,264,0,0,0,0
22367,c3e9740759f6cdd8eab97bc23430e1f042862ab41eacec0bb763693e5745549c,1,39,144,3,0,4,0,65535,0,184,0,0,0,64,0,0,0,256,332,4,0,0,224,258,267,14,16,609792,81408,0,556504,4096,614400,4194304,4096,512,6,0,0,0,6,0,700416,1024,0,2,33088,1048576,4096,1048576,4096,0,0,663300,40,0,0,0,0,0,0,679936,19996,660720,56,0,0,0,0,660776,64,0,0,614400,264,0,0,0,0
22368,c441e4d38af87a46dae4ea4823456e42145238d300b51d83a7060cee0b57de28,1,39,144,3,0,4,0,65535,0,184,0,0,0,64,0,0,0,256,332,4,0,0,224,258,267,14,16,609280,81408,0,556456,4096,614400,4194304,4096,512,6,0,0,0,6,0,700416,1024,0,2,33088,1048576,4096,1048576,4096,0,0,663300,40,0,0,0,0,0,0,679936,20000,660720,56,0,0,0,0,660776,64,0,0,614400,264,0,0,0,0
22369,cd16f6b2faaf801a0de5d5afc68ed50a5bde9b4905bb00fe5f408b265ec081e5,1,39,144,3,0,4,0,65535,0,184,0,0,0,64,0,0,0,256,332,4,0,0,224,258,267,14,16,139776,45056,0,97955,4096,147456,4194304,4096,512,6,0,0,0,6,0,196608,1024,0,2,33088,1048576,4096,1048576,4096,0,0,174276,40,0,0,0,0,0,0,188416,5688,172496,56,0,0,0,0,172552,64,0,0,147456,260,0,0,0,0
22370,d9d64a1e9e7d6911f256f2d449cc8ab58301396374265215e5c121bf036ba58d,1,39,144,3,0,4,0,65535,0,184,0,0,0,64,0,0,0,240,332,4,0,0,224,258,267,14,16,412672,70656,0,359514,4096,417792,4194304,4096,512,6,0,0,0,6,0,491520,1024,0,2,33088,1048576,4096,1048576,4096,0,0,459748,40,0,0,0,0,0,0,475136,16240,457168,56,0,0,0,0,457224,64,0,0,417792,264,0,0,0,0
22371,dcaf62ee4637397b2aaa73dbe41cfb514c71565f1d4770944c9b678cd2545087,1,39,144,3,0,4,0,65535,0,184,0,0,0,64,0,0,0,240,332,4,0,0,224,258,267,14,16,76800,38400,0,34960,4096,81920,4194304,4096,512,6,0,0,0,6,0,126976,1024,0,2,33088,1048576,4096,1048576,4096,0,0,103780,40,0,0,0,0,0,0,118784,4540,101952,56,0,0,0,0,102008,64,0,0,81920,260,0,0,0,0
22372,dd101db5d9503f33a0c23d79da3642e999375748f7c1532e98c813b114bdfa1a,1,39,144,3,0,4,0,65535,0,184,0,0,0,64,0,0,0,240,332,4,0,0,224,258,267,14,16,76800,38400,0,34992,4096,81920,4194304,4096,512,6,0,0,0,6,0,126976,1024,0,2,33088,1048576,4096,1048576,4096,0,0,103780,40,0,0,0,0,0,0,118784,4540,101952,56,0,0,0,0,102008,64,0,0,81920,260,0,0,0,0
22373,e4f32fe39ce7f9f293ccbfde30adfdc36caf7cfb6ccc396870527f45534b840b,1,39,144,3,0,4,0,65535,0,184,0,0,0,64,0,0,0,248,332,4,0,0,224,258,267,14,16,76800,38400,0,35088,4096,81920,4194304,4096,512,6,0,0,0,6,0,126976,1024,0,2,33088,1048576,4096,1048576,4096,0,0,103732,40,0,0,0,0,0,0,118784,4540,101952,56,0,0,0,0,102008,64,0,0,81920,260,0,0,0,0
22374,e641b622b1f180fe189e3f39b3466b16ca5040b5a1869e5d30c92cca5727d3f0,1,39,144,3,0,4,0,65535,0,184,0,0,0,64,0,0,0,256,332,4,0,0,224,258,267,14,16,139776,45056,0,97955,4096,147456,4194304,4096,512,6,0,0,0,6,0,196608,1024,0,2,33088,1048576,4096,1048576,4096,0,0,174276,40,0,0,0,0,0,0,188416,5688,172496,56,0,0,0,0,172552,64,0,0,147456,260,0,0,0,0
22375,f054f373cead893f868fd9b4acc24f751afefbb80cf961e305f97741f952a641,1,39,144,3,0,4,0,65535,0,184,0,0,0,64,0,0,0,256,332,4,0,0,224,258,267,14,16,139776,45056,0,97923,4096,147456,4194304,4096,512,6,0,0,0,6,0,196608,1024,0,2,33088,1048576,4096,1048576,4096,0,0,174276,40,0,0,0,0,0,0,188416,5688,172496,56,0,0,0,0,172552,64,0,0,147456,260,0,0,0,0
22376,f284064ee25c56c68dd76370470567818ffcbf4ae134c7beca1c3ba773c21619,1,39,144,3,0,4,0,65535,0,184,0,0,0,64,0,0,0,240,332,4,0,0,224,258,267,14,16,412672,70656,0,359514,4096,417792,4194304,4096,512,6,0,0,0,6,0,491520,1024,0,2,33088,1048576,4096,1048576,4096,0,0,459748,40,0,0,0,0,0,0,475136,16240,457168,56,0,0,0,0,457224,64,0,0,417792,264,0,0,0,0
22377,f39d6741cbb99a81decbe5e75c07e846b5a36b40bc1bb0c0c61415300cc43b6c,1,39,144,3,0,4,0,65535,0,184,0,0,0,64,0,0,0,256,332,4,0,0,224,258,267,14,31,441344,74752,0,389309,4096,446464,4194304,4096,512,6,0,0,0,6,0,528384,1024,0,2,33088,1048576,4096,1048576,4096,0,0,491908,40,0,0,0,0,0,0,507904,16816,489256,56,0,0,0,0,489064,64,0,0,446464,264,0,0,0,0
22378,f6072ff57c1cfe74b88f521d70c524bcbbb60c561705e9febe033f51131be408,1,39,144,3,0,4,0,65535,0,184,0,0,0,64,0,0,0,240,332,4,0,0,224,258,267,14,16,76800,38400,0,35088,4096,81920,4194304,4096,512,6,0,0,0,6,0,126976,1024,0,2,33088,1048576,4096,1048576,4096,0,0,103732,40,0,0,0,0,0,0,118784,4540,101952,56,0,0,0,0,102008,64,0,0,81920,260,0,0,0,0
22379,0789a9c0a0d4f3422cb4e9b8e64f1ba92f7b88e2edfd14b7b9a7f5eee5135a4f,1,40,144,3,0,4,0,65535,0,184,0,0,0,64,0,0,0,256,34404,8,0,0,240,34,523,14,28,30720,47104,0,18768,4096,0,5368709120,4096,512,6,0,0,0,6,0,98304,1024,0,2,32864,1048576,4096,1048576,4096,0,0,39288,260,0,0,49152,1368,0,0,94208,348,0,0,0,0,0,0,0,0,0,0,36864,1104,0,0,0,0
22380,0f3bb820adf6d3bba54988ef40d8188ae48b34b757277e86728bdb8441d01ea2,1,40,144,3,0,4,0,65535,0,184,0,0,0,64,0,0,0,256,34404,8,0,0,240,34,523,14,28,30720,47104,0,18768,4096,0,5368709120,4096,512,6,0,0,0,6,0,98304,1024,0,2,32864,1048576,4096,1048576,4096,0,0,39288,260,0,0,49152,1368,0,0,94208,348,0,0,0,0,0,0,0,0,0,0,36864,1104,0,0,0,0
22381,2fd8356abd42b19799aca857990a5f49631b02bd3253f80d96b5d27dcfd2f7c9,1,40,144,3,0,4,0,65535,0,184,0,0,0,64,0,0,0,248,34404,7,0,0,240,34,523,14,28,32768,44544,0,30368,4096,0,5368709120,4096,512,6,0,0,0,6,0,98304,1024,0,2,32864,1048576,4096,1048576,4096,0,0,43408,260,0,0,53248,1404,0,0,0,0,0,0,0,0,0,0,0,0,0,0,40960,1112,0,0,0,0
22382,511c1021fad76670d6d407139e5fef62b34ca9656fb735bd7d406728568fa280,1,40,144,3,0,4,0,65535,0,184,0,0,0,64,0,0,0,264,332,7,0,0,224,258,267,14,28,22016,43520,0,23753,4096,28672,4194304,4096,512,5,1,0,0,5,1,81920,1024,0,2,32832,1048576,4096,1048576,4096,0,0,29252,260,0,0,0,0,0,0,77824,2140,0,0,0,0,0,0,0,0,0,0,28672,548,0,0,0,0
22383,834c1dc19baf8b9edf78f17ffd5b46eea29eb05aaa348304baa218811eac7bfe,1,40,144,3,0,4,0,65535,0,184,0,0,0,64,0,0,0,248,34404,7,0,0,240,34,523,14,28,32768,44544,0,30368,4096,0,5368709120,4096,512,6,0,0,0,6,0,98304,1024,0,2,32864,1048576,4096,1048576,4096,0,0,43408,260,0,0,53248,1404,0,0,0,0,0,0,0,0,0,0,0,0,0,0,40960,1112,0,0,0,0
22384,b63e94928da25e18caa1506305b9ca3dedc267e747dfa4710860e757d2cc8192,1,40,144,3,0,4,0,65535,0,184,0,0,0,64,0,0,0,248,34404,7,0,0,240,34,523,14,28,32768,44544,0,30368,4096,0,5368709120,4096,512,6,0,0,0,6,0,98304,1024,0,2,32864,1048576,4096,1048576,4096,0,0,43408,260,0,0,53248,1404,0,0,0,0,0,0,0,0,0,0,0,0,0,0,40960,1112,0,0,0,0
